customer_id,customer_name,email,country,signup_date,customer_segment,lifetime_value
1,Synthetic Customer 00001,customer00001@example.invalid,Singapore,2021-09-11,Basic,13023.68
2,Synthetic Customer 00002,customer00002@example.invalid,Canada,2024-07-23,Premium,10643.67
3,Synthetic Customer 00003,customer00003@example.invalid,UK,2024-04-05,Premium,8517.78
4,Synthetic Customer 00004,customer00004@example.invalid,Singapore,2022-11-27,Premium,5121.61
5,Synthetic Customer 00005,customer00005@example.invalid,Canada,2020-05-13,Basic,4629.28
6,Synthetic Customer 00006,customer00006@example.invalid,Australia,2020-07-06,Standard,18125.26
7,Synthetic Customer 00007,customer00007@example.invalid,Canada,2024-10-01,Basic,13529.19
8,Synthetic Customer 00008,customer00008@example.invalid,Singapore,2024-09-09,Premium,19085.53
9,Synthetic Customer 00009,customer00009@example.invalid,Germany,2024-11-12,Standard,3469.63
10,Synthetic Customer 00010,customer00010@example.invalid,Australia,2023-09-20,Premium,9146.56
11,Synthetic Customer 00011,customer00011@example.invalid,USA,2021-06-07,Standard,15595.22
12,Synthetic Customer 00012,customer00012@example.invalid,Australia,2025-03-06,Standard,4862.42
13,Synthetic Customer 00013,customer00013@example.invalid,UK,2025-08-13,Premium,10188.45
14,Synthetic Customer 00014,customer00014@example.invalid,India,2022-03-06,Standard,8203.78
15,Synthetic Customer 00015,customer00015@example.invalid,India,2024-08-23,Premium,15393.63
16,Synthetic Customer 00016,customer00016@example.invalid,Canada,2020-01-13,Standard,4931.14
17,Synthetic Customer 00017,customer00017@example.invalid,UK,2022-11-29,Basic,16386.13
18,Synthetic Customer 00018,customer00018@example.invalid,India,2023-06-21,Basic,3992.79
19,Synthetic Customer 00019,customer00019@example.invalid,UK,2025-04-01,Basic,4659.50
20,Synthetic Customer 00020,customer00020@example.invalid,India,2021-01-26,Standard,18322.64
21,Synthetic Customer 00021,customer00021@example.invalid,Singapore,2025-07-03,Basic,9743.68
22,Synthetic Customer 00022,customer00022@example.invalid,Singapore,2022-03-22,Standard,13791.12
23,Synthetic Customer 00023,customer00023@example.invalid,Australia,2024-12-01,Basic,9939.30
24,Synthetic Customer 00024,customer00024@example.invalid,Germany,2025-08-30,Basic,800.56
25,Synthetic Customer 00025,customer00025@example.invalid,USA,2020-06-29,Premium,14278.50
26,Synthetic Customer 00026,customer00026@example.invalid,Germany,2022-01-29,Premium,18332.71
27,Synthetic Customer 00027,customer00027@example.invalid,Canada,2024-03-28,Premium,3137.21
28,Synthetic Customer 00028,customer00028@example.invalid,UK,2023-01-03,Basic,10602.93
29,Synthetic Customer 00029,customer00029@example.invalid,India,2022-08-12,Standard,15582.34
30,Synthetic Customer 00030,customer00030@example.invalid,Singapore,2024-08-24,Basic,17155.96
31,Synthetic Customer 00031,customer00031@example.invalid,Singapore,2023-07-10,Premium,11500.29
32,Synthetic Customer 00032,customer00032@example.invalid,Australia,2023-10-30,Premium,938.73
33,Synthetic Customer 00033,customer00033@example.invalid,India,2025-07-29,Basic,4896.95
34,Synthetic Customer 00034,customer00034@example.invalid,USA,2021-03-24,Basic,14135.23
35,Synthetic Customer 00035,customer00035@example.invalid,India,2020-10-27,Basic,9659.80
36,Synthetic Customer 00036,customer00036@example.invalid,UK,2025-12-09,Premium,6669.85
37,Synthetic Customer 00037,customer00037@example.invalid,Germany,2022-11-08,Premium,19415.47
38,Synthetic Customer 00038,customer00038@example.invalid,Canada,2025-07-29,Standard,4344.85
39,Synthetic Customer 00039,customer00039@example.invalid,Singapore,2022-07-30,Standard,4593.33
40,Synthetic Customer 00040,customer00040@example.invalid,Germany,2021-04-08,Standard,14863.89
41,Synthetic Customer 00041,customer00041@example.invalid,UK,2022-06-26,Basic,18865.54
42,Synthetic Customer 00042,customer00042@example.invalid,Australia,2023-07-20,Basic,15465.42
43,Synthetic Customer 00043,customer00043@example.invalid,Singapore,2020-03-25,Standard,17991.98
44,Synthetic Customer 00044,customer00044@example.invalid,Canada,2020-07-04,Standard,12634.01
45,Synthetic Customer 00045,customer00045@example.invalid,UK,2024-09-10,Standard,16094.83
46,Synthetic Customer 00046,customer00046@example.invalid,USA,2020-11-03,Premium,10914.59
47,Synthetic Customer 00047,customer00047@example.invalid,Canada,2020-03-04,Premium,14947.51
48,Synthetic Customer 00048,customer00048@example.invalid,Australia,2023-12-13,Premium,18358.69
49,Synthetic Customer 00049,customer00049@example.invalid,UK,2020-02-18,Premium,13793.82
50,Synthetic Customer 00050,customer00050@example.invalid,Singapore,2023-10-31,Premium,10643.24
51,Synthetic Customer 00051,customer00051@example.invalid,India,2020-06-23,Standard,13087.55
52,Synthetic Customer 00052,customer00052@example.invalid,Canada,2023-04-15,Standard,17599.40
53,Synthetic Customer 00053,customer00053@example.invalid,Canada,2021-07-29,Standard,16650.29
54,Synthetic Customer 00054,customer00054@example.invalid,UK,2022-09-17,Standard,3944.48
55,Synthetic Customer 00055,customer00055@example.invalid,USA,2021-08-04,Basic,11235.83
56,Synthetic Customer 00056,customer00056@example.invalid,India,2025-07-19,Premium,15844.73
57,Synthetic Customer 00057,customer00057@example.invalid,Singapore,2023-03-13,Basic,13052.53
58,Synthetic Customer 00058,customer00058@example.invalid,USA,2025-01-07,Standard,1745.09
59,Synthetic Customer 00059,customer00059@example.invalid,UK,2020-12-28,Basic,17149.42
60,Synthetic Customer 00060,customer00060@example.invalid,India,2021-03-15,Standard,17209.60
61,Synthetic Customer 00061,customer00061@example.invalid,Australia,2022-03-10,Basic,14078.43
62,Synthetic Customer 00062,customer00062@example.invalid,USA,2020-03-26,Standard,13432.86
63,Synthetic Customer 00063,customer00063@example.invalid,Germany,2021-12-17,Basic,16741.24
64,Synthetic Customer 00064,customer00064@example.invalid,Singapore,2021-11-15,Basic,2024.62
65,Synthetic Customer 00065,customer00065@example.invalid,Canada,2023-04-13,Standard,9958.91
66,Synthetic Customer 00066,customer00066@example.invalid,USA,2021-10-09,Basic,14310.06
67,Synthetic Customer 00067,customer00067@example.invalid,Singapore,2023-06-25,Basic,2013.23
68,Synthetic Customer 00068,customer00068@example.invalid,USA,2024-07-09,Premium,8954.76
69,Synthetic Customer 00069,customer00069@example.invalid,Germany,2021-01-30,Basic,3790.32
70,Synthetic Customer 00070,customer00070@example.invalid,Canada,2025-10-29,Premium,11894.48
71,Synthetic Customer 00071,customer00071@example.invalid,Australia,2020-10-22,Basic,18217.37
72,Synthetic Customer 00072,customer00072@example.invalid,UK,2022-11-09,Premium,4332.29
73,Synthetic Customer 00073,customer00073@example.invalid,USA,2020-02-26,Standard,12046.06
74,Synthetic Customer 00074,customer00074@example.invalid,UK,2021-03-07,Premium,4993.89
75,Synthetic Customer 00075,customer00075@example.invalid,USA,2024-12-07,Premium,14183.11
76,Synthetic Customer 00076,customer00076@example.invalid,Canada,2023-05-11,Basic,10564.39
77,Synthetic Customer 00077,customer00077@example.invalid,Australia,2023-06-30,Standard,17822.43
78,Synthetic Customer 00078,customer00078@example.invalid,Singapore,2022-12-07,Basic,6786.07
79,Synthetic Customer 00079,customer00079@example.invalid,UK,2020-06-16,Standard,245.39
80,Synthetic Customer 00080,customer00080@example.invalid,India,2021-10-07,Basic,15758.60
81,Synthetic Customer 00081,customer00081@example.invalid,Germany,2024-10-28,Premium,18011.56
82,Synthetic Customer 00082,customer00082@example.invalid,Canada,2022-03-27,Basic,17192.00
83,Synthetic Customer 00083,customer00083@example.invalid,Australia,2023-05-18,Premium,15577.70
84,Synthetic Customer 00084,customer00084@example.invalid,Germany,invalid-date,Premium,6316.16
85,Synthetic Customer 00085,customer00085@example.invalid,UK,2021-09-08,Premium,1042.27
86,Synthetic Customer 00086,customer00086@example.invalid,Canada,2021-12-19,Standard,16663.41
87,Synthetic Customer 00087,customer00087@example.invalid,UK,2023-10-30,Basic,15244.24
88,Synthetic Customer 00088,customer00088@example.invalid,Singapore,2021-03-28,Premium,13897.10
89,Synthetic Customer 00089,customer00089@example.invalid,UK,2025-08-16,Premium,11549.84
90,Synthetic Customer 00090,customer00090@example.invalid,Singapore,2024-03-23,Basic,9917.20
91,Synthetic Customer 00091,customer00091@example.invalid,India,2022-02-05,Basic,17294.35
92,Synthetic Customer 00092,customer00092@example.invalid,UK,2022-10-07,Standard,16891.42
93,Synthetic Customer 00093,customer00093@example.invalid,USA,2021-04-05,Premium,13652.95
94,Synthetic Customer 00094,customer00094@example.invalid,UK,2025-04-08,Standard,4166.64
95,Synthetic Customer 00095,customer00095@example.invalid,Australia,2022-12-21,Basic,19245.70
96,Synthetic Customer 00096,customer00096@example.invalid,Australia,2024-08-09,Premium,12182.09
97,Synthetic Customer 00097,customer00097@example.invalid,USA,2021-09-05,Basic,17060.69
98,Synthetic Customer 00098,customer00098@example.invalid,USA,2024-09-17,Premium,7424.17
99,Synthetic Customer 00099,customer00099@example.invalid,Singapore,2021-12-27,Standard,17030.47
100,Synthetic Customer 00100,customer00100@example.invalid,Canada,2022-12-25,Standard,16751.38
101,Synthetic Customer 00101,customer00101@example.invalid,USA,2024-12-12,Premium,3933.65
102,Synthetic Customer 00102,customer00102@example.invalid,USA,2023-08-07,Basic,4594.67
103,Synthetic Customer 00103,customer00103@example.invalid,UK,2025-10-10,Standard,19290.09
104,Synthetic Customer 00104,customer00104@example.invalid,USA,2020-09-01,Standard,10058.59
105,Synthetic Customer 00105,customer00105@example.invalid,India,2023-05-17,Premium,8731.76
106,Synthetic Customer 00106,customer00106@example.invalid,Australia,2024-10-09,Standard,8872.72
107,Synthetic Customer 00107,customer00107@example.invalid,Australia,2021-09-06,Standard,15883.27
108,Synthetic Customer 00108,customer00108@example.invalid,India,2022-11-01,Premium,19831.83
109,Synthetic Customer 00109,customer00109@example.invalid,India,2022-10-31,Premium,12251.87
110,Synthetic Customer 00110,customer00110@example.invalid,Germany,2023-02-14,Basic,182.39
111,Synthetic Customer 00111,customer00111@example.invalid,India,2021-07-13,Standard,12698.03
112,Synthetic Customer 00112,customer00112@example.invalid,Australia,2020-05-20,Standard,12051.63
113,Synthetic Customer 00113,customer00113@example.invalid,Germany,2020-05-30,Basic,18129.73
114,Synthetic Customer 00114,customer00114@example.invalid,USA,2023-07-07,Basic,8233.69
115,Synthetic Customer 00115,customer00115@example.invalid,India,2023-02-11,Basic,16073.19
116,Synthetic Customer 00116,customer00116@example.invalid,Canada,2024-12-18,Basic,19653.86
117,Synthetic Customer 00117,customer00117@example.invalid,Singapore,2021-08-17,Standard,4049.84
118,Synthetic Customer 00118,customer00118@example.invalid,Australia,2022-08-19,Basic,320.31
119,Synthetic Customer 00119,customer00119@example.invalid,Australia,2021-02-09,Basic,15102.64
120,Synthetic Customer 00120,customer00120@example.invalid,USA,2023-08-06,Basic,8119.28
121,Synthetic Customer 00121,customer00121@example.invalid,USA,2023-10-25,Basic,14414.71
122,Synthetic Customer 00122,customer00122@example.invalid,Germany,2024-07-16,Premium,11843.82
123,Synthetic Customer 00123,customer00123@example.invalid,Singapore,2021-07-27,Standard,6679.13
124,Synthetic Customer 00124,customer00124@example.invalid,USA,2025-08-15,Standard,19774.45
125,Synthetic Customer 00125,customer00125@example.invalid,Germany,2023-06-23,Premium,17273.87
126,Synthetic Customer 00126,customer00126@example.invalid,Australia,2024-04-21,Standard,10383.70
127,Synthetic Customer 00127,customer00127@example.invalid,Singapore,2024-02-02,Standard,13172.90
128,Synthetic Customer 00128,customer00128@example.invalid,Australia,2021-07-24,Premium,2515.85
129,Synthetic Customer 00129,customer00129@example.invalid,Germany,2025-12-09,Basic,8079.34
130,Synthetic Customer 00130,customer00130@example.invalid,Germany,2025-06-03,Premium,1384.52
131,Synthetic Customer 00131,customer00131@example.invalid,Canada,2024-01-07,Standard,9393.68
132,Synthetic Customer 00132,customer00132@example.invalid,India,2024-01-31,Standard,564.42
133,Synthetic Customer 00133,customer00133@example.invalid,UK,2024-07-13,Standard,19984.74
134,Synthetic Customer 00134,customer00134@example.invalid,USA,2024-08-05,Premium,1364.07
135,Synthetic Customer 00135,customer00135@example.invalid,Singapore,2024-12-16,Standard,387.04
136,Synthetic Customer 00136,customer00136@example.invalid,India,2023-09-15,Basic,11228.83
137,Synthetic Customer 00137,customer00137@example.invalid,USA,2022-09-27,Premium,663.98
138,Synthetic Customer 00138,customer00138@example.invalid,Canada,2021-11-26,Basic,9669.59
139,Synthetic Customer 00139,customer00139@example.invalid,UK,2021-11-29,Basic,18720.57
140,Synthetic Customer 00140,customer00140@example.invalid,UK,2023-05-24,Basic,12000.51
141,Synthetic Customer 00141,customer00141@example.invalid,Australia,2020-06-04,Basic,4616.70
142,Synthetic Customer 00142,customer00142@example.invalid,Germany,2021-10-05,Premium,777.01
143,Synthetic Customer 00143,customer00143@example.invalid,Singapore,2025-08-05,Premium,6477.25
144,Synthetic Customer 00144,customer00144@example.invalid,UK,2021-05-19,Standard,15400.72
145,Synthetic Customer 00145,customer00145@example.invalid,Canada,2025-05-23,Basic,16215.14
146,Synthetic Customer 00146,customer00146@example.invalid,Canada,2022-07-09,Standard,13162.40
147,Synthetic Customer 00147,customer00147@example.invalid,Germany,2020-06-30,Standard,2397.11
148,Synthetic Customer 00148,customer00148@example.invalid,USA,2024-11-21,Basic,1047.40
149,Synthetic Customer 00149,customer00149@example.invalid,India,2020-05-26,Basic,172.13
150,Synthetic Customer 00150,customer00150@example.invalid,UK,2025-05-19,Premium,17933.22
151,Synthetic Customer 00151,customer00151@example.invalid,UK,2022-01-10,Premium,334.23
152,Synthetic Customer 00152,customer00152@example.invalid,Singapore,2021-06-27,Premium,14599.49
153,Synthetic Customer 00153,customer00153@example.invalid,Singapore,2024-06-01,Standard,19240.81
154,Synthetic Customer 00154,customer00154@example.invalid,Australia,2021-11-03,Basic,54.74
155,Synthetic Customer 00155,customer00155@example.invalid,Australia,2023-08-29,Standard,3459.09
156,Synthetic Customer 00156,customer00156@example.invalid,USA,2022-04-11,Standard,8798.44
157,Synthetic Customer 00157,customer00157@example.invalid,Germany,2024-07-07,Standard,7168.49
158,Synthetic Customer 00158,customer00158@example.invalid,UK,2024-04-29,Premium,14659.46
159,Synthetic Customer 00159,customer00159@example.invalid,Germany,2023-09-23,Standard,3644.69
160,Synthetic Customer 00160,customer00160@example.invalid,Canada,2022-04-22,Premium,12073.80
161,Synthetic Customer 00161,customer00161@example.invalid,Singapore,2020-05-31,Standard,15230.65
162,Synthetic Customer 00162,customer00162@example.invalid,Germany,2022-08-31,Premium,6746.17
163,Synthetic Customer 00163,customer00163@example.invalid,USA,2021-05-06,Standard,1652.65
164,Synthetic Customer 00164,customer00164@example.invalid,Canada,2023-09-10,Standard,6353.46
165,Synthetic Customer 00165,customer00165@example.invalid,USA,2022-03-27,Premium,11112.29
166,Synthetic Customer 00166,,Germany,2025-01-12,Premium,1236.53
167,Synthetic Customer 00167,customer00167@example.invalid,Australia,2022-02-17,Standard,3338.94
168,Synthetic Customer 00168,customer00168@example.invalid,USA,2023-02-07,Standard,1701.52
169,Synthetic Customer 00169,customer00169@example.invalid,Australia,2023-07-11,Basic,17297.98
170,Synthetic Customer 00170,customer00170@example.invalid,Germany,2021-04-08,Basic,3317.32
171,Synthetic Customer 00171,customer00171@example.invalid,Australia,2021-11-26,Standard,19263.59
172,Synthetic Customer 00172,customer00172@example.invalid,Canada,2022-10-26,Premium,16798.78
173,Synthetic Customer 00173,customer00173@example.invalid,Canada,2023-04-26,Basic,14695.93
174,Synthetic Customer 00174,customer00174@example.invalid,USA,2025-10-21,Standard,5790.38
175,Synthetic Customer 00175,customer00175@example.invalid,Singapore,2021-02-25,Basic,14663.47
176,Synthetic Customer 00176,customer00176@example.invalid,UK,2025-11-09,Premium,11137.39
177,Synthetic Customer 00177,customer00177@example.invalid,UK,2023-12-30,Standard,19134.49
178,Synthetic Customer 00178,customer00178@example.invalid,Singapore,2023-08-27,Premium,18057.17
179,Synthetic Customer 00179,customer00179@example.invalid,Australia,2025-12-29,Premium,1449.76
180,Synthetic Customer 00180,customer00180@example.invalid,UK,2021-06-13,Basic,2594.25
181,Synthetic Customer 00181,customer00181@example.invalid,India,2024-11-18,Standard,13834.97
182,Synthetic Customer 00182,customer00182@example.invalid,Singapore,2021-03-21,Standard,13204.86
183,Synthetic Customer 00183,customer00183@example.invalid,UK,2025-09-19,Basic,5647.72
184,Synthetic Customer 00184,customer00184@example.invalid,Singapore,2022-11-19,Premium,18820.89
185,Synthetic Customer 00185,customer00185@example.invalid,USA,2021-09-19,Premium,11731.98
186,Synthetic Customer 00186,customer00186@example.invalid,Australia,2023-08-25,Standard,8065.51
187,Synthetic Customer 00187,customer00187@example.invalid,Australia,2023-11-02,Basic,15424.76
188,Synthetic Customer 00188,customer00188@example.invalid,Canada,2023-01-20,Premium,13471.83
189,Synthetic Customer 00189,customer00189@example.invalid,Singapore,2023-12-27,Premium,9037.27
190,Synthetic Customer 00190,customer00190@example.invalid,Australia,2024-09-16,Standard,5596.53
191,Synthetic Customer 00191,customer00191@example.invalid,India,2020-03-10,Premium,6263.30
192,Synthetic Customer 00192,customer00192@example.invalid,UK,2023-05-08,Premium,7231.28
193,Synthetic Customer 00193,customer00193@example.invalid,Australia,2020-04-11,Standard,12332.98
194,Synthetic Customer 00194,customer00194@example.invalid,Singapore,2025-01-31,Standard,13372.69
195,Synthetic Customer 00195,customer00195@example.invalid,USA,2020-02-06,Standard,13437.28
196,Synthetic Customer 00196,customer00196@example.invalid,Germany,2020-04-20,Premium,10309.49
197,Synthetic Customer 00197,customer00197@example.invalid,UK,2021-11-19,Basic,3577.56
198,Synthetic Customer 00198,customer00198@example.invalid,Germany,2024-03-08,Basic,4916.82
199,Synthetic Customer 00199,customer00199@example.invalid,Singapore,2020-12-22,Premium,16477.96
200,Synthetic Customer 00200,customer00200@example.invalid,USA,2023-05-17,Standard,13928.69
201,Synthetic Customer 00201,customer00201@example.invalid,India,2022-03-05,Standard,10857.82
202,Synthetic Customer 00202,customer00202@example.invalid,Germany,2025-06-16,Standard,7883.13
203,Synthetic Customer 00203,customer00203@example.invalid,Australia,2025-01-28,Basic,15381.35
204,Synthetic Customer 00204,customer00204@example.invalid,Australia,2020-02-26,Basic,14621.64
205,Synthetic Customer 00205,customer00205@example.invalid,Canada,2020-04-09,Premium,1413.98
206,Synthetic Customer 00206,customer00206@example.invalid,UK,2024-11-11,Premium,11408.20
207,Synthetic Customer 00207,customer00207@example.invalid,Canada,2022-12-21,Basic,19101.34
208,Synthetic Customer 00208,customer00208@example.invalid,UK,2025-08-28,Basic,11992.32
209,Synthetic Customer 00209,customer00209@example.invalid,Singapore,2020-01-03,Basic,11323.16
210,Synthetic Customer 00210,customer00210@example.invalid,USA,2023-12-09,Premium,5941.99
211,Synthetic Customer 00211,customer00211@example.invalid,Australia,2020-05-17,Basic,15676.63
212,Synthetic Customer 00212,customer00212@example.invalid,Germany,2024-12-04,Standard,6104.32
213,Synthetic Customer 00213,customer00213@example.invalid,Australia,2025-03-03,Basic,15331.37
214,Synthetic Customer 00214,customer00214@example.invalid,UK,2024-03-08,Basic,19708.80
215,Synthetic Customer 00215,customer00215@example.invalid,USA,2021-06-18,Standard,17400.84
216,Synthetic Customer 00216,customer00216@example.invalid,Germany,2024-05-11,Premium,4245.08
217,Synthetic Customer 00217,customer00217@example.invalid,India,2022-03-04,Standard,18446.48
218,Synthetic Customer 00218,customer00218@example.invalid,Singapore,2022-07-05,Premium,19563.82
219,Synthetic Customer 00219,customer00219@example.invalid,Germany,2024-11-15,Premium,14624.21
220,Synthetic Customer 00220,customer00220@example.invalid,USA,2022-01-26,Basic,1388.91
221,Synthetic Customer 00221,customer00221@example.invalid,UK,2020-03-03,Basic,8312.43
222,Synthetic Customer 00222,customer00222@example.invalid,Germany,2020-10-15,Basic,13533.61
223,Synthetic Customer 00223,customer00223@example.invalid,USA,2023-01-04,Basic,8760.51
224,Synthetic Customer 00224,customer00224@example.invalid,Singapore,2024-02-11,Premium,3160.71
225,Synthetic Customer 00225,customer00225@example.invalid,Canada,2024-12-03,Premium,5916.48
226,Synthetic Customer 00226,customer00226@example.invalid,USA,2021-08-30,Standard,12358.11
227,Synthetic Customer 00227,customer00227@example.invalid,Canada,2021-07-07,Premium,862.93
228,Synthetic Customer 00228,customer00228@example.invalid,Canada,2024-12-13,Standard,16052.97
229,Synthetic Customer 00229,customer00229@example.invalid,Australia,2023-06-09,Premium,15050.66
230,Synthetic Customer 00230,customer00230@example.invalid,Canada,2023-05-06,Basic,642.94
231,Synthetic Customer 00231,customer00231@example.invalid,Canada,2020-03-01,Basic,19666.82
232,Synthetic Customer 00232,customer00232@example.invalid,UK,2020-10-30,Premium,9479.87
233,Synthetic Customer 00233,customer00233@example.invalid,India,2020-05-31,Premium,7844.11
234,Synthetic Customer 00234,customer00234@example.invalid,UK,2020-04-22,Premium,13849.62
235,Synthetic Customer 00235,customer00235@example.invalid,Singapore,2023-01-30,Basic,7582.06
236,Synthetic Customer 00236,customer00236@example.invalid,Germany,2023-01-25,Standard,14038.06
237,Synthetic Customer 00237,customer00237@example.invalid,UK,2024-01-23,Premium,13072.52
238,Synthetic Customer 00238,customer00238@example.invalid,UK,2025-09-03,Basic,17172.67
239,Synthetic Customer 00239,customer00239@example.invalid,Singapore,2020-11-14,Basic,19252.99
240,Synthetic Customer 00240,customer00240@example.invalid,Singapore,2023-12-11,Standard,969.52
241,Synthetic Customer 00241,customer00241@example.invalid,Singapore,2025-04-13,Basic,1958.19
242,Synthetic Customer 00242,customer00242@example.invalid,UK,2023-07-07,Premium,18875.07
243,Synthetic Customer 00243,customer00243@example.invalid,Canada,2020-04-17,Basic,11062.52
244,Synthetic Customer 00244,customer00244@example.invalid,USA,2021-10-02,Premium,7581.16
245,Synthetic Customer 00245,customer00245@example.invalid,Canada,2024-03-18,Basic,8109.08
246,Synthetic Customer 00246,customer00246@example.invalid,Germany,2022-04-09,Basic,12931.07
247,Synthetic Customer 00247,customer00247@example.invalid,India,2022-05-18,Premium,15359.81
248,Synthetic Customer 00248,customer00248@example.invalid,Germany,2022-04-23,Premium,16937.58
249,Synthetic Customer 00249,customer00249@example.invalid,Canada,2025-10-02,Premium,14831.71
250,Synthetic Customer 00250,customer00250@example.invalid,UK,2024-03-26,Standard,12324.53
251,Synthetic Customer 00251,customer00251@example.invalid,USA,2020-03-18,Premium,8861.76
252,Synthetic Customer 00252,customer00252@example.invalid,Australia,2024-07-10,Standard,7730.07
253,Synthetic Customer 00253,customer00253@example.invalid,Australia,2023-08-24,Premium,15087.65
254,Synthetic Customer 00254,customer00254@example.invalid,India,2020-07-28,Standard,13728.68
255,Synthetic Customer 00255,customer00255@example.invalid,Singapore,2023-03-18,Standard,19271.01
256,Synthetic Customer 00256,customer00256@example.invalid,UK,2022-10-27,Standard,8863.70
257,Synthetic Customer 00257,customer00257@example.invalid,Australia,2023-11-26,Standard,877.36
258,Synthetic Customer 00258,customer00258@example.invalid,India,2024-02-08,Premium,257.43
259,Synthetic Customer 00259,customer00259@example.invalid,USA,2025-01-18,Standard,3120.61
260,Synthetic Customer 00260,customer00260@example.invalid,USA,2025-05-15,Standard,18079.00
261,Synthetic Customer 00261,customer00261@example.invalid,UK,2025-03-28,Standard,6907.89
262,Synthetic Customer 00262,customer00262@example.invalid,USA,2023-06-17,Premium,4017.35
263,Synthetic Customer 00263,customer00263@example.invalid,UK,2022-10-14,Standard,13600.63
264,Synthetic Customer 00264,customer00264@example.invalid,UK,2021-03-21,Premium,9755.66
265,Synthetic Customer 00265,customer00265@example.invalid,India,2022-08-16,Premium,6588.34
266,Synthetic Customer 00266,customer00266@example.invalid,Australia,2021-12-18,Standard,1589.31
267,Synthetic Customer 00267,customer00267@example.invalid,UK,2022-07-13,Standard,1922.14
268,Synthetic Customer 00268,customer00268@example.invalid,UK,2022-06-04,Premium,19814.17
269,Synthetic Customer 00269,customer00269@example.invalid,India,2021-08-09,Basic,3952.57
270,Synthetic Customer 00270,customer00270@example.invalid,Canada,2023-12-29,Basic,10905.36
271,Synthetic Customer 00271,customer00271@example.invalid,India,2025-04-25,Premium,12737.08
272,Synthetic Customer 00272,customer00272@example.invalid,Singapore,2024-11-07,Standard,3258.93
273,Synthetic Customer 00273,customer00273@example.invalid,Australia,2022-04-19,Standard,9575.04
274,Synthetic Customer 00274,customer00274@example.invalid,Singapore,2025-03-04,Basic,11611.44
275,Synthetic Customer 00275,customer00275@example.invalid,Singapore,2025-07-23,Premium,12368.03
276,Synthetic Customer 00276,customer00276@example.invalid,Canada,2024-09-25,Standard,16702.16
277,Synthetic Customer 00277,customer00277@example.invalid,Canada,2025-04-11,Basic,16900.39
278,Synthetic Customer 00278,customer00278@example.invalid,Singapore,2023-09-02,Standard,16367.59
279,Synthetic Customer 00279,customer00279@example.invalid,Germany,2020-04-03,Premium,5245.17
280,Synthetic Customer 00280,customer00280@example.invalid,Australia,2024-11-11,Standard,5126.86
281,Synthetic Customer 00281,customer00281@example.invalid,USA,2021-07-01,Standard,16573.46
282,Synthetic Customer 00282,customer00282@example.invalid,India,2022-08-24,Premium,19249.46
283,Synthetic Customer 00283,customer00283@example.invalid,USA,2020-09-30,Premium,8176.55
284,Synthetic Customer 00284,customer00284@example.invalid,Australia,2025-12-09,Standard,541.33
285,Synthetic Customer 00285,customer00285@example.invalid,India,2024-09-22,Premium,1178.26
286,Synthetic Customer 00286,customer00286@example.invalid,Singapore,2023-02-21,Basic,3657.93
287,Synthetic Customer 00287,customer00287@example.invalid,Singapore,2022-04-10,Premium,13178.04
288,Synthetic Customer 00288,customer00288@example.invalid,Singapore,2024-11-19,Standard,2587.41
289,Synthetic Customer 00289,customer00289@example.invalid,USA,2021-07-29,Standard,15062.60
290,Synthetic Customer 00290,customer00290@example.invalid,Canada,2020-04-13,Premium,1508.28
291,Synthetic Customer 00291,customer00291@example.invalid,Germany,2025-11-14,Basic,19536.48
292,Synthetic Customer 00292,customer00292@example.invalid,Canada,2020-08-23,Standard,2452.77
293,Synthetic Customer 00293,customer00293@example.invalid,UK,2025-01-29,Standard,5996.20
294,Synthetic Customer 00294,customer00294@example.invalid,Singapore,2022-12-07,Standard,17741.21
295,Synthetic Customer 00295,customer00295@example.invalid,UK,2021-04-28,Basic,19218.21
296,Synthetic Customer 00296,customer00296@example.invalid,UK,2023-03-26,Standard,5990.46
297,Synthetic Customer 00297,customer00297@example.invalid,Canada,2022-08-04,Premium,10083.56
298,Synthetic Customer 00298,customer00298@example.invalid,India,2022-10-25,Standard,16952.13
299,Synthetic Customer 00299,customer00299@example.invalid,USA,2021-01-09,Standard,1880.94
300,Synthetic Customer 00300,customer00300@example.invalid,UK,2025-08-15,Premium,6832.14
301,Synthetic Customer 00301,customer00301@example.invalid,Germany,2025-07-10,Basic,4771.63
302,Synthetic Customer 00302,customer00302@example.invalid,UK,2023-06-20,Premium,10219.75
303,Synthetic Customer 00303,customer00303@example.invalid,Germany,2022-03-07,Standard,16178.40
304,Synthetic Customer 00304,customer00304@example.invalid,Singapore,2025-10-07,Standard,13598.36
305,Synthetic Customer 00305,customer00305@example.invalid,Germany,2025-08-07,Premium,19887.89
306,Synthetic Customer 00306,customer00306@example.invalid,Germany,2021-01-09,Premium,11961.63
307,Synthetic Customer 00307,customer00307@example.invalid,UK,2022-03-21,Premium,16488.37
308,Synthetic Customer 00308,customer00308@example.invalid,Australia,2024-12-14,Basic,247.03
309,Synthetic Customer 00309,customer00309@example.invalid,UK,2024-01-29,Basic,2156.40
310,Synthetic Customer 00310,customer00310@example.invalid,Singapore,2022-02-24,Standard,3651.00
311,Synthetic Customer 00311,customer00311@example.invalid,UK,2023-12-14,Standard,8816.87
312,Synthetic Customer 00312,customer00312@example.invalid,USA,2021-03-22,Standard,13678.32
313,Synthetic Customer 00313,customer00313@example.invalid,Canada,2025-12-27,Standard,6237.49
314,Synthetic Customer 00314,customer00314@example.invalid,India,2021-04-20,Basic,12908.50
315,Synthetic Customer 00315,customer00315@example.invalid,UK,2023-12-14,Standard,16530.84
316,Synthetic Customer 00316,customer00316@example.invalid,Canada,2022-01-10,Standard,725.42
317,Synthetic Customer 00317,customer00317@example.invalid,Australia,2024-12-18,Standard,1053.87
318,Synthetic Customer 00318,customer00318@example.invalid,India,2023-03-01,Standard,14385.53
319,Synthetic Customer 00319,customer00319@example.invalid,Australia,2023-12-05,Premium,18236.94
320,Synthetic Customer 00320,customer00320@example.invalid,UK,2022-01-27,Standard,14678.27
321,Synthetic Customer 00321,customer00321@example.invalid,Singapore,2024-03-08,Standard,15963.18
322,Synthetic Customer 00322,customer00322@example.invalid,Canada,2023-07-08,Premium,13616.86
323,Synthetic Customer 00323,customer00323@example.invalid,Australia,2021-05-13,Basic,8321.30
324,Synthetic Customer 00324,customer00324@example.invalid,Germany,2024-03-07,Premium,16874.09
325,Synthetic Customer 00325,customer00325@example.invalid,India,2020-12-07,Premium,12625.34
326,Synthetic Customer 00326,customer00326@example.invalid,India,2022-06-01,Standard,3221.35
327,Synthetic Customer 00327,customer00327@example.invalid,Canada,2022-08-24,Basic,5428.77
328,Synthetic Customer 00328,customer00328@example.invalid,Canada,2023-07-21,Basic,17979.74
329,Synthetic Customer 00329,customer00329@example.invalid,UK,2024-09-22,Basic,18803.31
330,Synthetic Customer 00330,customer00330@example.invalid,Germany,2020-02-24,Basic,5218.96
331,Synthetic Customer 00331,customer00331@example.invalid,Australia,2020-01-18,Basic,19040.12
332,Synthetic Customer 00332,customer00332@example.invalid,Singapore,2022-08-02,Premium,8152.31
333,Synthetic Customer 00333,customer00333@example.invalid,Singapore,2025-06-12,Basic,10123.29
334,Synthetic Customer 00334,customer00334@example.invalid,Australia,2022-01-10,Basic,3250.09
335,Synthetic Customer 00335,customer00335@example.invalid,UK,2025-08-15,Premium,3957.11
336,Synthetic Customer 00336,customer00336@example.invalid,Singapore,2022-01-24,Basic,17095.34
337,Synthetic Customer 00337,customer00337@example.invalid,USA,2021-12-15,Standard,13734.01
338,Synthetic Customer 00338,customer00338@example.invalid,Canada,2023-09-04,Standard,4634.23
339,Synthetic Customer 00339,customer00339@example.invalid,India,2020-07-12,Basic,3620.66
340,Synthetic Customer 00340,customer00340@example.invalid,Germany,2025-04-26,Premium,13753.79
341,Synthetic Customer 00341,customer00341@example.invalid,Germany,2020-04-25,Basic,17588.89
342,Synthetic Customer 00342,customer00342@example.invalid,India,2023-03-11,Basic,1836.45
343,Synthetic Customer 00343,customer00343@example.invalid,Singapore,2023-06-15,Premium,15504.63
344,Synthetic Customer 00344,customer00344@example.invalid,Singapore,2024-01-15,Premium,16108.30
345,Synthetic Customer 00345,customer00345@example.invalid,Singapore,2021-01-10,Standard,14107.37
346,Synthetic Customer 00346,customer00346@example.invalid,Germany,2020-06-03,Premium,4791.89
347,Synthetic Customer 00347,customer00347@example.invalid,USA,2021-08-25,Premium,9194.45
348,Synthetic Customer 00348,customer00348@example.invalid,UK,2024-04-12,Standard,1717.67
349,Synthetic Customer 00349,customer00349@example.invalid,Singapore,2023-07-10,Premium,11107.81
350,Synthetic Customer 00350,customer00350@example.invalid,India,2025-02-04,Premium,11087.55
351,Synthetic Customer 00351,customer00351@example.invalid,Canada,2021-01-22,Basic,9874.87
352,Synthetic Customer 00352,customer00352@example.invalid,Canada,2020-10-30,Basic,12968.99
353,Synthetic Customer 00353,customer00353@example.invalid,Singapore,2022-07-25,Basic,15039.76
354,Synthetic Customer 00354,customer00354@example.invalid,India,2021-09-24,Basic,18550.38
355,Synthetic Customer 00355,customer00355@example.invalid,USA,2023-12-11,Premium,13208.84
356,Synthetic Customer 00356,customer00356@example.invalid,Australia,2025-06-13,Standard,5835.84
357,Synthetic Customer 00357,customer00357@example.invalid,India,2021-10-30,Premium,7088.77
358,Synthetic Customer 00358,customer00358@example.invalid,Germany,2025-06-02,Premium,19308.82
359,Synthetic Customer 00359,customer00359@example.invalid,India,2021-12-02,Premium,672.27
360,Synthetic Customer 00360,customer00360@example.invalid,UK,2025-06-10,Basic,9318.96
361,Synthetic Customer 00361,customer00361@example.invalid,Germany,2021-11-30,Premium,5421.34
362,Synthetic Customer 00362,customer00362@example.invalid,Germany,2025-01-25,Standard,10609.12
363,Synthetic Customer 00363,customer00363@example.invalid,Canada,2021-11-07,Standard,12113.65
364,Synthetic Customer 00364,customer00364@example.invalid,Australia,2025-02-02,Standard,19539.16
365,Synthetic Customer 00365,customer00365@example.invalid,UK,2024-09-19,Basic,17302.17
366,Synthetic Customer 00366,customer00366@example.invalid,UK,2025-11-24,Standard,17967.86
367,Synthetic Customer 00367,customer00367@example.invalid,Germany,2020-01-29,Basic,11438.09
368,Synthetic Customer 00368,customer00368@example.invalid,Singapore,2022-02-11,Basic,15190.73
369,Synthetic Customer 00369,customer00369@example.invalid,Canada,2020-03-23,Standard,12641.75
370,Synthetic Customer 00370,customer00370@example.invalid,UK,2024-04-16,Premium,14692.01
371,Synthetic Customer 00371,customer00371@example.invalid,UK,2021-12-19,Premium,13079.20
372,Synthetic Customer 00372,customer00372@example.invalid,India,2021-06-08,Basic,7663.50
373,Synthetic Customer 00373,customer00373@example.invalid,UK,2020-08-10,Basic,782.93
374,Synthetic Customer 00374,customer00374@example.invalid,India,2021-06-07,Basic,4469.80
375,Synthetic Customer 00375,customer00375@example.invalid,Singapore,2020-05-05,Premium,17953.52
376,Synthetic Customer 00376,customer00376@example.invalid,UK,2021-09-06,Premium,11744.53
377,Synthetic Customer 00377,customer00377@example.invalid,USA,2020-11-06,Premium,16386.33
378,Synthetic Customer 00378,customer00378@example.invalid,USA,2022-12-01,Basic,7013.34
379,Synthetic Customer 00379,customer00379@example.invalid,Canada,2020-08-12,Premium,11633.49
380,Synthetic Customer 00380,customer00380@example.invalid,Germany,2021-12-23,Basic,2080.05
381,Synthetic Customer 00381,customer00381@example.invalid,UK,2024-04-30,Standard,13018.45
382,Synthetic Customer 00382,customer00382@example.invalid,UK,2023-12-29,Basic,19727.63
383,Synthetic Customer 00383,customer00383@example.invalid,Canada,2024-06-05,Premium,9691.56
384,Synthetic Customer 00384,customer00384@example.invalid,Singapore,2025-01-14,Premium,10745.04
385,Synthetic Customer 00385,customer00385@example.invalid,UK,2022-06-18,Premium,13290.72
386,Synthetic Customer 00386,customer00386@example.invalid,India,2025-04-09,Standard,87.65
387,Synthetic Customer 00387,customer00387@example.invalid,UK,2022-04-15,Basic,13468.20
388,Synthetic Customer 00388,customer00388@example.invalid,India,2023-09-02,Basic,67.62
389,Synthetic Customer 00389,customer00389@example.invalid,Germany,2022-12-14,Premium,10117.11
390,Synthetic Customer 00390,customer00390@example.invalid,Singapore,2021-04-13,Premium,14175.05
391,Synthetic Customer 00391,customer00391@example.invalid,India,2022-07-09,Standard,19823.47
392,Synthetic Customer 00392,customer00392@example.invalid,UK,2023-02-28,Premium,13703.61
393,Synthetic Customer 00393,customer00393@example.invalid,Australia,2023-11-27,Basic,9416.95
394,Synthetic Customer 00394,customer00394@example.invalid,India,2022-06-18,Premium,10010.92
395,Synthetic Customer 00395,customer00395@example.invalid,Canada,2022-08-22,Premium,12869.54
396,Synthetic Customer 00396,customer00396@example.invalid,Singapore,2024-03-21,Standard,14542.13
397,Synthetic Customer 00397,customer00397@example.invalid,Australia,2022-02-11,Premium,11682.10
398,Synthetic Customer 00398,customer00398@example.invalid,Australia,2021-09-15,Premium,9883.63
399,Synthetic Customer 00399,customer00399@example.invalid,USA,2020-04-20,Basic,6262.68
400,Synthetic Customer 00400,customer00400@example.invalid,UK,2021-03-04,Basic,13949.46
401,Synthetic Customer 00401,customer00401@example.invalid,Australia,2025-03-21,Basic,17094.56
402,Synthetic Customer 00402,customer00402@example.invalid,Australia,2025-08-24,Basic,6520.82
403,Synthetic Customer 00403,customer00403@example.invalid,USA,2023-05-19,Premium,3142.75
404,Synthetic Customer 00404,customer00404@example.invalid,Canada,2025-11-04,Standard,9884.49
405,Synthetic Customer 00405,customer00405@example.invalid,Canada,2023-07-14,Premium,15604.77
406,Synthetic Customer 00406,customer00406@example.invalid,India,2022-10-17,Standard,16515.06
407,Synthetic Customer 00407,customer00407@example.invalid,Canada,2020-03-25,Premium,13395.53
408,Synthetic Customer 00408,customer00408@example.invalid,Germany,2022-02-04,Premium,18053.02
409,Synthetic Customer 00409,customer00409@example.invalid,India,2025-01-18,Premium,12688.78
410,Synthetic Customer 00410,customer00410@example.invalid,Germany,2022-02-23,Basic,7402.39
411,Synthetic Customer 00411,customer00411@example.invalid,Singapore,2021-05-17,Premium,12349.99
412,Synthetic Customer 00412,customer00412@example.invalid,Canada,2025-02-23,Standard,2672.83
413,Synthetic Customer 00413,customer00413@example.invalid,USA,2025-11-13,Premium,3373.23
414,Synthetic Customer 00414,customer00414@example.invalid,Australia,2021-12-09,Basic,5301.24
415,Synthetic Customer 00415,customer00415@example.invalid,Singapore,2024-12-12,Premium,18486.19
416,Synthetic Customer 00416,customer00416@example.invalid,India,2020-12-20,Basic,4162.55
417,Synthetic Customer 00417,customer00417@example.invalid,India,2025-10-10,Basic,15342.90
418,Synthetic Customer 00418,customer00418@example.invalid,Germany,2023-08-19,Premium,3174.93
419,Synthetic Customer 00419,customer00419@example.invalid,Germany,2020-05-20,Premium,16206.77
420,Synthetic Customer 00420,customer00420@example.invalid,Canada,2023-08-14,Basic,16524.61
421,Synthetic Customer 00421,customer00421@example.invalid,Germany,2021-04-15,Premium,9401.86
422,Synthetic Customer 00422,customer00422@example.invalid,Canada,2023-12-12,Basic,14811.09
423,Synthetic Customer 00423,customer00423@example.invalid,UK,2021-04-30,Basic,9646.81
424,Synthetic Customer 00424,customer00424@example.invalid,UK,2025-09-30,Basic,13129.82
425,Synthetic Customer 00425,customer00425@example.invalid,Singapore,2021-10-23,Standard,3663.07
426,Synthetic Customer 00426,customer00426@example.invalid,USA,2021-03-27,Basic,7276.31
427,Synthetic Customer 00427,customer00427@example.invalid,Germany,2025-09-20,Basic,11330.18
428,Synthetic Customer 00428,customer00428@example.invalid,India,2023-01-23,Basic,1262.56
429,Synthetic Customer 00429,customer00429@example.invalid,Germany,2021-05-31,Premium,2686.52
430,Synthetic Customer 00430,customer00430@example.invalid,UK,2025-09-17,Basic,11547.68
431,Synthetic Customer 00431,customer00431@example.invalid,USA,2020-01-27,Premium,8589.56
432,Synthetic Customer 00432,customer00432@example.invalid,India,2024-07-01,Premium,1156.77
433,Synthetic Customer 00433,customer00433@example.invalid,Singapore,2023-06-30,Standard,9507.96
434,Synthetic Customer 00434,customer00434@example.invalid,Australia,2023-08-07,Premium,6148.32
435,Synthetic Customer 00435,customer00435@example.invalid,UK,2025-09-24,Standard,17520.12
436,Synthetic Customer 00436,customer00436@example.invalid,Australia,2024-08-29,Premium,4511.97
437,Synthetic Customer 00437,customer00437@example.invalid,Germany,2024-08-14,Standard,18411.87
438,Synthetic Customer 00438,customer00438@example.invalid,Germany,2023-06-16,Standard,532.87
439,Synthetic Customer 00439,customer00439@example.invalid,Australia,2022-06-07,Standard,9885.74
440,Synthetic Customer 00440,customer00440@example.invalid,UK,2021-01-03,Basic,11323.98
441,Synthetic Customer 00441,customer00441@example.invalid,USA,2025-04-19,Standard,15136.49
442,Synthetic Customer 00442,customer00442@example.invalid,USA,2022-08-23,Basic,4571.72
443,Synthetic Customer 00443,customer00443@example.invalid,Canada,2023-03-15,Standard,12606.60
444,Synthetic Customer 00444,customer00444@example.invalid,Singapore,2020-08-28,Premium,3423.87
445,Synthetic Customer 00445,customer00445@example.invalid,Canada,2020-12-05,Premium,11442.00
446,Synthetic Customer 00446,customer00446@example.invalid,UK,2023-11-22,Premium,14355.55
447,Synthetic Customer 00447,customer00447@example.invalid,Australia,2020-08-24,Premium,18068.45
448,Synthetic Customer 00448,customer00448@example.invalid,Australia,2021-06-21,Basic,446.12
449,Synthetic Customer 00449,customer00449@example.invalid,USA,2020-12-03,Standard,18651.24
450,Synthetic Customer 00450,customer00450@example.invalid,UK,2020-11-22,Premium,13403.19
451,Synthetic Customer 00451,customer00451@example.invalid,Canada,2020-12-02,Premium,10842.62
452,Synthetic Customer 00452,customer00452@example.invalid,Singapore,2021-01-02,Standard,7513.23
453,Synthetic Customer 00453,customer00453@example.invalid,Canada,2020-07-02,Premium,19772.08
454,Synthetic Customer 00454,customer00454@example.invalid,Singapore,2020-01-03,Premium,7125.85
455,Synthetic Customer 00455,customer00455@example.invalid,India,2023-02-10,Basic,146.54
456,Synthetic Customer 00456,customer00456@example.invalid,UK,2020-01-19,Premium,5175.07
457,Synthetic Customer 00457,customer00457@example.invalid,Canada,2024-05-11,Basic,6519.86
458,Synthetic Customer 00458,customer00458@example.invalid,USA,2024-09-05,Standard,4691.27
459,Synthetic Customer 00459,customer00459@example.invalid,Singapore,2025-11-29,Standard,14560.67
460,Synthetic Customer 00460,customer00460@example.invalid,Germany,2020-07-27,Basic,8403.55
461,Synthetic Customer 00461,customer00461@example.invalid,Canada,2022-09-07,Basic,11851.30
462,Synthetic Customer 00462,customer00462@example.invalid,UK,2024-01-05,Premium,4888.88
463,Synthetic Customer 00463,customer00463@example.invalid,India,2024-02-19,Standard,17677.70
464,Synthetic Customer 00464,customer00464@example.invalid,Australia,2024-06-30,Standard,5399.72
465,Synthetic Customer 00465,customer00465@example.invalid,USA,2024-04-14,Basic,12258.91
466,Synthetic Customer 00466,customer00466@example.invalid,India,2025-10-15,Basic,2413.21
467,Synthetic Customer 00467,customer00467@example.invalid,USA,2025-07-05,Premium,1898.70
468,Synthetic Customer 00468,customer00468@example.invalid,India,2024-01-21,Basic,3403.34
469,Synthetic Customer 00469,customer00469@example.invalid,Germany,2022-07-23,Premium,5552.64
470,Synthetic Customer 00470,customer00470@example.invalid,USA,2022-04-11,Standard,7942.28
471,Synthetic Customer 00471,customer00471@example.invalid,Australia,2021-02-08,Standard,14082.27
472,Synthetic Customer 00472,customer00472@example.invalid,USA,2023-10-26,Basic,13793.14
473,Synthetic Customer 00473,customer00473@example.invalid,USA,2025-01-21,Premium,19547.75
474,Synthetic Customer 00474,customer00474@example.invalid,Germany,2021-01-06,Basic,4597.90
475,Synthetic Customer 00475,customer00475@example.invalid,USA,2022-05-26,Basic,6192.91
476,Synthetic Customer 00476,customer00476@example.invalid,UK,2020-08-04,Standard,18431.85
477,Synthetic Customer 00477,customer00477@example.invalid,USA,2022-03-01,Standard,42.46
478,Synthetic Customer 00478,customer00478@example.invalid,Singapore,2023-05-16,Standard,18414.55
479,Synthetic Customer 00479,customer00479@example.invalid,Germany,2024-12-24,Basic,16184.08
480,Synthetic Customer 00480,customer00480@example.invalid,Canada,2025-06-11,Basic,8057.18
481,Synthetic Customer 00481,customer00481@example.invalid,Germany,2022-05-16,Basic,11969.38
482,Synthetic Customer 00482,customer00482@example.invalid,Germany,2021-03-02,Premium,1646.47
483,Synthetic Customer 00483,customer00483@example.invalid,Canada,2022-02-27,Basic,5227.63
484,Synthetic Customer 00484,customer00484@example.invalid,Australia,2020-06-02,Basic,19748.39
485,Synthetic Customer 00485,customer00485@example.invalid,Singapore,2020-06-25,Standard,13952.52
486,Synthetic Customer 00486,customer00486@example.invalid,Germany,2023-07-10,Basic,11942.21
487,Synthetic Customer 00487,customer00487@example.invalid,Germany,2023-11-24,Basic,8118.90
488,Synthetic Customer 00488,customer00488@example.invalid,Australia,2025-03-12,Premium,15355.44
489,Synthetic Customer 00489,customer00489@example.invalid,Singapore,2025-12-25,Standard,9448.09
490,Synthetic Customer 00490,customer00490@example.invalid,Canada,2022-03-10,Standard,230.35
491,Synthetic Customer 00491,customer00491@example.invalid,Australia,2021-01-01,Basic,4733.37
492,Synthetic Customer 00492,customer00492@example.invalid,Singapore,2025-05-27,Basic,8099.13
493,Synthetic Customer 00493,customer00493@example.invalid,Australia,2023-06-03,Premium,9334.59
494,Synthetic Customer 00494,customer00494@example.invalid,UK,2024-07-02,Premium,10229.95
495,Synthetic Customer 00495,customer00495@example.invalid,Singapore,2023-03-12,Basic,7540.06
496,Synthetic Customer 00496,customer00496@example.invalid,India,2025-10-24,Standard,2719.25
497,Synthetic Customer 00497,customer00497@example.invalid,India,2025-02-04,Basic,17222.00
498,Synthetic Customer 00498,customer00498@example.invalid,Australia,2021-01-03,Premium,7090.79
499,Synthetic Customer 00499,customer00499@example.invalid,India,2025-05-30,Premium,8784.70
500,Synthetic Customer 00500,customer00500@example.invalid,UK,2025-01-26,Basic,15703.23
501,Synthetic Customer 00501,customer00501@example.invalid,India,2021-12-17,Premium,11262.25
502,Synthetic Customer 00502,customer00502@example.invalid,Germany,2020-11-13,Premium,3529.85
503,Synthetic Customer 00503,customer00503@example.invalid,UK,2022-08-01,Premium,8773.99
504,Synthetic Customer 00504,customer00504@example.invalid,Australia,2022-03-25,Basic,17066.21
505,Synthetic Customer 00505,customer00505@example.invalid,UK,2021-08-19,Basic,4394.23
506,Synthetic Customer 00506,customer00506@example.invalid,Canada,2020-05-22,Standard,16291.52
507,Synthetic Customer 00507,customer00507@example.invalid,India,2023-12-09,Basic,13745.00
508,Synthetic Customer 00508,customer00508@example.invalid,USA,2022-12-22,Premium,18073.45
509,Synthetic Customer 00509,customer00509@example.invalid,India,2025-03-31,Standard,12320.76
510,Synthetic Customer 00510,customer00510@example.invalid,Germany,2020-10-10,Basic,16580.21
511,Synthetic Customer 00511,customer00511@example.invalid,India,2020-11-18,Basic,14127.29
512,Synthetic Customer 00512,customer00512@example.invalid,Germany,2025-02-28,Premium,19473.56
513,Synthetic Customer 00513,customer00513@example.invalid,Australia,2021-05-19,Premium,9944.56
514,Synthetic Customer 00514,customer00514@example.invalid,Canada,2020-10-11,Basic,8593.80
515,Synthetic Customer 00515,customer00515@example.invalid,Australia,2023-12-11,Standard,2852.48
516,Synthetic Customer 00516,customer00516@example.invalid,UK,2024-02-20,Standard,5774.73
517,Synthetic Customer 00517,customer00517@example.invalid,Germany,2023-01-25,Standard,6684.58
518,Synthetic Customer 00518,customer00518@example.invalid,Australia,2025-04-14,Premium,7094.32
519,Synthetic Customer 00519,customer00519@example.invalid,USA,2025-04-13,Premium,15730.70
520,Synthetic Customer 00520,customer00520@example.invalid,Germany,2021-02-28,Basic,17347.07
521,Synthetic Customer 00521,customer00521@example.invalid,India,2023-08-17,Standard,3822.81
522,Synthetic Customer 00522,customer00522@example.invalid,Germany,2020-09-09,Premium,7082.60
523,Synthetic Customer 00523,customer00523@example.invalid,Australia,2024-01-16,Standard,494.40
524,Synthetic Customer 00524,customer00524@example.invalid,Germany,2025-04-27,Premium,9211.30
525,Synthetic Customer 00525,customer00525@example.invalid,Australia,2024-05-05,Standard,13545.70
526,Synthetic Customer 00526,customer00526@example.invalid,Germany,2025-11-30,Standard,13494.20
527,Synthetic Customer 00527,customer00527@example.invalid,Australia,2024-06-07,Basic,8241.16
528,Synthetic Customer 00528,customer00528@example.invalid,Germany,2023-06-24,Premium,13018.51
529,Synthetic Customer 00529,customer00529@example.invalid,UK,2021-08-24,Premium,15344.70
530,Synthetic Customer 00530,customer00530@example.invalid,Singapore,2021-02-13,Basic,2474.73
531,Synthetic Customer 00531,customer00531@example.invalid,USA,2020-03-11,Basic,541.16
532,Synthetic Customer 00532,customer00532@example.invalid,Singapore,2021-09-10,Basic,10308.47
533,Synthetic Customer 00533,customer00533@example.invalid,Germany,2025-10-28,Premium,1463.68
534,Synthetic Customer 00534,customer00534@example.invalid,India,2025-10-29,Standard,7288.47
535,Synthetic Customer 00535,customer00535@example.invalid,Germany,2023-02-16,Standard,7295.11
536,Synthetic Customer 00536,customer00536@example.invalid,Singapore,2024-02-29,Basic,14141.23
537,Synthetic Customer 00537,customer00537@example.invalid,UK,2025-11-18,Standard,3103.11
538,Synthetic Customer 00538,customer00538@example.invalid,Singapore,2021-02-02,Standard,15549.00
539,Synthetic Customer 00539,customer00539@example.invalid,Singapore,2024-06-06,Standard,5827.67
540,Synthetic Customer 00540,customer00540@example.invalid,India,2024-01-04,Standard,14043.55
541,Synthetic Customer 00541,customer00541@example.invalid,India,2025-01-12,Premium,15828.02
542,Synthetic Customer 00542,customer00542@example.invalid,India,2021-06-11,Premium,19515.74
543,Synthetic Customer 00543,customer00543@example.invalid,USA,2025-11-06,Standard,2491.29
544,Synthetic Customer 00544,customer00544@example.invalid,Australia,2025-08-22,Basic,2867.81
545,Synthetic Customer 00545,customer00545@example.invalid,UK,2020-08-07,Standard,9019.09
546,Synthetic Customer 00546,customer00546@example.invalid,India,2024-05-28,Basic,897.60
547,Synthetic Customer 00547,customer00547@example.invalid,USA,2023-06-24,Premium,14781.56
548,Synthetic Customer 00548,customer00548@example.invalid,UK,2021-02-08,Standard,2461.99
549,Synthetic Customer 00549,customer00549@example.invalid,India,2020-10-13,Standard,16469.05
550,Synthetic Customer 00550,customer00550@example.invalid,Australia,2025-03-26,Premium,3623.51
551,Synthetic Customer 00551,customer00551@example.invalid,UK,2023-07-20,Basic,17672.53
552,Synthetic Customer 00552,customer00552@example.invalid,UK,2024-08-17,Basic,13817.37
553,Synthetic Customer 00553,customer00553@example.invalid,USA,2022-02-27,Standard,2501.74
554,Synthetic Customer 00554,customer00554@example.invalid,Australia,2020-08-01,Basic,18785.58
555,Synthetic Customer 00555,customer00555@example.invalid,Singapore,2021-01-25,Standard,10018.26
556,Synthetic Customer 00556,customer00556@example.invalid,Singapore,2024-09-18,Standard,94.09
557,Synthetic Customer 00557,customer00557@example.invalid,Germany,2022-02-11,Basic,6197.92
558,Synthetic Customer 00558,customer00558@example.invalid,UK,2025-08-07,Standard,2846.98
559,Synthetic Customer 00559,customer00559@example.invalid,Canada,2022-02-12,Standard,11178.18
560,Synthetic Customer 00560,customer00560@example.invalid,UK,2020-08-12,Standard,14843.31
561,Synthetic Customer 00561,customer00561@example.invalid,USA,2020-02-06,Standard,13985.20
562,Synthetic Customer 00562,customer00562@example.invalid,Australia,2025-03-21,Basic,11813.22
563,Synthetic Customer 00563,customer00563@example.invalid,USA,2021-11-14,Premium,17709.35
564,Synthetic Customer 00564,customer00564@example.invalid,Singapore,2020-08-19,Standard,19817.86
565,Synthetic Customer 00565,customer00565@example.invalid,Australia,2020-10-06,Standard,8510.12
566,Synthetic Customer 00566,customer00566@example.invalid,India,2024-11-27,Premium,18119.00
567,Synthetic Customer 00567,customer00567@example.invalid,Australia,2024-08-18,Premium,1456.95
568,Synthetic Customer 00568,customer00568@example.invalid,India,2024-10-26,Basic,15608.65
569,Synthetic Customer 00569,customer00569@example.invalid,Germany,2020-12-09,Basic,8044.91
570,Synthetic Customer 00570,customer00570@example.invalid,UK,2021-08-26,Premium,4191.04
571,Synthetic Customer 00571,customer00571@example.invalid,Australia,2020-01-03,Basic,9080.61
572,Synthetic Customer 00572,customer00572@example.invalid,Germany,2020-12-18,Basic,9670.57
573,Synthetic Customer 00573,customer00573@example.invalid,Canada,2020-10-05,Basic,13584.29
574,Synthetic Customer 00574,customer00574@example.invalid,USA,2021-11-19,Standard,1245.93
575,Synthetic Customer 00575,customer00575@example.invalid,India,2025-02-17,Premium,19643.53
576,Synthetic Customer 00576,customer00576@example.invalid,Canada,2020-06-13,Premium,19114.57
577,Synthetic Customer 00577,customer00577@example.invalid,USA,2022-06-06,Basic,17205.94
578,Synthetic Customer 00578,customer00578@example.invalid,India,2022-06-08,Basic,11305.01
579,Synthetic Customer 00579,customer00579@example.invalid,Australia,2023-11-05,Basic,4512.15
580,Synthetic Customer 00580,customer00580@example.invalid,UK,2024-12-15,Basic,8672.56
581,Synthetic Customer 00581,customer00581@example.invalid,Canada,2025-11-15,Premium,10067.09
582,Synthetic Customer 00582,customer00582@example.invalid,Canada,2024-07-27,Basic,11011.48
583,Synthetic Customer 00583,customer00583@example.invalid,Canada,2022-11-26,Basic,18619.63
584,Synthetic Customer 00584,customer00584@example.invalid,Australia,2022-12-09,Standard,11186.71
585,Synthetic Customer 00585,customer00585@example.invalid,India,2020-02-15,Standard,10845.02
586,Synthetic Customer 00586,customer00586@example.invalid,UK,2024-01-27,Standard,9756.60
587,Synthetic Customer 00587,customer00587@example.invalid,India,2023-02-07,Standard,11572.24
588,Synthetic Customer 00588,customer00588@example.invalid,Singapore,2023-09-25,Standard,1704.75
589,Synthetic Customer 00589,customer00589@example.invalid,India,2024-08-20,Standard,15293.67
590,Synthetic Customer 00590,customer00590@example.invalid,India,2025-08-09,Basic,16395.76
591,Synthetic Customer 00591,customer00591@example.invalid,UK,2022-08-05,Standard,3725.44
592,Synthetic Customer 00592,customer00592@example.invalid,USA,2023-02-10,Premium,10384.65
593,Synthetic Customer 00593,customer00593@example.invalid,Canada,2021-05-22,Standard,17992.11
594,Synthetic Customer 00594,customer00594@example.invalid,India,2023-01-20,Basic,116.25
595,Synthetic Customer 00595,customer00595@example.invalid,Australia,2022-08-14,Premium,10283.95
596,Synthetic Customer 00596,customer00596@example.invalid,USA,2020-02-12,Standard,13018.37
597,Synthetic Customer 00597,customer00597@example.invalid,Canada,2025-05-09,Basic,5593.84
598,Synthetic Customer 00598,customer00598@example.invalid,India,2025-03-25,Standard,3516.12
599,Synthetic Customer 00599,customer00599@example.invalid,USA,2020-02-07,Premium,5928.61
600,Synthetic Customer 00600,customer00600@example.invalid,India,2022-08-20,Standard,2279.56
601,Synthetic Customer 00601,customer00601@example.invalid,Germany,2025-04-19,Premium,8463.01
602,Synthetic Customer 00602,customer00602@example.invalid,Germany,2024-03-23,Premium,1220.43
603,Synthetic Customer 00603,customer00603@example.invalid,Canada,2022-02-17,Premium,18678.71
604,Synthetic Customer 00604,customer00604@example.invalid,Canada,2025-11-16,Basic,8758.98
605,Synthetic Customer 00605,customer00605@example.invalid,Singapore,2025-09-08,Premium,5482.70
606,Synthetic Customer 00606,customer00606@example.invalid,Australia,2023-01-15,Basic,14196.85
607,Synthetic Customer 00607,customer00607@example.invalid,Canada,2020-05-12,Standard,18866.59
608,Synthetic Customer 00608,customer00608@example.invalid,UK,2021-12-30,Standard,10544.34
609,Synthetic Customer 00609,customer00609@example.invalid,India,2021-01-09,Standard,8099.46
610,Synthetic Customer 00610,customer00610@example.invalid,Germany,2020-12-20,Premium,14816.41
611,Synthetic Customer 00611,customer00611@example.invalid,Germany,2021-07-06,Premium,16698.86
612,Synthetic Customer 00612,customer00612@example.invalid,Germany,2020-04-12,Basic,1690.80
613,Synthetic Customer 00613,customer00613@example.invalid,Australia,2020-05-29,Basic,4493.82
614,Synthetic Customer 00614,customer00614@example.invalid,USA,2024-02-04,Standard,12984.87
615,Synthetic Customer 00615,customer00615@example.invalid,India,2020-02-25,Standard,16932.58
616,Synthetic Customer 00616,customer00616@example.invalid,USA,2023-01-10,Premium,384.90
617,Synthetic Customer 00617,customer00617@example.invalid,Australia,2025-04-25,Standard,10392.29
618,Synthetic Customer 00618,customer00618@example.invalid,India,2024-05-30,Basic,16576.67
619,Synthetic Customer 00619,customer00619@example.invalid,India,2020-05-17,Basic,2209.92
620,Synthetic Customer 00620,customer00620@example.invalid,Canada,2024-11-11,Basic,16208.27
621,Synthetic Customer 00621,customer00621@example.invalid,USA,2021-03-16,Standard,8978.73
622,Synthetic Customer 00622,customer00622@example.invalid,India,2020-04-30,Basic,14480.80
623,Synthetic Customer 00623,customer00623@example.invalid,Canada,2023-01-13,Basic,11064.57
624,Synthetic Customer 00624,customer00624@example.invalid,UK,2023-07-24,Basic,10956.45
625,Synthetic Customer 00625,customer00625@example.invalid,UK,2025-12-15,Standard,2689.03
626,Synthetic Customer 00626,customer00626@example.invalid,Germany,2024-05-14,Standard,19635.09
627,Synthetic Customer 00627,customer00627@example.invalid,India,2020-02-03,Standard,228.03
628,Synthetic Customer 00628,customer00628@example.invalid,Australia,2023-02-14,Basic,12674.11
629,Synthetic Customer 00629,customer00629@example.invalid,Germany,2023-02-25,Basic,18630.00
630,Synthetic Customer 00630,customer00630@example.invalid,India,2022-10-10,Standard,7498.70
631,Synthetic Customer 00631,customer00631@example.invalid,UK,2025-11-21,Standard,9101.05
632,Synthetic Customer 00632,customer00632@example.invalid,Australia,2024-06-13,Basic,4536.80
633,Synthetic Customer 00633,customer00633@example.invalid,India,2021-11-06,Standard,16701.72
634,Synthetic Customer 00634,customer00634@example.invalid,USA,2023-01-06,Premium,17902.45
635,Synthetic Customer 00635,customer00635@example.invalid,Germany,2021-08-14,Premium,13544.83
636,Synthetic Customer 00636,customer00636@example.invalid,UK,2024-04-13,Premium,3290.66
637,Synthetic Customer 00637,customer00637@example.invalid,UK,2022-12-08,Standard,18581.14
638,Synthetic Customer 00638,customer00638@example.invalid,Canada,2023-05-13,Basic,3736.98
639,Synthetic Customer 00639,customer00639@example.invalid,USA,2023-10-12,Premium,19536.54
640,Synthetic Customer 00640,customer00640@example.invalid,Canada,2024-02-27,Premium,13674.74
641,Synthetic Customer 00641,customer00641@example.invalid,UK,2022-07-16,Basic,578.64
642,Synthetic Customer 00642,customer00642@example.invalid,India,2024-03-07,Basic,18076.23
643,Synthetic Customer 00643,customer00643@example.invalid,UK,2022-12-10,Basic,14575.39
644,Synthetic Customer 00644,customer00644@example.invalid,Germany,2025-05-20,Premium,11263.84
645,Synthetic Customer 00645,customer00645@example.invalid,Singapore,2020-11-23,Basic,8723.04
646,Synthetic Customer 00646,customer00646@example.invalid,Germany,2023-08-23,Standard,1980.36
647,Synthetic Customer 00647,customer00647@example.invalid,India,2022-06-17,Standard,13781.45
648,Synthetic Customer 00648,customer00648@example.invalid,Canada,2022-09-15,Premium,2734.34
649,Synthetic Customer 00649,customer00649@example.invalid,Singapore,2024-08-03,Standard,11051.37
650,Synthetic Customer 00650,customer00650@example.invalid,UK,2023-08-09,Basic,492.82
651,Synthetic Customer 00651,customer00651@example.invalid,USA,2025-10-02,Basic,4604.05
652,Synthetic Customer 00652,customer00652@example.invalid,USA,2021-06-19,Premium,5724.61
653,Synthetic Customer 00653,customer00653@example.invalid,Canada,2023-06-17,Premium,15896.86
654,Synthetic Customer 00654,customer00654@example.invalid,UK,2020-07-08,Premium,13483.83
655,Synthetic Customer 00655,customer00655@example.invalid,USA,2024-10-05,Standard,3452.83
656,Synthetic Customer 00656,customer00656@example.invalid,UK,2024-06-30,Standard,13928.03
657,Synthetic Customer 00657,customer00657@example.invalid,India,2020-12-03,Standard,18720.86
658,Synthetic Customer 00658,customer00658@example.invalid,Canada,2024-04-25,Premium,16776.69
659,Synthetic Customer 00659,customer00659@example.invalid,Australia,2020-02-14,Standard,17843.39
660,Synthetic Customer 00660,customer00660@example.invalid,USA,2020-04-07,Premium,18728.73
661,Synthetic Customer 00661,customer00661@example.invalid,UK,2020-06-28,Standard,8985.53
662,Synthetic Customer 00662,customer00662@example.invalid,Singapore,2023-05-12,Standard,5680.62
663,Synthetic Customer 00663,customer00663@example.invalid,India,2023-07-19,Standard,15899.00
664,Synthetic Customer 00664,customer00664@example.invalid,Canada,2025-05-16,Premium,13050.25
665,Synthetic Customer 00665,customer00665@example.invalid,Singapore,2020-01-12,Standard,14041.32
666,Synthetic Customer 00666,customer00666@example.invalid,Germany,2022-05-18,Premium,3894.12
667,Synthetic Customer 00667,customer00667@example.invalid,USA,2022-09-16,Standard,11367.16
668,Synthetic Customer 00668,customer00668@example.invalid,Canada,2022-01-14,Basic,11627.27
669,Synthetic Customer 00669,customer00669@example.invalid,India,2020-06-19,Standard,1734.20
670,Synthetic Customer 00670,customer00670@example.invalid,Germany,2023-04-07,Premium,5337.76
671,Synthetic Customer 00671,customer00671@example.invalid,Canada,2024-10-29,Premium,15485.27
672,Synthetic Customer 00672,customer00672@example.invalid,Canada,2023-07-03,Premium,7412.38
673,Synthetic Customer 00673,customer00673@example.invalid,USA,2023-04-13,Premium,9786.69
674,Synthetic Customer 00674,customer00674@example.invalid,Singapore,2023-04-10,Basic,2595.87
675,Synthetic Customer 00675,customer00675@example.invalid,Germany,2021-04-04,Basic,17936.54
676,Synthetic Customer 00676,customer00676@example.invalid,Australia,2022-02-08,Premium,952.73
677,Synthetic Customer 00677,customer00677@example.invalid,Australia,2022-10-29,Premium,17984.14
678,Synthetic Customer 00678,customer00678@example.invalid,India,2025-04-01,Basic,6895.74
679,Synthetic Customer 00679,customer00679@example.invalid,Canada,2022-05-11,Basic,4061.34
680,Synthetic Customer 00680,customer00680@example.invalid,USA,2021-08-23,Premium,2641.34
681,Synthetic Customer 00681,customer00681@example.invalid,Australia,2022-03-10,Basic,2995.91
682,Synthetic Customer 00682,customer00682@example.invalid,Germany,2023-04-02,Basic,1466.24
683,Synthetic Customer 00683,customer00683@example.invalid,Singapore,2022-08-14,Premium,7102.68
684,Synthetic Customer 00684,customer00684@example.invalid,UK,2021-03-28,Premium,2721.03
685,Synthetic Customer 00685,customer00685@example.invalid,Australia,2022-12-17,Premium,2980.30
686,Synthetic Customer 00686,customer00686@example.invalid,Germany,2025-01-14,Basic,10767.84
687,Synthetic Customer 00687,customer00687@example.invalid,Australia,2024-03-16,Basic,10675.58
688,Synthetic Customer 00688,customer00688@example.invalid,Singapore,2024-07-30,Premium,2973.45
689,Synthetic Customer 00689,customer00689@example.invalid,Australia,2024-04-05,Standard,12596.81
690,Synthetic Customer 00690,customer00690@example.invalid,India,2021-01-29,Premium,11816.55
691,Synthetic Customer 00691,customer00691@example.invalid,UK,2022-11-25,Basic,10418.43
692,Synthetic Customer 00692,customer00692@example.invalid,UK,2021-11-10,Premium,9987.74
693,Synthetic Customer 00693,customer00693@example.invalid,Germany,2021-06-05,Standard,18356.99
694,Synthetic Customer 00694,customer00694@example.invalid,Canada,2025-12-19,Basic,19246.65
695,Synthetic Customer 00695,customer00695@example.invalid,India,2023-05-18,Premium,14175.18
696,Synthetic Customer 00696,customer00696@example.invalid,Singapore,2023-03-30,Basic,1857.66
697,Synthetic Customer 00697,customer00697@example.invalid,USA,2023-07-06,Premium,5895.67
698,Synthetic Customer 00698,customer00698@example.invalid,USA,2025-02-09,Standard,7740.01
699,Synthetic Customer 00699,customer00699@example.invalid,Germany,2022-12-10,Premium,4318.02
700,Synthetic Customer 00700,customer00700@example.invalid,India,2021-11-29,Basic,7396.30
701,Synthetic Customer 00701,customer00701@example.invalid,UK,2020-01-13,Standard,6956.74
702,Synthetic Customer 00702,customer00702@example.invalid,Germany,2021-02-25,Standard,12725.94
703,Synthetic Customer 00703,customer00703@example.invalid,Singapore,2022-12-07,Basic,719.67
704,Synthetic Customer 00704,customer00704@example.invalid,Canada,2020-09-23,Premium,8411.69
705,Synthetic Customer 00705,customer00705@example.invalid,Canada,2023-02-01,Standard,2706.88
706,Synthetic Customer 00706,customer00706@example.invalid,Singapore,2023-06-12,Standard,12095.11
707,Synthetic Customer 00707,customer00707@example.invalid,Germany,2024-10-05,Premium,1964.14
708,Synthetic Customer 00708,customer00708@example.invalid,Canada,2025-02-15,Basic,10416.53
709,Synthetic Customer 00709,customer00709@example.invalid,UK,2023-01-26,Basic,1180.03
710,Synthetic Customer 00710,customer00710@example.invalid,India,2025-02-09,Basic,6009.75
711,Synthetic Customer 00711,customer00711@example.invalid,Germany,2022-02-01,Premium,5015.36
712,Synthetic Customer 00712,customer00712@example.invalid,Singapore,2021-08-09,Premium,554.29
713,Synthetic Customer 00713,customer00713@example.invalid,Singapore,2021-01-11,Premium,7513.04
714,Synthetic Customer 00714,customer00714@example.invalid,UK,2022-09-23,Basic,11367.30
715,Synthetic Customer 00715,customer00715@example.invalid,Germany,2025-05-22,Premium,12691.44
716,Synthetic Customer 00716,customer00716@example.invalid,Canada,2024-04-18,Standard,323.06
717,Synthetic Customer 00717,customer00717@example.invalid,Germany,2020-07-30,Standard,9852.42
718,Synthetic Customer 00718,customer00718@example.invalid,Germany,2020-05-13,Standard,1285.15
719,Synthetic Customer 00719,customer00719@example.invalid,India,2023-07-26,Premium,7359.84
720,Synthetic Customer 00720,customer00720@example.invalid,Germany,2024-03-07,Premium,11261.99
721,Synthetic Customer 00721,customer00721@example.invalid,Singapore,2021-06-27,Premium,6227.21
722,Synthetic Customer 00722,customer00722@example.invalid,Canada,2021-02-20,Premium,4690.22
723,Synthetic Customer 00723,customer00723@example.invalid,USA,2025-07-20,Premium,12882.22
724,Synthetic Customer 00724,customer00724@example.invalid,Germany,2023-12-11,Standard,4211.85
725,Synthetic Customer 00725,customer00725@example.invalid,Singapore,2025-07-19,Standard,2166.39
726,Synthetic Customer 00726,customer00726@example.invalid,Germany,2023-06-08,Standard,4548.24
727,Synthetic Customer 00727,customer00727@example.invalid,Australia,2021-03-01,Basic,11899.54
728,Synthetic Customer 00728,customer00728@example.invalid,Singapore,2023-05-02,Premium,16133.12
729,Synthetic Customer 00729,customer00729@example.invalid,UK,2025-08-17,Basic,2015.52
730,Synthetic Customer 00730,customer00730@example.invalid,UK,2024-09-12,Standard,8606.63
731,Synthetic Customer 00731,customer00731@example.invalid,Singapore,2024-12-19,Standard,6210.35
732,Synthetic Customer 00732,customer00732@example.invalid,Australia,2022-09-01,Standard,3574.40
733,Synthetic Customer 00733,customer00733@example.invalid,India,2020-09-16,Premium,5172.85
734,Synthetic Customer 00734,customer00734@example.invalid,Canada,2020-12-30,Premium,797.61
735,Synthetic Customer 00735,customer00735@example.invalid,Canada,2023-04-16,Standard,1740.99
736,Synthetic Customer 00736,customer00736@example.invalid,Germany,2024-10-15,Basic,13136.33
737,Synthetic Customer 00737,customer00737@example.invalid,Australia,2025-11-17,Standard,11229.32
738,Synthetic Customer 00738,customer00738@example.invalid,Singapore,2021-05-14,Premium,9041.97
739,Synthetic Customer 00739,customer00739@example.invalid,UK,2024-05-25,Standard,10467.90
740,Synthetic Customer 00740,customer00740@example.invalid,UK,2021-11-04,Standard,13714.87
741,Synthetic Customer 00741,customer00741@example.invalid,Australia,2023-05-20,Standard,18193.04
742,Synthetic Customer 00742,customer00742@example.invalid,India,2024-12-04,Standard,15718.97
743,Synthetic Customer 00743,customer00743@example.invalid,Australia,2024-02-28,Premium,3981.28
744,Synthetic Customer 00744,customer00744@example.invalid,Canada,2024-12-09,Premium,13312.57
745,Synthetic Customer 00745,customer00745@example.invalid,Germany,2024-11-03,Premium,5158.96
746,Synthetic Customer 00746,customer00746@example.invalid,UK,2022-02-19,Premium,11573.02
747,Synthetic Customer 00747,customer00747@example.invalid,Singapore,2022-11-12,Premium,17647.60
748,Synthetic Customer 00748,customer00748@example.invalid,Singapore,2024-03-04,Premium,18297.33
749,Synthetic Customer 00749,customer00749@example.invalid,UK,2024-10-25,Basic,1873.55
750,Synthetic Customer 00750,customer00750@example.invalid,USA,2023-06-29,Premium,11468.35
751,Synthetic Customer 00751,customer00751@example.invalid,Canada,2020-01-06,Standard,4994.58
752,Synthetic Customer 00752,customer00752@example.invalid,India,2020-04-21,Premium,17306.48
753,Synthetic Customer 00753,customer00753@example.invalid,UK,2024-04-24,Standard,188.48
754,Synthetic Customer 00754,customer00754@example.invalid,Australia,2023-03-03,Basic,8213.05
755,Synthetic Customer 00755,customer00755@example.invalid,Canada,2025-07-14,Basic,19877.41
756,Synthetic Customer 00756,customer00756@example.invalid,Singapore,2024-09-23,Basic,4142.49
757,Synthetic Customer 00757,customer00757@example.invalid,Canada,2025-04-05,Premium,1618.83
758,Synthetic Customer 00758,customer00758@example.invalid,Canada,2023-06-19,Basic,4707.24
759,Synthetic Customer 00759,customer00759@example.invalid,Singapore,2022-03-20,Standard,5359.10
760,Synthetic Customer 00760,customer00760@example.invalid,India,2021-11-10,Premium,4154.04
761,Synthetic Customer 00761,customer00761@example.invalid,Germany,2022-11-30,Standard,3274.91
762,Synthetic Customer 00762,customer00762@example.invalid,India,2023-10-15,Premium,19880.58
763,Synthetic Customer 00763,customer00763@example.invalid,Canada,2020-11-03,Standard,16205.29
764,Synthetic Customer 00764,customer00764@example.invalid,UK,2020-09-04,Premium,13489.31
765,Synthetic Customer 00765,customer00765@example.invalid,UK,2025-11-30,Premium,10636.76
766,Synthetic Customer 00766,customer00766@example.invalid,Australia,2025-07-12,Basic,12196.66
767,Synthetic Customer 00767,customer00767@example.invalid,Canada,2024-01-04,Standard,9572.16
768,Synthetic Customer 00768,customer00768@example.invalid,Australia,2024-11-01,Premium,10230.27
769,Synthetic Customer 00769,customer00769@example.invalid,Australia,2022-12-13,Standard,15026.24
770,Synthetic Customer 00770,customer00770@example.invalid,Canada,2025-01-22,Premium,6861.50
771,Synthetic Customer 00771,customer00771@example.invalid,Germany,2023-06-26,Premium,4931.84
772,Synthetic Customer 00772,customer00772@example.invalid,UK,2024-01-17,Premium,17447.47
773,Synthetic Customer 00773,customer00773@example.invalid,Canada,2022-07-01,Basic,10015.18
774,Synthetic Customer 00774,customer00774@example.invalid,Germany,2025-02-27,Premium,18528.99
775,Synthetic Customer 00775,customer00775@example.invalid,USA,2022-08-25,Basic,2016.88
776,Synthetic Customer 00776,customer00776@example.invalid,Canada,2023-11-03,Standard,19477.35
777,Synthetic Customer 00777,customer00777@example.invalid,Singapore,invalid-date,Premium,13975.76
778,Synthetic Customer 00778,customer00778@example.invalid,Australia,2024-03-13,Premium,5051.29
779,Synthetic Customer 00779,customer00779@example.invalid,UK,2021-12-25,Basic,8202.25
780,Synthetic Customer 00780,customer00780@example.invalid,Germany,2021-03-22,Premium,11039.23
781,Synthetic Customer 00781,customer00781@example.invalid,Singapore,2024-07-03,Basic,4888.23
782,Synthetic Customer 00782,customer00782@example.invalid,Australia,2022-04-25,Premium,10235.46
783,Synthetic Customer 00783,customer00783@example.invalid,Canada,2020-01-07,Basic,8419.76
784,Synthetic Customer 00784,customer00784@example.invalid,USA,2020-01-25,Basic,14605.76
785,Synthetic Customer 00785,customer00785@example.invalid,Australia,2021-08-26,Premium,5652.77
786,Synthetic Customer 00786,customer00786@example.invalid,USA,2025-07-06,Basic,15121.23
787,Synthetic Customer 00787,customer00787@example.invalid,Canada,2022-12-26,Premium,15672.38
788,Synthetic Customer 00788,customer00788@example.invalid,Singapore,2022-06-17,Basic,7143.12
789,Synthetic Customer 00789,customer00789@example.invalid,Germany,2025-07-01,Standard,9948.11
790,Synthetic Customer 00790,customer00790@example.invalid,UK,2021-10-10,Premium,7010.57
791,Synthetic Customer 00791,customer00791@example.invalid,USA,2025-06-07,Standard,8596.10
792,Synthetic Customer 00792,customer00792@example.invalid,UK,2021-07-25,Premium,8086.96
793,Synthetic Customer 00793,customer00793@example.invalid,Singapore,2024-12-12,Premium,17282.51
794,Synthetic Customer 00794,customer00794@example.invalid,Australia,2024-03-01,Premium,5015.10
795,Synthetic Customer 00795,customer00795@example.invalid,India,2025-05-29,Standard,7725.26
796,Synthetic Customer 00796,customer00796@example.invalid,Germany,2025-09-16,Basic,8673.10
797,Synthetic Customer 00797,customer00797@example.invalid,Germany,2023-11-06,Basic,10409.89
798,Synthetic Customer 00798,customer00798@example.invalid,Germany,2021-06-05,Standard,14437.21
799,Synthetic Customer 00799,customer00799@example.invalid,Singapore,2023-05-19,Premium,6548.88
800,Synthetic Customer 00800,customer00800@example.invalid,Germany,2023-06-02,Basic,7228.74
801,Synthetic Customer 00801,customer00801@example.invalid,Germany,2020-02-13,Basic,8511.28
802,Synthetic Customer 00802,customer00802@example.invalid,Australia,2023-12-28,Basic,18510.27
803,Synthetic Customer 00803,customer00803@example.invalid,India,2025-11-13,Premium,5253.34
804,Synthetic Customer 00804,customer00804@example.invalid,UK,2025-10-17,Standard,13865.41
805,Synthetic Customer 00805,customer00805@example.invalid,Germany,2021-08-05,Basic,13352.30
806,Synthetic Customer 00806,customer00806@example.invalid,USA,2025-03-06,Premium,16553.81
807,Synthetic Customer 00807,customer00807@example.invalid,Singapore,2025-05-03,Basic,11981.48
808,Synthetic Customer 00808,customer00808@example.invalid,Australia,2023-09-26,Premium,6084.75
809,Synthetic Customer 00809,customer00809@example.invalid,UK,2023-12-01,Standard,7105.28
810,Synthetic Customer 00810,customer00810@example.invalid,Germany,2024-03-19,Standard,2036.90
811,Synthetic Customer 00811,customer00811@example.invalid,UK,2021-03-26,Basic,16307.16
812,Synthetic Customer 00812,customer00812@example.invalid,India,2020-04-22,Premium,12712.25
813,Synthetic Customer 00813,customer00813@example.invalid,Canada,2020-04-25,Premium,17363.16
814,Synthetic Customer 00814,customer00814@example.invalid,UK,2021-06-27,Premium,9790.94
815,Synthetic Customer 00815,customer00815@example.invalid,UK,2023-05-02,Standard,6938.20
816,Synthetic Customer 00816,customer00816@example.invalid,Canada,2021-10-26,Basic,2760.49
817,Synthetic Customer 00817,customer00817@example.invalid,UK,2020-08-03,Standard,12615.17
818,Synthetic Customer 00818,customer00818@example.invalid,USA,2023-03-05,Premium,2829.58
819,Synthetic Customer 00819,customer00819@example.invalid,USA,2025-07-17,Premium,6543.22
820,Synthetic Customer 00820,customer00820@example.invalid,Canada,2023-12-27,Basic,11798.00
821,Synthetic Customer 00821,customer00821@example.invalid,USA,2021-08-08,Standard,17485.48
822,Synthetic Customer 00822,customer00822@example.invalid,India,2020-08-30,Standard,7130.87
823,Synthetic Customer 00823,customer00823@example.invalid,Singapore,2024-07-01,Basic,16882.20
824,Synthetic Customer 00824,customer00824@example.invalid,Germany,2023-12-01,Standard,3456.20
825,Synthetic Customer 00825,customer00825@example.invalid,India,2024-11-18,Standard,15917.60
826,Synthetic Customer 00826,customer00826@example.invalid,India,2025-04-25,Premium,8016.49
827,Synthetic Customer 00827,customer00827@example.invalid,Canada,2020-01-24,Basic,10583.90
828,Synthetic Customer 00828,customer00828@example.invalid,Singapore,2021-03-28,Basic,10227.91
829,Synthetic Customer 00829,customer00829@example.invalid,Australia,2020-10-31,Basic,16184.56
830,Synthetic Customer 00830,customer00830@example.invalid,UK,2023-05-23,Basic,15061.12
831,Synthetic Customer 00831,customer00831@example.invalid,Canada,2024-02-28,Premium,16401.90
832,Synthetic Customer 00832,customer00832@example.invalid,Germany,2025-06-13,Basic,14276.94
833,Synthetic Customer 00833,customer00833@example.invalid,Germany,2021-07-31,Basic,1485.76
834,Synthetic Customer 00834,customer00834@example.invalid,Australia,2022-01-13,Standard,2809.24
835,Synthetic Customer 00835,customer00835@example.invalid,USA,2025-10-26,Premium,15913.14
836,Synthetic Customer 00836,customer00836@example.invalid,Singapore,2020-08-12,Premium,844.50
837,Synthetic Customer 00837,customer00837@example.invalid,India,2024-05-27,Premium,5028.32
838,Synthetic Customer 00838,customer00838@example.invalid,India,2023-11-30,Premium,10875.66
839,Synthetic Customer 00839,customer00839@example.invalid,India,2021-12-05,Standard,11485.63
840,Synthetic Customer 00840,customer00840@example.invalid,USA,2025-12-16,Basic,3568.32
841,Synthetic Customer 00841,customer00841@example.invalid,Canada,2024-12-29,Premium,3284.28
842,Synthetic Customer 00842,customer00842@example.invalid,Canada,2024-02-26,Standard,-100.00
843,Synthetic Customer 00843,customer00843@example.invalid,Germany,2024-11-23,Basic,16765.53
844,Synthetic Customer 00844,customer00844@example.invalid,India,2020-05-21,Basic,7286.41
845,Synthetic Customer 00845,customer00845@example.invalid,USA,2024-01-26,Standard,15254.43
846,Synthetic Customer 00846,customer00846@example.invalid,Canada,2022-07-31,Basic,14843.09
847,Synthetic Customer 00847,customer00847@example.invalid,Singapore,2024-03-04,Basic,17930.28
848,Synthetic Customer 00848,customer00848@example.invalid,Germany,2025-08-31,Premium,17519.69
849,Synthetic Customer 00849,customer00849@example.invalid,Singapore,2022-10-30,Standard,11130.07
850,Synthetic Customer 00850,customer00850@example.invalid,Singapore,2021-04-07,Standard,15844.39
851,Synthetic Customer 00851,customer00851@example.invalid,Australia,2020-12-13,Standard,3613.38
852,Synthetic Customer 00852,customer00852@example.invalid,Australia,2024-06-01,Premium,12588.86
853,Synthetic Customer 00853,customer00853@example.invalid,Singapore,2020-08-07,Basic,12012.71
854,Synthetic Customer 00854,customer00854@example.invalid,USA,2020-10-31,Premium,7266.09
855,Synthetic Customer 00855,customer00855@example.invalid,USA,2025-08-15,Basic,11092.64
856,Synthetic Customer 00856,customer00856@example.invalid,Singapore,2025-05-18,Premium,10099.27
857,Synthetic Customer 00857,customer00857@example.invalid,USA,2021-01-20,Premium,6605.66
858,Synthetic Customer 00858,customer00858@example.invalid,India,2020-09-19,Basic,18913.86
859,Synthetic Customer 00859,customer00859@example.invalid,Australia,2025-04-17,Premium,18115.19
860,Synthetic Customer 00860,customer00860@example.invalid,USA,2025-01-16,Premium,420.05
861,Synthetic Customer 00861,customer00861@example.invalid,Singapore,2020-03-06,Standard,19906.66
862,Synthetic Customer 00862,customer00862@example.invalid,Canada,2021-12-24,Premium,11412.35
863,Synthetic Customer 00863,customer00863@example.invalid,Germany,2025-12-31,Premium,12534.15
864,Synthetic Customer 00864,customer00864@example.invalid,Australia,2023-11-20,Standard,7301.61
865,Synthetic Customer 00865,customer00865@example.invalid,India,2023-09-02,Basic,10283.43
866,Synthetic Customer 00866,customer00866@example.invalid,UK,2020-02-18,Standard,4470.09
867,Synthetic Customer 00867,customer00867@example.invalid,Singapore,2020-10-28,Premium,15681.86
868,Synthetic Customer 00868,customer00868@example.invalid,USA,2020-10-27,Premium,15448.93
869,Synthetic Customer 00869,customer00869@example.invalid,Singapore,2022-09-27,Standard,18800.41
870,Synthetic Customer 00870,customer00870@example.invalid,India,2024-09-24,Standard,14351.59
871,Synthetic Customer 00871,customer00871@example.invalid,USA,2020-02-06,Premium,17618.68
872,Synthetic Customer 00872,customer00872@example.invalid,India,2020-11-15,Premium,14416.30
873,Synthetic Customer 00873,customer00873@example.invalid,UK,2023-11-12,Basic,5304.82
874,Synthetic Customer 00874,customer00874@example.invalid,India,2021-05-23,Premium,3243.96
875,Synthetic Customer 00875,customer00875@example.invalid,Singapore,2022-12-19,Premium,10924.42
876,Synthetic Customer 00876,customer00876@example.invalid,India,2023-11-23,Basic,2695.50
877,Synthetic Customer 00877,customer00877@example.invalid,Germany,2020-08-18,Standard,19794.79
878,Synthetic Customer 00878,customer00878@example.invalid,Germany,2020-03-18,Basic,10201.82
879,Synthetic Customer 00879,customer00879@example.invalid,Germany,2020-07-19,Premium,18296.00
880,Synthetic Customer 00880,customer00880@example.invalid,Germany,2020-02-17,Premium,14907.15
881,Synthetic Customer 00881,customer00881@example.invalid,UK,2021-06-25,Basic,1104.36
882,Synthetic Customer 00882,customer00882@example.invalid,UK,2023-08-09,Premium,19946.67
883,Synthetic Customer 00883,customer00883@example.invalid,India,2021-11-12,Premium,934.65
884,Synthetic Customer 00884,customer00884@example.invalid,Singapore,2020-09-06,Premium,9178.74
885,Synthetic Customer 00885,customer00885@example.invalid,UK,2025-07-23,Standard,9441.60
886,Synthetic Customer 00886,customer00886@example.invalid,USA,2025-02-13,Standard,17648.54
887,Synthetic Customer 00887,customer00887@example.invalid,India,2024-01-29,Premium,7733.44
888,Synthetic Customer 00888,customer00888@example.invalid,India,2020-12-01,Premium,3481.23
889,Synthetic Customer 00889,customer00889@example.invalid,USA,2021-10-11,Standard,19688.09
890,Synthetic Customer 00890,customer00890@example.invalid,USA,2021-06-29,Standard,18317.43
891,Synthetic Customer 00891,customer00891@example.invalid,India,2020-11-15,Basic,7078.87
892,Synthetic Customer 00892,customer00892@example.invalid,USA,2025-02-09,Premium,7062.40
893,Synthetic Customer 00893,customer00893@example.invalid,UK,2021-10-03,Premium,12130.99
894,Synthetic Customer 00894,customer00894@example.invalid,Germany,2025-11-01,Standard,9623.62
895,Synthetic Customer 00895,customer00895@example.invalid,Germany,2022-09-22,Basic,14543.11
896,Synthetic Customer 00896,customer00896@example.invalid,Singapore,2023-03-13,Standard,17438.01
897,Synthetic Customer 00897,customer00897@example.invalid,Canada,2021-08-30,Standard,12894.14
898,Synthetic Customer 00898,customer00898@example.invalid,Australia,2020-08-11,Basic,4444.39
899,Synthetic Customer 00899,customer00899@example.invalid,Australia,2023-11-19,Premium,1720.53
900,Synthetic Customer 00900,customer00900@example.invalid,Singapore,2022-10-09,Premium,12839.23
901,Synthetic Customer 00901,customer00901@example.invalid,UK,2024-12-23,Premium,13943.23
902,Synthetic Customer 00902,customer00902@example.invalid,Australia,2020-11-05,Basic,17773.26
903,Synthetic Customer 00903,customer00903@example.invalid,Germany,2022-10-29,Premium,13966.70
904,Synthetic Customer 00904,customer00904@example.invalid,India,2023-04-13,Standard,1004.59
905,Synthetic Customer 00905,customer00905@example.invalid,India,2022-03-21,Basic,1337.73
906,Synthetic Customer 00906,customer00906@example.invalid,Canada,2022-05-16,Premium,18396.03
907,Synthetic Customer 00907,customer00907@example.invalid,USA,2020-01-30,Basic,8531.73
908,Synthetic Customer 00908,customer00908@example.invalid,Australia,2022-08-17,Premium,13840.07
909,Synthetic Customer 00909,customer00909@example.invalid,UK,2020-07-10,Standard,7363.69
910,Synthetic Customer 00910,customer00910@example.invalid,Australia,2025-05-10,Standard,17099.20
911,Synthetic Customer 00911,customer00911@example.invalid,Germany,2023-05-03,Standard,7513.59
912,Synthetic Customer 00912,customer00912@example.invalid,USA,2020-09-11,Basic,2310.58
913,Synthetic Customer 00913,customer00913@example.invalid,India,2021-04-10,Standard,1118.44
914,Synthetic Customer 00914,customer00914@example.invalid,Australia,2020-02-22,Basic,1949.29
915,Synthetic Customer 00915,customer00915@example.invalid,Australia,2023-05-13,Premium,7270.70
916,Synthetic Customer 00916,customer00916@example.invalid,UK,2023-03-23,Standard,19740.73
917,Synthetic Customer 00917,customer00917@example.invalid,UK,2020-07-30,Basic,3017.94
918,Synthetic Customer 00918,customer00918@example.invalid,USA,2025-07-13,Premium,5531.91
919,Synthetic Customer 00919,customer00919@example.invalid,Canada,2024-03-13,Premium,9043.55
920,Synthetic Customer 00920,customer00920@example.invalid,Germany,2024-06-02,Basic,6274.88
921,Synthetic Customer 00921,customer00921@example.invalid,India,2020-04-18,Basic,7645.97
922,Synthetic Customer 00922,customer00922@example.invalid,USA,2022-01-24,Premium,9449.18
923,Synthetic Customer 00923,customer00923@example.invalid,Australia,2020-05-03,Basic,14640.05
924,Synthetic Customer 00924,customer00924@example.invalid,UK,2023-03-08,Standard,844.94
925,Synthetic Customer 00925,customer00925@example.invalid,Canada,2020-12-22,Premium,1174.27
926,Synthetic Customer 00926,customer00926@example.invalid,Germany,2024-03-20,Premium,18971.93
927,Synthetic Customer 00927,customer00927@example.invalid,USA,2023-07-28,Standard,12335.53
928,Synthetic Customer 00928,customer00928@example.invalid,UK,2024-12-16,Premium,12501.24
929,Synthetic Customer 00929,customer00929@example.invalid,UK,2025-02-19,Standard,11916.75
930,Synthetic Customer 00930,customer00930@example.invalid,Singapore,2024-03-28,Standard,2449.78
931,Synthetic Customer 00931,customer00931@example.invalid,USA,2023-03-08,Basic,9355.54
932,Synthetic Customer 00932,customer00932@example.invalid,Singapore,2021-09-07,Basic,8179.85
933,Synthetic Customer 00933,customer00933@example.invalid,Canada,2023-08-04,Standard,1266.61
934,Synthetic Customer 00934,customer00934@example.invalid,USA,2024-08-10,Standard,15774.45
935,Synthetic Customer 00935,customer00935@example.invalid,Singapore,2022-05-21,Premium,16158.50
936,Synthetic Customer 00936,customer00936@example.invalid,USA,2023-04-20,Basic,19696.00
937,Synthetic Customer 00937,customer00937@example.invalid,Singapore,2022-07-12,Premium,10535.75
938,Synthetic Customer 00938,customer00938@example.invalid,Singapore,2022-01-07,Basic,4631.34
939,Synthetic Customer 00939,customer00939@example.invalid,USA,2024-05-05,Basic,14646.37
940,Synthetic Customer 00940,customer00940@example.invalid,USA,2025-03-01,Premium,5813.10
941,Synthetic Customer 00941,customer00941@example.invalid,Australia,2023-03-29,Standard,4253.96
942,Synthetic Customer 00942,customer00942@example.invalid,USA,2023-03-13,Premium,16516.25
943,Synthetic Customer 00943,customer00943@example.invalid,India,2023-03-14,Standard,13606.58
944,Synthetic Customer 00944,customer00944@example.invalid,Germany,2022-11-11,Standard,19469.89
945,Synthetic Customer 00945,customer00945@example.invalid,USA,2024-05-23,Premium,9488.35
946,Synthetic Customer 00946,customer00946@example.invalid,India,2020-10-20,Basic,3572.77
947,Synthetic Customer 00947,customer00947@example.invalid,Germany,2020-11-08,Basic,18884.44
948,Synthetic Customer 00948,customer00948@example.invalid,USA,2022-07-30,Basic,15049.80
949,Synthetic Customer 00949,customer00949@example.invalid,Australia,2023-07-20,Standard,6854.78
950,Synthetic Customer 00950,customer00950@example.invalid,Singapore,2024-06-16,Premium,11168.64
951,Synthetic Customer 00951,customer00951@example.invalid,Australia,2025-05-19,Premium,19058.75
952,Synthetic Customer 00952,customer00952@example.invalid,Germany,2024-02-21,Standard,11240.55
953,Synthetic Customer 00953,customer00953@example.invalid,India,2024-06-25,Basic,2741.94
954,Synthetic Customer 00954,customer00954@example.invalid,Australia,2022-08-13,Standard,1174.60
955,Synthetic Customer 00955,customer00955@example.invalid,Canada,2023-09-16,Premium,3808.89
956,Synthetic Customer 00956,customer00956@example.invalid,UK,2021-05-15,Premium,788.79
957,Synthetic Customer 00957,customer00957@example.invalid,Germany,2024-02-19,Premium,16938.30
958,Synthetic Customer 00958,customer00958@example.invalid,India,2023-09-22,Standard,17621.81
959,Synthetic Customer 00959,customer00959@example.invalid,Germany,2024-01-13,Basic,13305.98
960,Synthetic Customer 00960,customer00960@example.invalid,India,2022-05-22,Basic,15013.74
961,Synthetic Customer 00961,customer00961@example.invalid,India,2024-12-09,Premium,19548.99
962,Synthetic Customer 00962,customer00962@example.invalid,Singapore,2024-05-03,Basic,11642.29
963,Synthetic Customer 00963,customer00963@example.invalid,UK,2023-07-12,Basic,10807.48
964,Synthetic Customer 00964,customer00964@example.invalid,Germany,2023-05-01,Standard,4077.55
965,Synthetic Customer 00965,customer00965@example.invalid,Singapore,2024-04-18,Standard,3664.07
966,Synthetic Customer 00966,customer00966@example.invalid,Singapore,2021-09-27,Premium,18898.24
967,Synthetic Customer 00967,customer00967@example.invalid,USA,2020-09-19,Basic,5079.64
968,Synthetic Customer 00968,customer00968@example.invalid,Canada,2024-08-17,Standard,11369.16
969,Synthetic Customer 00969,customer00969@example.invalid,Germany,2025-05-08,Premium,6800.34
970,Synthetic Customer 00970,customer00970@example.invalid,Canada,2024-03-05,Standard,19387.45
971,Synthetic Customer 00971,customer00971@example.invalid,Australia,2024-09-17,Standard,19259.12
972,Synthetic Customer 00972,customer00972@example.invalid,India,2021-04-20,Standard,602.03
973,Synthetic Customer 00973,customer00973@example.invalid,Singapore,2020-02-11,Standard,12615.41
974,Synthetic Customer 00974,customer00974@example.invalid,Australia,2024-09-11,Standard,9043.75
975,Synthetic Customer 00975,customer00975@example.invalid,USA,2024-01-24,Premium,10330.89
976,Synthetic Customer 00976,customer00976@example.invalid,Germany,2021-03-21,Standard,295.84
977,Synthetic Customer 00977,customer00977@example.invalid,Germany,2024-11-02,Basic,3954.35
978,Synthetic Customer 00978,customer00978@example.invalid,India,2023-10-02,Premium,14323.24
979,Synthetic Customer 00979,customer00979@example.invalid,Canada,2023-11-29,Basic,12078.75
980,Synthetic Customer 00980,customer00980@example.invalid,USA,2024-10-28,Standard,9078.63
981,Synthetic Customer 00981,customer00981@example.invalid,Canada,2024-06-28,Standard,16919.96
982,Synthetic Customer 00982,customer00982@example.invalid,Canada,2023-05-06,Standard,4003.95
983,Synthetic Customer 00983,customer00983@example.invalid,USA,2022-04-07,Basic,3536.43
984,Synthetic Customer 00984,customer00984@example.invalid,USA,2021-01-24,Premium,2992.14
985,Synthetic Customer 00985,customer00985@example.invalid,Germany,2020-02-04,Standard,12942.64
986,Synthetic Customer 00986,customer00986@example.invalid,Singapore,2024-05-31,Premium,6500.74
987,Synthetic Customer 00987,customer00987@example.invalid,UK,2020-08-24,Premium,10800.32
988,Synthetic Customer 00988,customer00988@example.invalid,USA,2020-01-20,Standard,3316.57
989,Synthetic Customer 00989,customer00989@example.invalid,India,2020-06-08,Standard,15623.37
990,Synthetic Customer 00990,customer00990@example.invalid,Germany,2022-07-27,Basic,10431.36
991,Synthetic Customer 00991,customer00991@example.invalid,Canada,2025-03-12,Basic,15276.59
992,Synthetic Customer 00992,customer00992@example.invalid,Australia,2021-09-11,Premium,3295.69
993,Synthetic Customer 00993,customer00993@example.invalid,UK,2025-10-14,Basic,9497.91
994,Synthetic Customer 00994,customer00994@example.invalid,Canada,2020-07-11,Premium,15146.28
995,Synthetic Customer 00995,customer00995@example.invalid,USA,2023-07-04,Standard,1792.96
996,Synthetic Customer 00996,customer00996@example.invalid,UK,2025-10-12,Standard,1031.18
997,Synthetic Customer 00997,customer00997@example.invalid,Singapore,2021-02-23,Standard,2640.60
998,Synthetic Customer 00998,customer00998@example.invalid,Singapore,2025-07-14,Premium,19499.29
999,Synthetic Customer 00999,customer00999@example.invalid,India,2025-07-19,Standard,10614.34
1000,Synthetic Customer 01000,customer01000@example.invalid,Australia,2022-02-25,Standard,9310.40
1001,Synthetic Customer 01001,customer01001@example.invalid,India,2022-11-09,Standard,11414.21
1002,Synthetic Customer 01002,customer01002@example.invalid,Canada,2024-01-23,Premium,2357.84
1003,Synthetic Customer 01003,customer01003@example.invalid,USA,2021-08-15,Premium,9096.74
1004,Synthetic Customer 01004,customer01004@example.invalid,Germany,2025-02-09,Standard,7965.74
1005,Synthetic Customer 01005,customer01005@example.invalid,Canada,2022-12-07,Standard,1205.68
1006,Synthetic Customer 01006,customer01006@example.invalid,India,2022-07-16,Premium,7530.44
1007,Synthetic Customer 01007,customer01007@example.invalid,USA,2023-07-28,Basic,17798.48
1008,Synthetic Customer 01008,customer01008@example.invalid,Singapore,2023-04-10,Basic,12600.58
1009,Synthetic Customer 01009,customer01009@example.invalid,India,2021-10-30,Premium,6806.87
1010,Synthetic Customer 01010,customer01010@example.invalid,Australia,2024-05-29,Standard,14261.32
1011,Synthetic Customer 01011,customer01011@example.invalid,India,2021-02-10,Basic,10888.33
1012,Synthetic Customer 01012,customer01012@example.invalid,USA,2021-03-05,Premium,13430.44
1013,Synthetic Customer 01013,customer01013@example.invalid,Australia,2022-10-23,Standard,1392.40
1014,Synthetic Customer 01014,customer01014@example.invalid,USA,2022-07-20,Premium,11209.34
1015,Synthetic Customer 01015,customer01015@example.invalid,India,2025-07-11,Premium,7840.63
1016,Synthetic Customer 01016,customer01016@example.invalid,India,2023-11-14,Basic,8379.58
1017,Synthetic Customer 01017,customer01017@example.invalid,Singapore,2024-03-05,Standard,3434.19
1018,Synthetic Customer 01018,customer01018@example.invalid,Canada,2025-05-25,Premium,19528.67
1019,Synthetic Customer 01019,customer01019@example.invalid,Germany,2023-04-02,Basic,4075.25
1020,Synthetic Customer 01020,customer01020@example.invalid,UK,2022-06-06,Premium,2149.87
1021,Synthetic Customer 01021,customer01021@example.invalid,Australia,2020-10-01,Premium,3279.86
1022,Synthetic Customer 01022,customer01022@example.invalid,UK,2024-12-03,Premium,12536.84
1023,Synthetic Customer 01023,customer01023@example.invalid,UK,2022-07-13,Basic,4282.48
1024,Synthetic Customer 01024,customer01024@example.invalid,USA,2022-03-02,Standard,4999.61
1025,Synthetic Customer 01025,customer01025@example.invalid,USA,2022-06-29,Premium,12135.10
1026,Synthetic Customer 01026,customer01026@example.invalid,UK,2020-05-16,Basic,12258.51
1027,Synthetic Customer 01027,customer01027@example.invalid,Canada,2023-07-24,Standard,17037.65
1028,Synthetic Customer 01028,customer01028@example.invalid,Canada,2024-06-21,Standard,6146.01
1029,Synthetic Customer 01029,customer01029@example.invalid,USA,2020-02-21,Standard,3780.12
1030,Synthetic Customer 01030,customer01030@example.invalid,India,2025-02-16,Standard,7565.10
1031,Synthetic Customer 01031,customer01031@example.invalid,Canada,2025-02-24,Basic,340.73
1032,Synthetic Customer 01032,customer01032@example.invalid,Australia,2020-07-28,Basic,11869.00
1033,Synthetic Customer 01033,customer01033@example.invalid,Australia,2022-05-03,Standard,10123.98
1034,Synthetic Customer 01034,customer01034@example.invalid,USA,2021-12-27,Premium,2287.08
1035,Synthetic Customer 01035,customer01035@example.invalid,UK,2020-08-08,Basic,5199.63
1036,Synthetic Customer 01036,customer01036@example.invalid,Germany,2021-10-09,Premium,17618.01
1037,Synthetic Customer 01037,customer01037@example.invalid,Australia,2020-10-02,Standard,219.40
1038,Synthetic Customer 01038,customer01038@example.invalid,Australia,2025-10-20,Basic,4117.55
1039,Synthetic Customer 01039,customer01039@example.invalid,Germany,2021-08-26,Standard,6302.96
1040,Synthetic Customer 01040,customer01040@example.invalid,Singapore,2022-07-26,Basic,2889.99
1041,Synthetic Customer 01041,customer01041@example.invalid,Australia,2020-12-20,Basic,5289.45
1042,Synthetic Customer 01042,customer01042@example.invalid,USA,2022-09-16,Basic,18065.45
1043,Synthetic Customer 01043,customer01043@example.invalid,Australia,2024-11-13,Standard,18409.87
1044,Synthetic Customer 01044,customer01044@example.invalid,UK,2020-02-11,Basic,17910.57
1045,Synthetic Customer 01045,customer01045@example.invalid,Singapore,2025-04-25,Premium,14136.98
1046,Synthetic Customer 01046,customer01046@example.invalid,Germany,2022-12-31,Premium,18517.58
1047,Synthetic Customer 01047,customer01047@example.invalid,India,2021-09-30,Premium,1666.13
1048,Synthetic Customer 01048,customer01048@example.invalid,India,2021-08-17,Premium,920.30
1049,Synthetic Customer 01049,customer01049@example.invalid,Germany,2021-09-21,Premium,14798.83
1050,Synthetic Customer 01050,customer01050@example.invalid,Canada,2021-02-15,Basic,14826.11
1051,Synthetic Customer 01051,customer01051@example.invalid,Germany,2021-02-03,Basic,16171.79
1052,Synthetic Customer 01052,customer01052@example.invalid,Australia,2023-09-26,Basic,12632.34
1053,Synthetic Customer 01053,customer01053@example.invalid,India,2020-04-27,Premium,5870.89
1054,Synthetic Customer 01054,customer01054@example.invalid,Singapore,2023-08-26,Premium,12464.08
1055,Synthetic Customer 01055,customer01055@example.invalid,Canada,2025-05-19,Premium,1826.37
1056,Synthetic Customer 01056,customer01056@example.invalid,Australia,2021-04-07,Premium,11341.60
1057,Synthetic Customer 01057,customer01057@example.invalid,Singapore,2024-10-28,Premium,8788.90
1058,Synthetic Customer 01058,customer01058@example.invalid,UK,2024-11-02,Standard,2272.99
1059,Synthetic Customer 01059,customer01059@example.invalid,Germany,2024-11-09,Basic,10818.81
1060,Synthetic Customer 01060,customer01060@example.invalid,Singapore,2021-06-07,Premium,8096.70
1061,Synthetic Customer 01061,customer01061@example.invalid,Singapore,2024-07-26,Basic,10252.32
1062,Synthetic Customer 01062,customer01062@example.invalid,USA,2022-02-10,Standard,15389.61
1063,Synthetic Customer 01063,customer01063@example.invalid,Singapore,2021-06-04,Premium,11377.86
1064,Synthetic Customer 01064,customer01064@example.invalid,UK,2020-07-10,Premium,16712.37
1065,Synthetic Customer 01065,customer01065@example.invalid,India,2024-10-08,Basic,12329.49
1066,Synthetic Customer 01066,customer01066@example.invalid,Singapore,2023-03-02,Premium,15340.24
1067,Synthetic Customer 01067,customer01067@example.invalid,Germany,2025-01-25,Standard,11979.99
1068,Synthetic Customer 01068,customer01068@example.invalid,USA,2025-08-03,Standard,3805.86
1069,Synthetic Customer 01069,customer01069@example.invalid,UK,2022-07-16,Premium,15917.96
1070,Synthetic Customer 01070,customer01070@example.invalid,India,2022-05-05,Standard,9399.93
1071,Synthetic Customer 01071,customer01071@example.invalid,USA,2023-02-26,Basic,3125.90
1072,Synthetic Customer 01072,customer01072@example.invalid,USA,2020-11-29,Basic,18486.65
1073,Synthetic Customer 01073,customer01073@example.invalid,Germany,2020-03-13,Standard,11726.38
1074,Synthetic Customer 01074,customer01074@example.invalid,USA,2024-06-25,Standard,14771.18
1075,Synthetic Customer 01075,customer01075@example.invalid,India,2022-03-26,Premium,14042.42
1076,Synthetic Customer 01076,customer01076@example.invalid,Germany,2024-01-22,Basic,18092.11
1077,Synthetic Customer 01077,customer01077@example.invalid,UK,2025-05-26,Standard,13806.21
1078,Synthetic Customer 01078,customer01078@example.invalid,UK,2024-12-22,Basic,14483.23
1079,Synthetic Customer 01079,customer01079@example.invalid,India,2021-06-11,Premium,6790.90
1080,Synthetic Customer 01080,customer01080@example.invalid,Canada,2023-05-27,Basic,6449.78
1081,Synthetic Customer 01081,customer01081@example.invalid,Singapore,2021-03-30,Basic,14977.62
1082,Synthetic Customer 01082,customer01082@example.invalid,USA,2025-02-13,Basic,16369.19
1083,Synthetic Customer 01083,customer01083@example.invalid,India,2021-12-15,Basic,15905.77
1084,Synthetic Customer 01084,customer01084@example.invalid,UK,2024-11-20,Standard,16259.57
1085,Synthetic Customer 01085,customer01085@example.invalid,UK,2023-01-07,Standard,11324.85
1086,Synthetic Customer 01086,customer01086@example.invalid,Canada,2024-02-05,Premium,10617.23
1087,Synthetic Customer 01087,customer01087@example.invalid,Canada,2021-07-05,Basic,1427.31
1088,Synthetic Customer 01088,customer01088@example.invalid,UK,2021-02-04,Standard,17892.74
1089,Synthetic Customer 01089,customer01089@example.invalid,UK,2022-02-04,Standard,18483.98
1090,Synthetic Customer 01090,customer01090@example.invalid,Australia,2020-05-12,Premium,17631.79
1091,Synthetic Customer 01091,customer01091@example.invalid,UK,2020-02-23,Standard,1252.23
1092,Synthetic Customer 01092,customer01092@example.invalid,India,2025-11-14,Premium,13037.88
1093,Synthetic Customer 01093,customer01093@example.invalid,Australia,2020-10-15,Basic,6795.98
1094,Synthetic Customer 01094,customer01094@example.invalid,Australia,2021-12-28,Premium,17529.10
1095,Synthetic Customer 01095,customer01095@example.invalid,UK,2022-03-20,Premium,11076.05
1096,Synthetic Customer 01096,customer01096@example.invalid,USA,2025-06-22,Standard,6355.14
1097,Synthetic Customer 01097,customer01097@example.invalid,Singapore,2021-08-01,Standard,9867.17
1098,Synthetic Customer 01098,customer01098@example.invalid,UK,2021-08-23,Standard,1001.72
1099,Synthetic Customer 01099,customer01099@example.invalid,Germany,2021-07-30,Basic,5357.48
1100,Synthetic Customer 01100,customer01100@example.invalid,Germany,2022-12-01,Premium,16392.49
1101,Synthetic Customer 01101,customer01101@example.invalid,UK,2022-10-10,Premium,12736.98
1102,Synthetic Customer 01102,customer01102@example.invalid,USA,2021-10-31,Basic,11958.42
1103,Synthetic Customer 01103,customer01103@example.invalid,UK,2023-01-04,Basic,11932.37
1104,Synthetic Customer 01104,customer01104@example.invalid,USA,2022-04-27,Basic,8289.86
1105,Synthetic Customer 01105,customer01105@example.invalid,India,2024-12-14,Standard,15772.10
1106,Synthetic Customer 01106,customer01106@example.invalid,Germany,2024-06-23,Basic,16501.66
1107,Synthetic Customer 01107,customer01107@example.invalid,India,2020-04-28,Standard,9865.26
1108,Synthetic Customer 01108,customer01108@example.invalid,Canada,2023-05-26,Premium,4288.40
1109,Synthetic Customer 01109,customer01109@example.invalid,Canada,2024-04-19,Basic,8411.04
1110,Synthetic Customer 01110,customer01110@example.invalid,Australia,2022-12-10,Standard,7947.14
1111,Synthetic Customer 01111,customer01111@example.invalid,USA,2020-04-04,Basic,10682.86
1112,Synthetic Customer 01112,customer01112@example.invalid,Singapore,2020-12-14,Standard,16975.78
1113,Synthetic Customer 01113,customer01113@example.invalid,India,2024-07-10,Standard,17809.38
1114,Synthetic Customer 01114,customer01114@example.invalid,Australia,2022-08-08,Standard,19444.76
1115,Synthetic Customer 01115,customer01115@example.invalid,Canada,2024-01-31,Basic,15584.32
1116,Synthetic Customer 01116,customer01116@example.invalid,Australia,2022-12-29,Standard,800.71
1117,Synthetic Customer 01117,customer01117@example.invalid,Canada,2024-07-21,Basic,13797.34
1118,Synthetic Customer 01118,customer01118@example.invalid,Singapore,2025-09-18,Standard,9156.66
1119,Synthetic Customer 01119,customer01119@example.invalid,Singapore,2023-09-21,Standard,14083.03
1120,Synthetic Customer 01120,customer01120@example.invalid,USA,2020-06-23,Basic,18910.00
1121,Synthetic Customer 01121,customer01121@example.invalid,Canada,2024-03-26,Standard,8115.32
1122,Synthetic Customer 01122,customer01122@example.invalid,USA,2023-10-09,Standard,9760.05
1123,Synthetic Customer 01123,customer01123@example.invalid,India,2025-09-03,Standard,11621.61
1124,Synthetic Customer 01124,customer01124@example.invalid,UK,2021-05-12,Basic,10241.22
1125,Synthetic Customer 01125,customer01125@example.invalid,Germany,2020-06-29,Basic,19743.49
1126,Synthetic Customer 01126,customer01126@example.invalid,Australia,2022-04-28,Standard,12544.46
1127,Synthetic Customer 01127,customer01127@example.invalid,Canada,2025-10-22,Standard,885.98
1128,Synthetic Customer 01128,customer01128@example.invalid,Australia,2021-03-05,Premium,17200.55
1129,Synthetic Customer 01129,customer01129@example.invalid,Australia,2020-09-14,Standard,8284.64
1130,Synthetic Customer 01130,customer01130@example.invalid,Singapore,2021-05-25,Premium,19697.06
1131,Synthetic Customer 01131,customer01131@example.invalid,India,2023-01-16,Premium,4885.24
1132,Synthetic Customer 01132,customer01132@example.invalid,India,2021-12-26,Basic,16801.92
1133,Synthetic Customer 01133,customer01133@example.invalid,India,2022-09-19,Premium,15102.07
1134,Synthetic Customer 01134,customer01134@example.invalid,Canada,2024-07-01,Standard,18147.86
1135,Synthetic Customer 01135,customer01135@example.invalid,Singapore,2020-06-03,Basic,60.82
1136,Synthetic Customer 01136,customer01136@example.invalid,USA,2020-08-17,Basic,4442.24
1137,Synthetic Customer 01137,customer01137@example.invalid,India,2025-01-28,Basic,1306.96
1138,Synthetic Customer 01138,customer01138@example.invalid,UK,2024-12-04,Basic,12134.85
1139,Synthetic Customer 01139,customer01139@example.invalid,Canada,2025-01-02,Premium,18172.47
1140,Synthetic Customer 01140,customer01140@example.invalid,UK,2024-01-01,Standard,5605.48
1141,Synthetic Customer 01141,customer01141@example.invalid,India,2023-01-24,Standard,5670.81
1142,Synthetic Customer 01142,customer01142@example.invalid,Canada,2025-02-01,Standard,1947.80
1143,Synthetic Customer 01143,customer01143@example.invalid,Australia,2024-03-23,Standard,9281.71
1144,Synthetic Customer 01144,customer01144@example.invalid,Canada,2021-08-20,Premium,17781.55
1145,Synthetic Customer 01145,customer01145@example.invalid,USA,2023-10-10,Standard,16326.08
1146,Synthetic Customer 01146,customer01146@example.invalid,UK,2024-11-19,Basic,5067.39
1147,Synthetic Customer 01147,customer01147@example.invalid,UK,2021-01-15,Premium,12439.01
1148,Synthetic Customer 01148,customer01148@example.invalid,India,2022-04-29,Basic,12511.38
1149,Synthetic Customer 01149,customer01149@example.invalid,USA,2022-02-16,Basic,18806.55
1150,Synthetic Customer 01150,customer01150@example.invalid,Singapore,2022-08-24,Standard,15748.21
1151,Synthetic Customer 01151,customer01151@example.invalid,India,2025-10-24,Standard,12085.68
1152,Synthetic Customer 01152,customer01152@example.invalid,Canada,2024-01-02,Basic,13501.67
1153,Synthetic Customer 01153,customer01153@example.invalid,Germany,2023-08-02,Premium,13902.90
1154,Synthetic Customer 01154,customer01154@example.invalid,India,2022-01-05,Premium,18520.58
1155,Synthetic Customer 01155,customer01155@example.invalid,India,2021-05-19,Standard,4733.07
1156,Synthetic Customer 01156,customer01156@example.invalid,Australia,2020-07-01,Basic,11970.48
1157,Synthetic Customer 01157,customer01157@example.invalid,UK,2024-09-30,Standard,7344.12
1158,Synthetic Customer 01158,customer01158@example.invalid,USA,2024-06-09,Standard,17074.53
1159,Synthetic Customer 01159,customer01159@example.invalid,Australia,2020-02-23,Basic,17996.64
1160,Synthetic Customer 01160,customer01160@example.invalid,Singapore,2020-09-11,Standard,12036.48
1161,Synthetic Customer 01161,customer01161@example.invalid,Germany,2021-04-10,Standard,16085.22
1162,Synthetic Customer 01162,customer01162@example.invalid,Canada,2023-08-12,Basic,4660.86
1163,Synthetic Customer 01163,customer01163@example.invalid,Australia,2025-10-20,Basic,5368.56
1164,Synthetic Customer 01164,customer01164@example.invalid,UK,2023-09-21,Standard,15078.91
1165,Synthetic Customer 01165,customer01165@example.invalid,Canada,2020-01-08,Basic,7140.51
1166,Synthetic Customer 01166,customer01166@example.invalid,Germany,2023-10-30,Basic,9437.63
1167,Synthetic Customer 01167,customer01167@example.invalid,Canada,2020-08-24,Premium,19053.60
1168,Synthetic Customer 01168,customer01168@example.invalid,UK,2020-12-23,Basic,18310.84
1169,Synthetic Customer 01169,customer01169@example.invalid,Singapore,2022-05-19,Standard,15761.46
1170,Synthetic Customer 01170,customer01170@example.invalid,Australia,2022-03-19,Standard,10292.73
1171,Synthetic Customer 01171,customer01171@example.invalid,UK,2025-04-02,Basic,3349.15
1172,Synthetic Customer 01172,customer01172@example.invalid,India,2023-05-23,Standard,13715.44
1173,Synthetic Customer 01173,customer01173@example.invalid,Canada,2022-08-24,Standard,2963.79
1174,Synthetic Customer 01174,customer01174@example.invalid,Singapore,2024-06-04,Premium,2432.47
1175,Synthetic Customer 01175,customer01175@example.invalid,Germany,2021-03-26,Basic,7865.18
1176,Synthetic Customer 01176,customer01176@example.invalid,India,2022-09-03,Standard,17234.32
1177,Synthetic Customer 01177,customer01177@example.invalid,USA,2022-04-14,Standard,14038.18
1178,Synthetic Customer 01178,customer01178@example.invalid,Germany,2023-09-29,Standard,10581.26
1179,Synthetic Customer 01179,customer01179@example.invalid,USA,2021-03-29,Basic,16213.58
1180,Synthetic Customer 01180,customer01180@example.invalid,USA,2022-06-15,Standard,13840.41
1181,Synthetic Customer 01181,customer01181@example.invalid,Australia,2024-01-21,Basic,10152.14
1182,Synthetic Customer 01182,customer01182@example.invalid,Singapore,2020-02-21,Basic,2010.58
1183,Synthetic Customer 01183,customer01183@example.invalid,India,2023-01-17,Standard,6196.73
1184,Synthetic Customer 01184,customer01184@example.invalid,Singapore,2022-09-16,Basic,8850.04
1185,Synthetic Customer 01185,customer01185@example.invalid,Germany,2025-11-18,Standard,17164.73
1186,Synthetic Customer 01186,customer01186@example.invalid,Germany,2025-10-04,Premium,14061.55
1187,Synthetic Customer 01187,customer01187@example.invalid,Singapore,2022-07-01,Basic,13123.64
1188,Synthetic Customer 01188,customer01188@example.invalid,Australia,2025-08-12,Standard,10177.28
1189,Synthetic Customer 01189,customer01189@example.invalid,Singapore,2020-06-27,Standard,9817.40
1190,Synthetic Customer 01190,customer01190@example.invalid,USA,2023-02-17,Premium,6708.00
1191,Synthetic Customer 01191,customer01191@example.invalid,Germany,2025-11-08,Standard,10466.93
1192,Synthetic Customer 01192,customer01192@example.invalid,UK,2024-07-23,Basic,11316.70
1193,Synthetic Customer 01193,customer01193@example.invalid,India,2020-11-22,Basic,611.47
1194,Synthetic Customer 01194,customer01194@example.invalid,USA,2020-01-29,Basic,4887.91
1195,Synthetic Customer 01195,customer01195@example.invalid,USA,2025-10-03,Standard,4202.55
1196,Synthetic Customer 01196,customer01196@example.invalid,UK,2024-08-03,Premium,676.68
1197,Synthetic Customer 01197,customer01197@example.invalid,USA,2021-03-18,Premium,7254.92
1198,Synthetic Customer 01198,customer01198@example.invalid,UK,2024-04-28,Premium,2385.81
1199,Synthetic Customer 01199,customer01199@example.invalid,Canada,2025-12-19,Standard,1347.00
1200,Synthetic Customer 01200,customer01200@example.invalid,Canada,2020-05-20,Premium,12305.83
1201,Synthetic Customer 01201,customer01201@example.invalid,Australia,2022-02-02,Standard,11669.45
1202,Synthetic Customer 01202,customer01202@example.invalid,Canada,2020-12-20,Standard,17867.88
1203,Synthetic Customer 01203,customer01203@example.invalid,Canada,2020-05-15,Standard,2040.77
1204,Synthetic Customer 01204,customer01204@example.invalid,Australia,2021-07-03,Standard,14503.15
1205,Synthetic Customer 01205,customer01205@example.invalid,Singapore,2023-03-10,Premium,17859.06
1206,Synthetic Customer 01206,customer01206@example.invalid,Canada,2020-11-27,Basic,1874.32
1207,Synthetic Customer 01207,customer01207@example.invalid,Germany,2023-11-30,Premium,13603.25
1208,Synthetic Customer 01208,customer01208@example.invalid,Australia,2024-11-12,Standard,870.34
1209,Synthetic Customer 01209,customer01209@example.invalid,Canada,2023-02-13,Standard,1432.80
1210,Synthetic Customer 01210,customer01210@example.invalid,Germany,2022-08-02,Premium,15012.21
1211,Synthetic Customer 01211,customer01211@example.invalid,UK,2025-05-21,Standard,3794.99
1212,Synthetic Customer 01212,customer01212@example.invalid,UK,2021-02-28,Standard,2086.29
1213,Synthetic Customer 01213,customer01213@example.invalid,Germany,2023-02-07,Basic,15044.12
1214,Synthetic Customer 01214,customer01214@example.invalid,Singapore,2021-09-04,Premium,15902.77
1215,Synthetic Customer 01215,customer01215@example.invalid,Germany,2021-11-22,Basic,6925.35
1216,Synthetic Customer 01216,customer01216@example.invalid,Singapore,2025-01-16,Standard,14166.01
1217,Synthetic Customer 01217,customer01217@example.invalid,USA,2025-11-11,Basic,2103.18
1218,Synthetic Customer 01218,customer01218@example.invalid,UK,2021-03-23,Premium,12260.06
1219,Synthetic Customer 01219,customer01219@example.invalid,India,2025-01-30,Standard,9042.41
1220,Synthetic Customer 01220,customer01220@example.invalid,Australia,2020-02-03,Premium,15199.38
1221,Synthetic Customer 01221,customer01221@example.invalid,USA,2024-03-02,Standard,14872.18
1222,Synthetic Customer 01222,customer01222@example.invalid,Singapore,2023-08-04,Standard,3209.03
1223,Synthetic Customer 01223,customer01223@example.invalid,USA,2021-01-07,Standard,19664.32
1224,Synthetic Customer 01224,customer01224@example.invalid,Singapore,2022-06-03,Premium,14828.16
1225,Synthetic Customer 01225,customer01225@example.invalid,Singapore,2024-09-12,Premium,6875.00
1226,Synthetic Customer 01226,customer01226@example.invalid,Germany,2024-09-22,Premium,15339.80
1227,Synthetic Customer 01227,customer01227@example.invalid,Australia,2021-11-05,Basic,16740.03
1228,Synthetic Customer 01228,customer01228@example.invalid,Singapore,2024-09-23,Basic,1363.54
1229,Synthetic Customer 01229,customer01229@example.invalid,India,2025-11-30,Standard,19271.51
1230,Synthetic Customer 01230,customer01230@example.invalid,UK,2024-10-02,Premium,5787.17
1231,Synthetic Customer 01231,customer01231@example.invalid,India,2020-10-18,Premium,10742.47
1232,Synthetic Customer 01232,customer01232@example.invalid,India,2023-12-08,Premium,8343.69
1233,Synthetic Customer 01233,customer01233@example.invalid,Singapore,2020-11-17,Basic,12601.99
1234,Synthetic Customer 01234,customer01234@example.invalid,Australia,2020-09-08,Standard,2409.64
1235,Synthetic Customer 01235,customer01235@example.invalid,Australia,2021-12-30,Basic,11892.61
1236,Synthetic Customer 01236,customer01236@example.invalid,UK,2022-10-11,Standard,2504.32
1237,Synthetic Customer 01237,customer01237@example.invalid,Canada,2024-12-26,Standard,6388.96
1238,Synthetic Customer 01238,customer01238@example.invalid,Canada,2025-09-28,Basic,8881.00
1239,Synthetic Customer 01239,customer01239@example.invalid,Germany,2025-10-18,Premium,10898.62
1240,Synthetic Customer 01240,customer01240@example.invalid,Singapore,2021-11-09,Premium,18448.23
1241,Synthetic Customer 01241,customer01241@example.invalid,Canada,2021-07-24,Basic,14761.26
1242,Synthetic Customer 01242,customer01242@example.invalid,Australia,2022-06-23,Premium,8168.24
1243,Synthetic Customer 01243,customer01243@example.invalid,USA,2021-11-04,Premium,14547.30
1244,Synthetic Customer 01244,customer01244@example.invalid,USA,2021-06-29,Standard,1618.91
1245,Synthetic Customer 01245,customer01245@example.invalid,USA,2020-06-21,Standard,4072.81
1246,Synthetic Customer 01246,customer01246@example.invalid,USA,2023-03-06,Premium,5301.79
1247,Synthetic Customer 01247,customer01247@example.invalid,Canada,2023-06-03,Premium,11771.17
1248,Synthetic Customer 01248,customer01248@example.invalid,Germany,2023-11-19,Standard,11071.92
1249,Synthetic Customer 01249,customer01249@example.invalid,India,2020-01-17,Standard,1997.10
1250,Synthetic Customer 01250,customer01250@example.invalid,Australia,2021-12-12,Premium,17861.16
1251,Synthetic Customer 01251,customer01251@example.invalid,USA,2022-03-16,Basic,781.26
1252,Synthetic Customer 01252,customer01252@example.invalid,India,2025-09-04,Basic,6128.89
1253,Synthetic Customer 01253,customer01253@example.invalid,USA,2024-08-13,Standard,14273.73
1254,Synthetic Customer 01254,customer01254@example.invalid,Australia,2020-06-08,Basic,5673.39
1255,Synthetic Customer 01255,customer01255@example.invalid,Canada,2022-09-22,Standard,18787.93
1256,Synthetic Customer 01256,customer01256@example.invalid,Canada,2023-05-30,Standard,16043.35
1257,Synthetic Customer 01257,customer01257@example.invalid,Singapore,2020-12-26,Standard,17897.71
1258,Synthetic Customer 01258,customer01258@example.invalid,USA,2021-10-17,Basic,467.62
1259,Synthetic Customer 01259,customer01259@example.invalid,Canada,2020-01-29,Standard,4462.40
1260,Synthetic Customer 01260,customer01260@example.invalid,India,2024-09-18,Standard,596.21
1261,Synthetic Customer 01261,customer01261@example.invalid,India,2025-04-16,Premium,3783.62
1262,Synthetic Customer 01262,customer01262@example.invalid,USA,2022-10-20,Basic,1695.80
1263,Synthetic Customer 01263,customer01263@example.invalid,USA,2022-04-02,Premium,542.04
1264,Synthetic Customer 01264,customer01264@example.invalid,UK,2020-12-06,Basic,13904.41
1265,Synthetic Customer 01265,customer01265@example.invalid,UK,2024-09-06,Premium,11647.26
1266,Synthetic Customer 01266,customer01266@example.invalid,India,2022-12-27,Standard,14934.10
1267,Synthetic Customer 01267,customer01267@example.invalid,India,2025-10-24,Premium,14153.89
1268,Synthetic Customer 01268,customer01268@example.invalid,USA,2025-11-03,Standard,11981.15
1269,Synthetic Customer 01269,customer01269@example.invalid,UK,2022-11-18,Basic,13578.91
1270,Synthetic Customer 01270,customer01270@example.invalid,Australia,2024-07-18,Basic,12692.77
1271,Synthetic Customer 01271,customer01271@example.invalid,Germany,2023-08-23,Premium,14909.80
1272,Synthetic Customer 01272,customer01272@example.invalid,USA,2020-11-14,Standard,15904.88
1273,Synthetic Customer 01273,customer01273@example.invalid,Germany,2021-10-04,Standard,13621.58
1274,Synthetic Customer 01274,customer01274@example.invalid,Canada,2022-09-20,Premium,16237.90
1275,Synthetic Customer 01275,customer01275@example.invalid,Singapore,2024-06-25,Premium,156.33
1276,Synthetic Customer 01276,customer01276@example.invalid,Australia,2020-02-01,Standard,4380.20
1277,Synthetic Customer 01277,customer01277@example.invalid,Canada,2024-04-11,Premium,11238.68
1278,Synthetic Customer 01278,customer01278@example.invalid,Singapore,2025-05-16,Standard,11580.93
1279,Synthetic Customer 01279,customer01279@example.invalid,India,2024-02-26,Standard,17406.64
1280,Synthetic Customer 01280,customer01280@example.invalid,UK,2021-03-18,Basic,6809.96
1281,Synthetic Customer 01281,customer01281@example.invalid,Germany,2025-12-03,Standard,8531.19
1282,Synthetic Customer 01282,customer01282@example.invalid,Singapore,2024-10-06,Basic,13115.95
1283,Synthetic Customer 01283,customer01283@example.invalid,Germany,2023-01-26,Premium,16724.15
1284,Synthetic Customer 01284,customer01284@example.invalid,Germany,2024-10-28,Basic,3033.41
1285,Synthetic Customer 01285,customer01285@example.invalid,Canada,2024-01-28,Premium,17187.84
1286,Synthetic Customer 01286,customer01286@example.invalid,USA,2025-10-03,Basic,5870.63
1287,Synthetic Customer 01287,customer01287@example.invalid,Germany,2025-05-27,Standard,5866.44
1288,Synthetic Customer 01288,customer01288@example.invalid,India,2023-08-21,Premium,11951.49
1289,Synthetic Customer 01289,customer01289@example.invalid,Australia,2024-01-12,Basic,15896.49
1290,Synthetic Customer 01290,customer01290@example.invalid,USA,2025-04-21,Standard,7272.33
1291,Synthetic Customer 01291,customer01291@example.invalid,Germany,2025-05-09,Standard,739.87
1292,Synthetic Customer 01292,customer01292@example.invalid,Canada,2020-12-19,Standard,16809.26
1293,Synthetic Customer 01293,customer01293@example.invalid,USA,2025-09-02,Premium,6495.42
1294,Synthetic Customer 01294,customer01294@example.invalid,UK,2024-12-17,Basic,62.12
1295,Synthetic Customer 01295,customer01295@example.invalid,Canada,2021-11-08,Premium,12097.96
1296,Synthetic Customer 01296,customer01296@example.invalid,Singapore,2023-08-11,Premium,17838.61
1297,Synthetic Customer 01297,customer01297@example.invalid,USA,2025-08-28,Standard,7259.82
1298,Synthetic Customer 01298,customer01298@example.invalid,UK,2024-12-01,Standard,4301.66
1299,Synthetic Customer 01299,customer01299@example.invalid,Singapore,2025-05-21,Basic,5691.19
1300,Synthetic Customer 01300,customer01300@example.invalid,UK,2020-04-25,Basic,14347.21
1301,Synthetic Customer 01301,customer01301@example.invalid,Canada,2024-04-06,Basic,13880.20
1302,Synthetic Customer 01302,customer01302@example.invalid,Germany,2023-11-20,Premium,11296.85
1303,Synthetic Customer 01303,customer01303@example.invalid,USA,2020-11-07,Premium,10168.13
1304,Synthetic Customer 01304,customer01304@example.invalid,Australia,2023-01-21,Standard,11655.68
1305,Synthetic Customer 01305,customer01305@example.invalid,Germany,2023-06-18,Premium,16352.23
1306,Synthetic Customer 01306,customer01306@example.invalid,Germany,2021-04-15,Premium,6521.59
1307,Synthetic Customer 01307,customer01307@example.invalid,Germany,2021-12-11,Premium,6859.34
1308,Synthetic Customer 01308,customer01308@example.invalid,Singapore,2024-11-14,Basic,10655.49
1309,Synthetic Customer 01309,customer01309@example.invalid,Singapore,2023-02-27,Standard,5757.11
1310,Synthetic Customer 01310,customer01310@example.invalid,India,2024-05-17,Standard,12913.46
1311,Synthetic Customer 01311,customer01311@example.invalid,Singapore,2020-07-19,Premium,19538.18
1312,Synthetic Customer 01312,customer01312@example.invalid,Canada,2023-09-23,Standard,15992.39
1313,Synthetic Customer 01313,customer01313@example.invalid,Germany,2020-10-18,Premium,11728.36
1314,Synthetic Customer 01314,customer01314@example.invalid,Germany,2023-11-27,Standard,16322.06
1315,Synthetic Customer 01315,customer01315@example.invalid,Canada,2023-11-24,Premium,11851.64
1316,Synthetic Customer 01316,customer01316@example.invalid,Canada,2021-03-06,Standard,5432.98
1317,Synthetic Customer 01317,customer01317@example.invalid,India,2021-11-24,Standard,787.75
1318,Synthetic Customer 01318,customer01318@example.invalid,India,2022-08-31,Standard,1488.30
1319,Synthetic Customer 01319,customer01319@example.invalid,Singapore,2020-07-13,Basic,15588.37
1320,Synthetic Customer 01320,customer01320@example.invalid,UK,2024-02-23,Standard,131.11
1321,Synthetic Customer 01321,customer01321@example.invalid,Singapore,2024-08-27,Basic,8742.83
1322,Synthetic Customer 01322,customer01322@example.invalid,USA,2025-03-13,Premium,1964.64
1323,Synthetic Customer 01323,customer01323@example.invalid,UK,2022-01-24,Standard,13151.34
1324,Synthetic Customer 01324,customer01324@example.invalid,India,2023-03-02,Basic,19626.31
1325,Synthetic Customer 01325,customer01325@example.invalid,Australia,2024-05-25,Premium,5482.90
1326,Synthetic Customer 01326,customer01326@example.invalid,USA,2021-07-17,Basic,15894.54
1327,Synthetic Customer 01327,customer01327@example.invalid,India,2023-01-23,Basic,16746.48
1328,Synthetic Customer 01328,customer01328@example.invalid,Canada,2022-11-28,Basic,818.29
1329,Synthetic Customer 01329,customer01329@example.invalid,UK,2023-08-10,Premium,17356.90
1330,Synthetic Customer 01330,customer01330@example.invalid,Australia,2024-09-22,Basic,10081.36
1331,Synthetic Customer 01331,customer01331@example.invalid,UK,2024-07-19,Premium,15990.15
1332,Synthetic Customer 01332,customer01332@example.invalid,Canada,2022-10-24,Premium,6251.48
1333,Synthetic Customer 01333,customer01333@example.invalid,Singapore,2024-03-31,Premium,17733.80
1334,Synthetic Customer 01334,customer01334@example.invalid,Canada,2022-08-24,Premium,15169.30
1335,Synthetic Customer 01335,customer01335@example.invalid,Australia,2023-08-09,Premium,2589.11
1336,Synthetic Customer 01336,customer01336@example.invalid,Canada,2022-04-05,Standard,5755.23
1337,Synthetic Customer 01337,customer01337@example.invalid,Canada,2021-08-07,Premium,14680.57
1338,Synthetic Customer 01338,customer01338@example.invalid,Canada,2023-09-03,Standard,7229.18
1339,Synthetic Customer 01339,customer01339@example.invalid,USA,2020-07-13,Basic,3290.83
1340,Synthetic Customer 01340,customer01340@example.invalid,India,2020-09-25,Standard,11484.34
1341,Synthetic Customer 01341,customer01341@example.invalid,India,2023-03-23,Basic,13544.27
1342,Synthetic Customer 01342,customer01342@example.invalid,India,2024-02-10,Basic,6856.22
1343,Synthetic Customer 01343,customer01343@example.invalid,Germany,2020-04-12,Premium,15164.83
1344,Synthetic Customer 01344,customer01344@example.invalid,Canada,2025-04-28,Standard,6068.84
1345,Synthetic Customer 01345,customer01345@example.invalid,Australia,2024-08-20,Basic,883.05
1346,Synthetic Customer 01346,customer01346@example.invalid,Australia,2021-06-04,Premium,10482.48
1347,Synthetic Customer 01347,customer01347@example.invalid,UK,2023-02-11,Premium,15312.16
1348,Synthetic Customer 01348,customer01348@example.invalid,Canada,2025-04-22,Standard,16221.32
1349,Synthetic Customer 01349,customer01349@example.invalid,USA,2021-05-04,Standard,13789.65
1350,Synthetic Customer 01350,customer01350@example.invalid,Germany,2023-04-13,Basic,1963.18
1351,Synthetic Customer 01351,customer01351@example.invalid,Germany,2021-08-19,Basic,10172.09
1352,Synthetic Customer 01352,customer01352@example.invalid,Singapore,2021-12-16,Basic,683.83
1353,Synthetic Customer 01353,customer01353@example.invalid,Germany,2025-10-02,Premium,6005.04
1354,Synthetic Customer 01354,customer01354@example.invalid,Australia,2020-03-09,Premium,5187.81
1355,Synthetic Customer 01355,customer01355@example.invalid,Singapore,2024-06-27,Standard,16052.70
1356,Synthetic Customer 01356,customer01356@example.invalid,India,2024-03-12,Premium,13037.08
1357,Synthetic Customer 01357,customer01357@example.invalid,India,2023-03-17,Premium,16251.96
1358,Synthetic Customer 01358,customer01358@example.invalid,Germany,2024-03-14,Standard,2661.55
1359,Synthetic Customer 01359,customer01359@example.invalid,Singapore,2024-08-01,Premium,324.39
1360,Synthetic Customer 01360,customer01360@example.invalid,Germany,2023-03-12,Premium,3523.70
1361,Synthetic Customer 01361,customer01361@example.invalid,UK,2024-04-18,Basic,2281.87
1362,Synthetic Customer 01362,customer01362@example.invalid,USA,2024-04-03,Premium,6862.14
1363,Synthetic Customer 01363,customer01363@example.invalid,Singapore,2021-05-19,Standard,4466.55
1364,Synthetic Customer 01364,customer01364@example.invalid,UK,2025-05-07,Premium,3256.00
1365,Synthetic Customer 01365,customer01365@example.invalid,Canada,2025-08-22,Standard,17515.11
1366,Synthetic Customer 01366,customer01366@example.invalid,Canada,2021-06-01,Basic,11655.53
1367,Synthetic Customer 01367,customer01367@example.invalid,Singapore,2021-05-08,Basic,1531.28
1368,Synthetic Customer 01368,customer01368@example.invalid,USA,2023-11-04,Basic,11678.76
1369,Synthetic Customer 01369,customer01369@example.invalid,UK,2020-08-18,Basic,8718.81
1370,Synthetic Customer 01370,customer01370@example.invalid,Canada,2023-02-05,Basic,2698.40
1371,Synthetic Customer 01371,customer01371@example.invalid,Germany,2020-06-13,Standard,12854.72
1372,Synthetic Customer 01372,customer01372@example.invalid,Singapore,2023-10-27,Premium,17445.76
1373,Synthetic Customer 01373,customer01373@example.invalid,Australia,2023-12-15,Standard,17653.24
1374,Synthetic Customer 01374,customer01374@example.invalid,India,2024-09-02,Premium,7665.90
1375,Synthetic Customer 01375,customer01375@example.invalid,Australia,2025-12-05,Basic,3275.64
1376,Synthetic Customer 01376,customer01376@example.invalid,Germany,2020-07-20,Premium,3553.03
1377,Synthetic Customer 01377,customer01377@example.invalid,Australia,2020-05-03,Basic,7965.90
1378,Synthetic Customer 01378,customer01378@example.invalid,Singapore,2022-10-18,Standard,5807.00
1379,Synthetic Customer 01379,customer01379@example.invalid,UK,2022-07-13,Premium,6766.74
1380,Synthetic Customer 01380,customer01380@example.invalid,Germany,2021-11-09,Standard,2817.65
1381,Synthetic Customer 01381,customer01381@example.invalid,Germany,2021-03-27,Standard,14710.06
1382,Synthetic Customer 01382,customer01382@example.invalid,Canada,2024-07-14,Basic,7076.81
1383,Synthetic Customer 01383,customer01383@example.invalid,UK,2025-05-05,Premium,121.28
1384,Synthetic Customer 01384,customer01384@example.invalid,India,2021-10-27,Basic,5644.51
1385,Synthetic Customer 01385,customer01385@example.invalid,Singapore,2021-09-29,Standard,11355.82
1386,Synthetic Customer 01386,customer01386@example.invalid,Singapore,2020-01-08,Basic,6727.42
1387,Synthetic Customer 01387,customer01387@example.invalid,Australia,2024-05-20,Standard,4844.74
1388,Synthetic Customer 01388,customer01388@example.invalid,Singapore,2022-04-27,Basic,13919.25
1389,Synthetic Customer 01389,customer01389@example.invalid,Singapore,2021-08-07,Standard,10842.90
1390,Synthetic Customer 01390,customer01390@example.invalid,Singapore,2020-06-20,Basic,13061.20
1391,Synthetic Customer 01391,customer01391@example.invalid,Australia,2020-10-03,Basic,4381.07
1392,Synthetic Customer 01392,customer01392@example.invalid,USA,2020-02-08,Standard,4835.35
1393,Synthetic Customer 01393,customer01393@example.invalid,India,2020-03-14,Basic,338.66
1394,Synthetic Customer 01394,customer01394@example.invalid,Singapore,2021-05-11,Standard,4470.66
1395,Synthetic Customer 01395,customer01395@example.invalid,USA,2024-04-05,Premium,16246.74
1396,Synthetic Customer 01396,customer01396@example.invalid,Germany,2024-05-07,Basic,8472.20
1397,Synthetic Customer 01397,customer01397@example.invalid,Singapore,2021-07-09,Standard,8612.50
1398,Synthetic Customer 01398,customer01398@example.invalid,UK,2025-07-24,Premium,2600.37
1399,Synthetic Customer 01399,customer01399@example.invalid,Singapore,2021-10-28,Basic,1880.82
1400,Synthetic Customer 01400,customer01400@example.invalid,USA,2025-11-05,Basic,2817.15
1401,Synthetic Customer 01401,customer01401@example.invalid,USA,2023-12-07,Standard,5700.26
1402,Synthetic Customer 01402,customer01402@example.invalid,UK,2020-04-19,Premium,4167.37
1403,Synthetic Customer 01403,customer01403@example.invalid,UK,2023-08-14,Premium,18987.81
1404,Synthetic Customer 01404,customer01404@example.invalid,Germany,2023-08-10,Premium,12816.01
1405,Synthetic Customer 01405,customer01405@example.invalid,Singapore,2023-04-05,Basic,12697.80
1406,Synthetic Customer 01406,customer01406@example.invalid,Canada,2021-12-19,Premium,16635.48
1407,Synthetic Customer 01407,customer01407@example.invalid,Germany,2022-09-19,Standard,15244.98
1408,Synthetic Customer 01408,customer01408@example.invalid,India,2025-05-31,Premium,16180.97
1409,Synthetic Customer 01409,customer01409@example.invalid,India,2020-12-31,Standard,4853.42
1410,Synthetic Customer 01410,customer01410@example.invalid,UK,2020-08-14,Premium,15246.20
1411,Synthetic Customer 01411,customer01411@example.invalid,UK,2022-05-24,Basic,17207.33
1412,Synthetic Customer 01412,customer01412@example.invalid,Singapore,2022-06-11,Premium,7299.07
1413,Synthetic Customer 01413,customer01413@example.invalid,India,2020-02-02,Basic,7480.59
1414,Synthetic Customer 01414,customer01414@example.invalid,Germany,2020-02-24,Basic,759.88
1415,Synthetic Customer 01415,customer01415@example.invalid,Australia,2021-09-30,Basic,18421.48
1416,Synthetic Customer 01416,customer01416@example.invalid,Germany,2022-08-30,Premium,19761.90
1417,Synthetic Customer 01417,customer01417@example.invalid,Australia,2024-10-09,Premium,5061.73
1418,Synthetic Customer 01418,customer01418@example.invalid,Canada,2023-03-19,Standard,16785.79
1419,Synthetic Customer 01419,customer01419@example.invalid,Germany,2024-03-18,Standard,17721.07
1420,Synthetic Customer 01420,customer01420@example.invalid,Australia,2025-09-07,Basic,835.99
1421,Synthetic Customer 01421,customer01421@example.invalid,UK,2022-01-10,Basic,18755.05
1422,Synthetic Customer 01422,customer01422@example.invalid,UK,2020-11-18,Standard,1068.48
1423,Synthetic Customer 01423,customer01423@example.invalid,Germany,2021-07-22,Premium,3692.42
1424,Synthetic Customer 01424,customer01424@example.invalid,Australia,2025-01-05,Premium,6073.43
1425,Synthetic Customer 01425,customer01425@example.invalid,Australia,2022-03-23,Premium,7867.53
1426,Synthetic Customer 01426,customer01426@example.invalid,Singapore,2021-01-30,Basic,13563.08
1427,Synthetic Customer 01427,customer01427@example.invalid,Germany,2024-07-04,Basic,19395.08
1428,Synthetic Customer 01428,customer01428@example.invalid,Germany,2021-12-29,Premium,8273.70
1429,Synthetic Customer 01429,customer01429@example.invalid,Australia,2021-10-26,Standard,17662.58
1430,Synthetic Customer 01430,customer01430@example.invalid,India,2020-06-18,Basic,15378.41
1431,Synthetic Customer 01431,customer01431@example.invalid,Singapore,2020-01-07,Basic,208.25
1432,Synthetic Customer 01432,customer01432@example.invalid,Australia,2023-11-12,Standard,3337.87
1433,Synthetic Customer 01433,customer01433@example.invalid,Germany,2024-01-20,Basic,1828.90
1434,Synthetic Customer 01434,customer01434@example.invalid,Canada,2021-07-14,Premium,6679.08
1435,Synthetic Customer 01435,customer01435@example.invalid,USA,2023-11-14,Standard,11126.86
1436,Synthetic Customer 01436,customer01436@example.invalid,USA,2023-02-10,Basic,2722.50
1437,Synthetic Customer 01437,customer01437@example.invalid,Germany,2023-03-30,Standard,2064.47
1438,Synthetic Customer 01438,customer01438@example.invalid,India,2024-05-30,Premium,1024.18
1439,Synthetic Customer 01439,customer01439@example.invalid,USA,2024-03-18,Premium,5078.70
1440,Synthetic Customer 01440,customer01440@example.invalid,Canada,2021-03-02,Standard,14843.25
1441,Synthetic Customer 01441,customer01441@example.invalid,UK,2023-01-18,Premium,13277.28
1442,Synthetic Customer 01442,customer01442@example.invalid,UK,2024-01-20,Premium,14850.83
1443,Synthetic Customer 01443,customer01443@example.invalid,Canada,2025-09-03,Standard,19274.94
1444,Synthetic Customer 01444,customer01444@example.invalid,Canada,2024-06-17,Standard,13913.37
1445,Synthetic Customer 01445,customer01445@example.invalid,Singapore,2024-01-09,Premium,16315.87
1446,Synthetic Customer 01446,customer01446@example.invalid,Australia,2020-06-28,Standard,4111.32
1447,Synthetic Customer 01447,customer01447@example.invalid,Germany,2022-02-12,Basic,3021.54
1448,Synthetic Customer 01448,customer01448@example.invalid,UK,2021-02-10,Basic,14123.62
1449,Synthetic Customer 01449,customer01449@example.invalid,USA,2021-02-15,Standard,3597.83
1450,Synthetic Customer 01450,customer01450@example.invalid,Australia,2023-04-19,Standard,14566.55
1451,Synthetic Customer 01451,customer01451@example.invalid,India,2023-08-16,Premium,6199.51
1452,Synthetic Customer 01452,customer01452@example.invalid,Singapore,2020-08-20,Standard,15028.79
1453,Synthetic Customer 01453,customer01453@example.invalid,Canada,2025-03-13,Basic,16254.77
1454,Synthetic Customer 01454,customer01454@example.invalid,USA,2025-10-15,Premium,1920.27
1455,Synthetic Customer 01455,customer01455@example.invalid,India,2025-10-31,Standard,13649.47
1456,Synthetic Customer 01456,customer01456@example.invalid,Singapore,2020-06-28,Premium,12590.30
1457,Synthetic Customer 01457,customer01457@example.invalid,Singapore,2023-07-05,Basic,7799.80
1458,Synthetic Customer 01458,customer01458@example.invalid,Germany,2021-05-08,Basic,5651.16
1459,Synthetic Customer 01459,customer01459@example.invalid,India,2020-05-03,Standard,4576.34
1460,Synthetic Customer 01460,customer01460@example.invalid,Germany,2025-08-09,Premium,1907.46
1461,Synthetic Customer 01461,customer01461@example.invalid,Australia,2021-07-28,Basic,13772.98
1462,Synthetic Customer 01462,customer01462@example.invalid,Australia,2020-10-18,Basic,6523.53
1463,Synthetic Customer 01463,customer01463@example.invalid,Canada,2022-07-27,Standard,2728.38
1464,Synthetic Customer 01464,customer01464@example.invalid,India,2024-02-23,Premium,11061.47
1465,Synthetic Customer 01465,,Singapore,2024-03-11,Premium,8824.26
1466,Synthetic Customer 01466,customer01466@example.invalid,UK,2021-02-12,Basic,7330.58
1467,Synthetic Customer 01467,customer01467@example.invalid,Singapore,2025-05-20,Premium,6806.36
1468,Synthetic Customer 01468,customer01468@example.invalid,Singapore,2025-01-12,Standard,6326.43
1469,Synthetic Customer 01469,customer01469@example.invalid,Germany,2025-05-24,Basic,7267.55
1470,Synthetic Customer 01470,customer01470@example.invalid,USA,2022-06-25,Premium,11685.15
1471,Synthetic Customer 01471,customer01471@example.invalid,Australia,2024-10-25,Premium,10319.98
1472,Synthetic Customer 01472,customer01472@example.invalid,Singapore,2024-08-12,Standard,1585.40
1473,Synthetic Customer 01473,customer01473@example.invalid,UK,2021-11-09,Standard,18278.29
1474,Synthetic Customer 01474,customer01474@example.invalid,UK,2021-02-18,Standard,8528.75
1475,Synthetic Customer 01475,customer01475@example.invalid,Singapore,2021-04-13,Basic,16626.38
1476,Synthetic Customer 01476,customer01476@example.invalid,Australia,2021-11-30,Standard,16801.01
1477,Synthetic Customer 01477,customer01477@example.invalid,UK,2021-01-01,Standard,11068.81
1478,Synthetic Customer 01478,customer01478@example.invalid,Singapore,2025-01-05,Basic,9811.19
1479,Synthetic Customer 01479,customer01479@example.invalid,Singapore,2020-03-17,Standard,19906.21
1480,Synthetic Customer 01480,customer01480@example.invalid,UK,2024-05-31,Standard,169.70
1481,Synthetic Customer 01481,customer01481@example.invalid,Australia,2023-05-16,Basic,10594.06
1482,Synthetic Customer 01482,customer01482@example.invalid,Singapore,2021-09-13,Basic,14147.47
1483,Synthetic Customer 01483,customer01483@example.invalid,USA,2024-07-09,Basic,18624.39
1484,Synthetic Customer 01484,customer01484@example.invalid,Singapore,2023-08-25,Standard,143.48
1485,Synthetic Customer 01485,customer01485@example.invalid,UK,2025-06-10,Standard,6598.80
1486,Synthetic Customer 01486,customer01486@example.invalid,Canada,2025-01-16,Basic,12601.66
1487,Synthetic Customer 01487,customer01487@example.invalid,Australia,2021-06-24,Basic,13658.85
1488,Synthetic Customer 01488,customer01488@example.invalid,Canada,2021-02-28,Premium,9674.26
1489,Synthetic Customer 01489,customer01489@example.invalid,Australia,2023-06-05,Premium,10314.73
1490,Synthetic Customer 01490,customer01490@example.invalid,UK,2020-09-25,Standard,3168.47
1491,Synthetic Customer 01491,customer01491@example.invalid,UK,2021-05-10,Premium,17563.03
1492,Synthetic Customer 01492,customer01492@example.invalid,Germany,2020-03-13,Standard,13176.05
1493,Synthetic Customer 01493,customer01493@example.invalid,Singapore,2025-11-26,Basic,10192.57
1494,Synthetic Customer 01494,customer01494@example.invalid,UK,2025-08-02,Standard,18312.38
1495,Synthetic Customer 01495,customer01495@example.invalid,UK,2022-10-25,Standard,10458.87
1496,Synthetic Customer 01496,customer01496@example.invalid,UK,2024-04-27,Premium,11198.91
1497,Synthetic Customer 01497,customer01497@example.invalid,USA,2022-06-12,Premium,911.13
1498,Synthetic Customer 01498,customer01498@example.invalid,India,2025-06-08,Standard,7124.80
1499,Synthetic Customer 01499,customer01499@example.invalid,USA,2023-08-06,Standard,5070.08
1500,Synthetic Customer 01500,customer01500@example.invalid,Canada,2021-08-22,Basic,18799.26
1501,Synthetic Customer 01501,customer01501@example.invalid,Canada,2021-01-23,Standard,9375.34
1502,Synthetic Customer 01502,customer01502@example.invalid,India,2024-02-20,Basic,7586.88
1503,Synthetic Customer 01503,customer01503@example.invalid,USA,2023-05-31,Standard,13649.46
1504,Synthetic Customer 01504,customer01504@example.invalid,Canada,2022-02-02,Basic,16222.69
1505,Synthetic Customer 01505,customer01505@example.invalid,India,2023-12-07,Standard,3382.82
1506,Synthetic Customer 01506,,Germany,2023-08-22,Standard,9963.43
1507,Synthetic Customer 01507,customer01507@example.invalid,USA,2022-04-21,Standard,10794.65
1508,Synthetic Customer 01508,customer01508@example.invalid,USA,2021-06-13,Premium,15716.60
1509,Synthetic Customer 01509,customer01509@example.invalid,India,2025-09-24,Premium,1580.77
1510,Synthetic Customer 01510,customer01510@example.invalid,India,2025-10-12,Standard,12936.41
1511,Synthetic Customer 01511,customer01511@example.invalid,USA,2025-11-09,Basic,882.16
1512,Synthetic Customer 01512,customer01512@example.invalid,Germany,2022-12-06,Standard,3268.82
1513,Synthetic Customer 01513,customer01513@example.invalid,Singapore,2022-07-07,Standard,14723.81
1514,Synthetic Customer 01514,customer01514@example.invalid,Singapore,2021-06-13,Basic,756.32
1515,Synthetic Customer 01515,customer01515@example.invalid,UK,2025-12-06,Basic,8075.20
1516,Synthetic Customer 01516,customer01516@example.invalid,India,2025-11-23,Premium,14234.71
1517,Synthetic Customer 01517,customer01517@example.invalid,India,2023-03-11,Standard,16684.08
1518,Synthetic Customer 01518,customer01518@example.invalid,Germany,2023-03-23,Standard,1688.87
1519,Synthetic Customer 01519,customer01519@example.invalid,UK,2020-12-14,Standard,16934.71
1520,Synthetic Customer 01520,customer01520@example.invalid,Singapore,2020-11-19,Standard,5265.51
1521,Synthetic Customer 01521,customer01521@example.invalid,Australia,2024-06-14,Premium,13655.61
1522,Synthetic Customer 01522,customer01522@example.invalid,USA,2021-09-11,Basic,2507.31
1523,Synthetic Customer 01523,customer01523@example.invalid,UK,2024-11-11,Basic,15930.56
1524,Synthetic Customer 01524,customer01524@example.invalid,Australia,2024-10-23,Basic,3641.42
1525,Synthetic Customer 01525,customer01525@example.invalid,Australia,2020-02-22,Basic,3250.78
1526,Synthetic Customer 01526,customer01526@example.invalid,India,2022-12-14,Basic,10870.43
1527,Synthetic Customer 01527,customer01527@example.invalid,USA,2024-08-18,Premium,2399.61
1528,Synthetic Customer 01528,customer01528@example.invalid,Germany,2024-10-16,Premium,15927.08
1529,Synthetic Customer 01529,customer01529@example.invalid,UK,2025-06-03,Standard,3668.98
1530,Synthetic Customer 01530,customer01530@example.invalid,Australia,2022-11-02,Basic,19796.25
1531,Synthetic Customer 01531,customer01531@example.invalid,Germany,2022-02-08,Premium,12694.45
1532,Synthetic Customer 01532,customer01532@example.invalid,Germany,2022-03-27,Premium,3104.82
1533,Synthetic Customer 01533,customer01533@example.invalid,USA,2024-03-20,Basic,17986.49
1534,Synthetic Customer 01534,customer01534@example.invalid,Canada,2024-03-05,Standard,2219.63
1535,Synthetic Customer 01535,customer01535@example.invalid,Germany,2023-05-11,Premium,14362.86
1536,Synthetic Customer 01536,customer01536@example.invalid,Germany,2020-06-11,Premium,19723.97
1537,Synthetic Customer 01537,customer01537@example.invalid,India,2022-09-17,Basic,17660.58
1538,Synthetic Customer 01538,customer01538@example.invalid,USA,2021-03-30,Premium,5542.50
1539,Synthetic Customer 01539,customer01539@example.invalid,Germany,2024-11-08,Premium,10018.54
1540,Synthetic Customer 01540,customer01540@example.invalid,Canada,2025-10-03,Basic,12465.49
1541,Synthetic Customer 01541,customer01541@example.invalid,Australia,2021-05-16,Premium,3299.75
1542,Synthetic Customer 01542,customer01542@example.invalid,UK,2022-10-06,Basic,7734.97
1543,Synthetic Customer 01543,customer01543@example.invalid,India,2025-08-01,Premium,17545.10
1544,Synthetic Customer 01544,customer01544@example.invalid,Singapore,2020-08-23,Premium,11800.52
1545,Synthetic Customer 01545,customer01545@example.invalid,USA,2024-05-10,Standard,12826.40
1546,Synthetic Customer 01546,customer01546@example.invalid,Singapore,2020-08-28,Premium,13749.40
1547,Synthetic Customer 01547,customer01547@example.invalid,USA,2024-09-21,Standard,15941.40
1548,Synthetic Customer 01548,customer01548@example.invalid,USA,2023-05-02,Standard,16180.68
1549,Synthetic Customer 01549,,Singapore,2022-02-04,Basic,19008.80
1550,Synthetic Customer 01550,customer01550@example.invalid,USA,2022-04-09,Basic,3156.28
1551,Synthetic Customer 01551,customer01551@example.invalid,Germany,2023-10-13,Premium,17656.02
1552,Synthetic Customer 01552,customer01552@example.invalid,India,2020-03-01,Standard,5988.58
1553,Synthetic Customer 01553,customer01553@example.invalid,UK,2021-08-15,Basic,8024.83
1554,Synthetic Customer 01554,customer01554@example.invalid,India,2023-11-23,Standard,15067.21
1555,Synthetic Customer 01555,customer01555@example.invalid,Canada,2020-03-08,Premium,17939.13
1556,Synthetic Customer 01556,customer01556@example.invalid,Germany,2021-07-30,Standard,14538.35
1557,Synthetic Customer 01557,customer01557@example.invalid,India,2020-05-13,Basic,6769.98
1558,Synthetic Customer 01558,customer01558@example.invalid,Canada,2021-07-11,Premium,9328.25
1559,Synthetic Customer 01559,customer01559@example.invalid,India,2023-02-15,Standard,6627.37
1560,Synthetic Customer 01560,customer01560@example.invalid,UK,2024-03-17,Premium,8341.29
1561,Synthetic Customer 01561,customer01561@example.invalid,Singapore,2024-01-06,Premium,1476.30
1562,Synthetic Customer 01562,customer01562@example.invalid,Canada,2025-06-04,Premium,12204.87
1563,Synthetic Customer 01563,customer01563@example.invalid,USA,2025-06-24,Standard,19248.90
1564,Synthetic Customer 01564,customer01564@example.invalid,Australia,2021-01-10,Standard,117.72
1565,Synthetic Customer 01565,customer01565@example.invalid,India,2025-04-25,Standard,2221.28
1566,Synthetic Customer 01566,customer01566@example.invalid,Singapore,2023-04-13,Premium,12531.15
1567,Synthetic Customer 01567,customer01567@example.invalid,UK,2020-01-16,Standard,4014.69
1568,Synthetic Customer 01568,customer01568@example.invalid,Australia,2023-04-11,Standard,662.19
1569,Synthetic Customer 01569,customer01569@example.invalid,UK,2023-11-03,Standard,13467.78
1570,Synthetic Customer 01570,customer01570@example.invalid,Singapore,2024-07-24,Premium,7340.81
1571,Synthetic Customer 01571,customer01571@example.invalid,Germany,2025-05-26,Standard,7928.23
1572,Synthetic Customer 01572,customer01572@example.invalid,UK,2023-08-15,Standard,17042.78
1573,Synthetic Customer 01573,customer01573@example.invalid,USA,2024-10-01,Standard,9971.62
1574,Synthetic Customer 01574,customer01574@example.invalid,USA,2024-01-14,Premium,5612.96
1575,Synthetic Customer 01575,customer01575@example.invalid,USA,2025-03-30,Standard,18030.53
1576,Synthetic Customer 01576,customer01576@example.invalid,India,2022-06-15,Basic,11634.67
1577,Synthetic Customer 01577,customer01577@example.invalid,Germany,2023-02-13,Standard,16418.01
1578,Synthetic Customer 01578,customer01578@example.invalid,USA,2025-12-09,Premium,16317.40
1579,Synthetic Customer 01579,customer01579@example.invalid,Canada,2025-02-14,Standard,17385.04
1580,Synthetic Customer 01580,customer01580@example.invalid,Singapore,2022-06-15,Standard,8800.49
1581,Synthetic Customer 01581,customer01581@example.invalid,USA,2022-09-05,Basic,14806.54
1582,Synthetic Customer 01582,customer01582@example.invalid,UK,2020-05-31,Basic,6042.07
1583,Synthetic Customer 01583,customer01583@example.invalid,UK,2024-06-18,Premium,7197.88
1584,Synthetic Customer 01584,customer01584@example.invalid,Canada,2023-06-02,Basic,15955.57
1585,Synthetic Customer 01585,customer01585@example.invalid,Germany,2023-04-13,Standard,4145.31
1586,Synthetic Customer 01586,customer01586@example.invalid,Germany,2021-10-12,Basic,10459.42
1587,Synthetic Customer 01587,customer01587@example.invalid,UK,2022-01-24,Standard,773.58
1588,Synthetic Customer 01588,customer01588@example.invalid,Germany,2025-03-02,Standard,4210.36
1589,Synthetic Customer 01589,customer01589@example.invalid,Singapore,2021-01-10,Basic,13587.40
1590,Synthetic Customer 01590,customer01590@example.invalid,USA,2024-09-26,Premium,15275.38
1591,Synthetic Customer 01591,customer01591@example.invalid,Canada,2022-07-25,Premium,16993.32
1592,Synthetic Customer 01592,customer01592@example.invalid,Singapore,2020-09-22,Basic,566.03
1593,Synthetic Customer 01593,customer01593@example.invalid,Australia,2025-07-06,Basic,5562.68
1594,Synthetic Customer 01594,customer01594@example.invalid,India,2023-07-16,Premium,9078.86
1595,Synthetic Customer 01595,customer01595@example.invalid,Australia,2020-10-28,Standard,9231.71
1596,Synthetic Customer 01596,customer01596@example.invalid,Germany,2023-07-08,Basic,11121.38
1597,Synthetic Customer 01597,customer01597@example.invalid,USA,2021-06-16,Premium,13719.98
1598,Synthetic Customer 01598,customer01598@example.invalid,Canada,2024-06-08,Basic,15668.18
1599,Synthetic Customer 01599,customer01599@example.invalid,USA,2024-06-11,Premium,17678.40
1600,Synthetic Customer 01600,customer01600@example.invalid,Australia,2022-08-10,Standard,9181.93
1601,Synthetic Customer 01601,customer01601@example.invalid,Germany,2023-08-22,Basic,16399.10
1602,Synthetic Customer 01602,customer01602@example.invalid,India,2021-06-27,Premium,4706.13
1603,Synthetic Customer 01603,customer01603@example.invalid,Germany,2023-04-19,Basic,19408.61
1604,Synthetic Customer 01604,customer01604@example.invalid,Germany,2020-11-03,Premium,13677.68
1605,Synthetic Customer 01605,customer01605@example.invalid,Germany,2025-07-09,Premium,15634.25
1606,Synthetic Customer 01606,customer01606@example.invalid,Australia,2023-06-07,Standard,1623.78
1607,Synthetic Customer 01607,customer01607@example.invalid,Canada,2021-07-19,Premium,7087.50
1608,Synthetic Customer 01608,customer01608@example.invalid,UK,2024-11-10,Standard,7283.57
1609,Synthetic Customer 01609,customer01609@example.invalid,Australia,2020-08-18,Basic,19811.65
1610,Synthetic Customer 01610,customer01610@example.invalid,Singapore,2020-06-29,Premium,16324.92
1611,Synthetic Customer 01611,customer01611@example.invalid,USA,2025-06-08,Standard,10432.03
1612,Synthetic Customer 01612,customer01612@example.invalid,Canada,2021-09-14,Premium,13551.09
1613,Synthetic Customer 01613,customer01613@example.invalid,India,2024-10-29,Premium,728.18
1614,Synthetic Customer 01614,customer01614@example.invalid,Australia,2020-02-19,Premium,10696.21
1615,Synthetic Customer 01615,customer01615@example.invalid,Singapore,2023-02-02,Standard,11856.12
1616,Synthetic Customer 01616,customer01616@example.invalid,Singapore,2025-04-10,Premium,17390.98
1617,Synthetic Customer 01617,customer01617@example.invalid,Australia,2022-03-17,Premium,10856.78
1618,Synthetic Customer 01618,customer01618@example.invalid,India,2025-04-12,Standard,2779.02
1619,Synthetic Customer 01619,customer01619@example.invalid,Canada,2025-01-04,Standard,15583.01
1620,Synthetic Customer 01620,customer01620@example.invalid,Australia,2021-06-01,Premium,14769.27
1621,Synthetic Customer 01621,customer01621@example.invalid,USA,2020-10-19,Basic,303.88
1622,Synthetic Customer 01622,customer01622@example.invalid,Australia,2021-12-15,Standard,17075.75
1623,Synthetic Customer 01623,customer01623@example.invalid,UK,2024-04-15,Basic,6269.88
1624,Synthetic Customer 01624,customer01624@example.invalid,Canada,2022-06-19,Premium,16169.40
1625,Synthetic Customer 01625,customer01625@example.invalid,Germany,2025-04-10,Standard,2179.61
1626,Synthetic Customer 01626,customer01626@example.invalid,USA,2023-05-11,Premium,17743.07
1627,Synthetic Customer 01627,customer01627@example.invalid,Germany,2021-04-25,Basic,3352.39
1628,Synthetic Customer 01628,customer01628@example.invalid,Australia,2020-05-21,Premium,4784.05
1629,Synthetic Customer 01629,customer01629@example.invalid,Australia,2022-12-03,Premium,11025.69
1630,Synthetic Customer 01630,customer01630@example.invalid,Australia,2021-06-17,Basic,15844.38
1631,Synthetic Customer 01631,customer01631@example.invalid,USA,2021-04-07,Standard,1058.97
1632,Synthetic Customer 01632,customer01632@example.invalid,Australia,2025-04-27,Basic,5371.90
1633,Synthetic Customer 01633,customer01633@example.invalid,UK,2021-01-07,Standard,11066.97
1634,Synthetic Customer 01634,customer01634@example.invalid,USA,2020-02-18,Basic,19463.57
1635,Synthetic Customer 01635,customer01635@example.invalid,UK,2021-09-10,Premium,7186.53
1636,Synthetic Customer 01636,customer01636@example.invalid,UK,2020-04-22,Basic,5450.66
1637,Synthetic Customer 01637,customer01637@example.invalid,Australia,2024-04-28,Premium,13956.12
1638,Synthetic Customer 01638,customer01638@example.invalid,USA,2025-10-10,Basic,5647.77
1639,Synthetic Customer 01639,customer01639@example.invalid,Canada,2020-05-27,Basic,2416.33
1640,Synthetic Customer 01640,customer01640@example.invalid,India,2022-06-29,Standard,6904.70
1641,Synthetic Customer 01641,customer01641@example.invalid,India,2021-04-21,Premium,11631.34
1642,Synthetic Customer 01642,customer01642@example.invalid,UK,2022-08-01,Premium,7126.45
1643,Synthetic Customer 01643,customer01643@example.invalid,Canada,2021-09-12,Basic,1408.55
1644,Synthetic Customer 01644,customer01644@example.invalid,Singapore,2022-10-06,Standard,5396.86
1645,Synthetic Customer 01645,customer01645@example.invalid,UK,2022-05-01,Premium,16860.46
1646,Synthetic Customer 01646,customer01646@example.invalid,USA,2025-10-14,Premium,1525.45
1647,Synthetic Customer 01647,customer01647@example.invalid,Australia,2023-07-24,Premium,2367.70
1648,Synthetic Customer 01648,customer01648@example.invalid,Singapore,2024-01-07,Standard,6051.03
1649,Synthetic Customer 01649,customer01649@example.invalid,India,2020-04-07,Basic,9307.73
1650,Synthetic Customer 01650,customer01650@example.invalid,Australia,2025-12-28,Basic,4086.85
1651,Synthetic Customer 01651,customer01651@example.invalid,Germany,2022-06-11,Basic,13698.49
1652,Synthetic Customer 01652,customer01652@example.invalid,Australia,2020-05-10,Standard,725.83
1653,Synthetic Customer 01653,customer01653@example.invalid,Germany,2020-06-28,Premium,5039.73
1654,Synthetic Customer 01654,customer01654@example.invalid,Australia,2025-08-31,Premium,959.08
1655,Synthetic Customer 01655,customer01655@example.invalid,Singapore,2022-01-10,Basic,17065.61
1656,Synthetic Customer 01656,customer01656@example.invalid,India,2023-05-02,Standard,1083.65
1657,Synthetic Customer 01657,customer01657@example.invalid,Germany,2020-02-25,Standard,8075.72
1658,Synthetic Customer 01658,customer01658@example.invalid,USA,2025-01-24,Standard,2845.77
1659,Synthetic Customer 01659,customer01659@example.invalid,UK,2020-11-11,Premium,2698.37
1660,Synthetic Customer 01660,customer01660@example.invalid,UK,2024-02-15,Standard,5850.75
1661,Synthetic Customer 01661,customer01661@example.invalid,USA,2023-06-20,Standard,10649.04
1662,Synthetic Customer 01662,customer01662@example.invalid,Singapore,2025-10-30,Premium,15987.12
1663,Synthetic Customer 01663,customer01663@example.invalid,Canada,2021-10-24,Premium,9754.64
1664,Synthetic Customer 01664,customer01664@example.invalid,UK,2021-09-08,Basic,3607.88
1665,Synthetic Customer 01665,customer01665@example.invalid,India,2022-03-17,Premium,3045.28
1666,Synthetic Customer 01666,customer01666@example.invalid,Australia,2024-11-20,Standard,3147.53
1667,Synthetic Customer 01667,customer01667@example.invalid,India,2024-02-06,Basic,19453.73
1668,Synthetic Customer 01668,customer01668@example.invalid,USA,2021-07-12,Premium,17955.99
1669,Synthetic Customer 01669,customer01669@example.invalid,India,2022-06-27,Basic,17228.33
1670,Synthetic Customer 01670,customer01670@example.invalid,Germany,2020-08-18,Premium,7803.41
1671,Synthetic Customer 01671,customer01671@example.invalid,India,2020-01-22,Basic,10734.87
1672,Synthetic Customer 01672,customer01672@example.invalid,UK,2025-02-24,Standard,6214.38
1673,Synthetic Customer 01673,customer01673@example.invalid,Germany,2021-07-28,Standard,12944.37
1674,Synthetic Customer 01674,customer01674@example.invalid,UK,2022-01-30,Standard,4215.61
1675,Synthetic Customer 01675,customer01675@example.invalid,USA,2022-01-08,Standard,8754.89
1676,Synthetic Customer 01676,customer01676@example.invalid,UK,2024-04-06,Premium,13219.45
1677,Synthetic Customer 01677,customer01677@example.invalid,Australia,2020-05-07,Standard,18166.35
1678,Synthetic Customer 01678,customer01678@example.invalid,Germany,2024-04-23,Premium,14419.72
1679,Synthetic Customer 01679,customer01679@example.invalid,UK,2021-12-19,Standard,16381.48
1680,Synthetic Customer 01680,customer01680@example.invalid,UK,2022-01-12,Premium,14870.87
1681,Synthetic Customer 01681,customer01681@example.invalid,India,2021-10-31,Premium,14719.44
1682,Synthetic Customer 01682,customer01682@example.invalid,Singapore,2022-05-09,Premium,17107.02
1683,Synthetic Customer 01683,customer01683@example.invalid,USA,2023-12-30,Standard,18052.63
1684,Synthetic Customer 01684,customer01684@example.invalid,India,2021-07-03,Premium,17282.62
1685,Synthetic Customer 01685,customer01685@example.invalid,Germany,2022-09-18,Premium,17553.59
1686,Synthetic Customer 01686,customer01686@example.invalid,India,2023-11-17,Basic,3974.26
1687,Synthetic Customer 01687,customer01687@example.invalid,UK,2021-12-22,Standard,16937.56
1688,Synthetic Customer 01688,customer01688@example.invalid,Singapore,2025-04-30,Standard,16706.02
1689,Synthetic Customer 01689,customer01689@example.invalid,Australia,2022-02-23,Standard,6847.59
1690,Synthetic Customer 01690,customer01690@example.invalid,UK,2025-08-12,Premium,9796.13
1691,Synthetic Customer 01691,customer01691@example.invalid,Australia,2020-12-05,Basic,16840.58
1692,Synthetic Customer 01692,customer01692@example.invalid,Australia,2025-06-20,Standard,6297.90
1693,Synthetic Customer 01693,customer01693@example.invalid,Australia,2024-05-03,Basic,6122.97
1694,Synthetic Customer 01694,customer01694@example.invalid,USA,2024-09-08,Premium,12822.40
1695,Synthetic Customer 01695,customer01695@example.invalid,Canada,2023-12-11,Premium,13092.71
1696,Synthetic Customer 01696,customer01696@example.invalid,Singapore,2025-02-19,Standard,4047.40
1697,Synthetic Customer 01697,customer01697@example.invalid,Australia,2024-06-16,Premium,12468.57
1698,Synthetic Customer 01698,customer01698@example.invalid,India,2022-08-29,Premium,538.90
1699,Synthetic Customer 01699,customer01699@example.invalid,India,2024-07-15,Basic,11057.93
1700,Synthetic Customer 01700,customer01700@example.invalid,UK,2025-08-27,Basic,15573.67
1701,Synthetic Customer 01701,customer01701@example.invalid,Germany,2022-06-20,Basic,16467.77
1702,Synthetic Customer 01702,customer01702@example.invalid,UK,2022-02-27,Standard,1010.66
1703,Synthetic Customer 01703,customer01703@example.invalid,Singapore,2025-04-28,Basic,14221.57
1704,Synthetic Customer 01704,customer01704@example.invalid,Singapore,2024-03-12,Basic,14203.61
1705,Synthetic Customer 01705,customer01705@example.invalid,India,2023-05-13,Premium,608.97
1706,Synthetic Customer 01706,customer01706@example.invalid,Australia,2024-01-20,Premium,19284.74
1707,Synthetic Customer 01707,customer01707@example.invalid,USA,2024-07-22,Standard,16150.30
1708,Synthetic Customer 01708,customer01708@example.invalid,USA,2022-02-18,Premium,5270.90
1709,Synthetic Customer 01709,customer01709@example.invalid,Australia,2020-12-23,Basic,2122.78
1710,Synthetic Customer 01710,customer01710@example.invalid,Canada,2023-05-28,Basic,1285.84
1711,Synthetic Customer 01711,customer01711@example.invalid,Australia,2020-09-01,Basic,12291.41
1712,Synthetic Customer 01712,customer01712@example.invalid,India,2025-02-05,Standard,2508.61
1713,Synthetic Customer 01713,customer01713@example.invalid,Germany,2020-03-07,Premium,10101.42
1714,Synthetic Customer 01714,customer01714@example.invalid,Canada,2023-08-10,Standard,16631.59
1715,Synthetic Customer 01715,customer01715@example.invalid,Singapore,2025-05-30,Premium,18776.11
1716,Synthetic Customer 01716,customer01716@example.invalid,Canada,2023-06-22,Premium,17403.48
1717,Synthetic Customer 01717,customer01717@example.invalid,Australia,2025-11-30,Basic,5178.66
1718,Synthetic Customer 01718,customer01718@example.invalid,Singapore,2020-07-03,Basic,7515.46
1719,Synthetic Customer 01719,customer01719@example.invalid,Singapore,2020-10-15,Premium,10587.95
1720,Synthetic Customer 01720,customer01720@example.invalid,Australia,2022-02-23,Basic,15262.95
1721,Synthetic Customer 01721,customer01721@example.invalid,India,2020-11-27,Premium,2840.94
1722,Synthetic Customer 01722,customer01722@example.invalid,Australia,2020-08-28,Standard,11593.94
1723,Synthetic Customer 01723,customer01723@example.invalid,USA,2022-12-03,Standard,517.57
1724,Synthetic Customer 01724,customer01724@example.invalid,India,2020-03-29,Premium,2206.78
1725,Synthetic Customer 01725,customer01725@example.invalid,UK,2022-02-20,Standard,1210.68
1726,Synthetic Customer 01726,customer01726@example.invalid,India,2025-09-25,Standard,17629.66
1727,Synthetic Customer 01727,customer01727@example.invalid,Canada,2024-07-17,Premium,14658.78
1728,Synthetic Customer 01728,customer01728@example.invalid,Canada,2025-05-20,Premium,1229.02
1729,Synthetic Customer 01729,customer01729@example.invalid,Singapore,2025-09-01,Standard,15697.09
1730,Synthetic Customer 01730,customer01730@example.invalid,Singapore,2022-12-16,Premium,18987.75
1731,Synthetic Customer 01731,customer01731@example.invalid,USA,2022-04-16,Basic,12363.43
1732,Synthetic Customer 01732,customer01732@example.invalid,Germany,2021-06-23,Premium,17172.32
1733,Synthetic Customer 01733,customer01733@example.invalid,Canada,2022-09-11,Basic,1016.08
1734,Synthetic Customer 01734,customer01734@example.invalid,Germany,2022-11-05,Premium,7682.38
1735,Synthetic Customer 01735,customer01735@example.invalid,UK,2022-09-11,Premium,17547.13
1736,Synthetic Customer 01736,customer01736@example.invalid,UK,2024-01-26,Premium,19746.02
1737,Synthetic Customer 01737,customer01737@example.invalid,UK,2024-05-12,Basic,12314.98
1738,Synthetic Customer 01738,customer01738@example.invalid,USA,2023-05-05,Basic,12631.18
1739,Synthetic Customer 01739,customer01739@example.invalid,USA,2021-04-30,Standard,4080.99
1740,Synthetic Customer 01740,customer01740@example.invalid,Germany,2025-11-29,Basic,19523.74
1741,Synthetic Customer 01741,customer01741@example.invalid,Singapore,2021-06-20,Standard,7874.61
1742,Synthetic Customer 01742,customer01742@example.invalid,Canada,2024-10-18,Standard,4111.01
1743,Synthetic Customer 01743,customer01743@example.invalid,India,2024-11-22,Standard,1533.44
1744,Synthetic Customer 01744,customer01744@example.invalid,Germany,2022-01-25,Standard,11044.60
1745,Synthetic Customer 01745,customer01745@example.invalid,UK,2023-06-29,Standard,8181.71
1746,Synthetic Customer 01746,customer01746@example.invalid,USA,2022-07-26,Standard,7491.27
1747,Synthetic Customer 01747,customer01747@example.invalid,USA,2025-10-26,Premium,11327.81
1748,Synthetic Customer 01748,customer01748@example.invalid,India,2024-07-27,Standard,11730.20
1749,Synthetic Customer 01749,customer01749@example.invalid,Canada,2024-10-26,Basic,14146.52
1750,Synthetic Customer 01750,customer01750@example.invalid,Germany,2021-08-04,Basic,7687.45
1751,Synthetic Customer 01751,customer01751@example.invalid,Australia,2025-01-17,Basic,18457.05
1752,Synthetic Customer 01752,customer01752@example.invalid,Australia,2023-08-15,Basic,432.39
1753,Synthetic Customer 01753,customer01753@example.invalid,Australia,2023-06-22,Standard,6122.98
1754,Synthetic Customer 01754,customer01754@example.invalid,India,2024-11-19,Basic,14797.31
1755,Synthetic Customer 01755,customer01755@example.invalid,UK,2024-02-02,Standard,2006.70
1756,Synthetic Customer 01756,customer01756@example.invalid,USA,2022-10-20,Standard,15713.78
1757,Synthetic Customer 01757,customer01757@example.invalid,USA,2025-01-16,Premium,14147.43
1758,Synthetic Customer 01758,customer01758@example.invalid,Canada,2020-09-11,Standard,9218.23
1759,Synthetic Customer 01759,customer01759@example.invalid,Singapore,2020-12-23,Basic,5308.98
1760,Synthetic Customer 01760,customer01760@example.invalid,Singapore,2023-01-15,Basic,609.71
1761,Synthetic Customer 01761,customer01761@example.invalid,UK,2024-02-29,Standard,5332.57
1762,Synthetic Customer 01762,customer01762@example.invalid,USA,2022-03-02,Standard,1270.21
1763,Synthetic Customer 01763,customer01763@example.invalid,Germany,2022-07-28,Standard,10383.33
1764,Synthetic Customer 01764,customer01764@example.invalid,Singapore,2025-10-25,Premium,6657.57
1765,Synthetic Customer 01765,customer01765@example.invalid,Canada,2024-02-20,Premium,12203.37
1766,Synthetic Customer 01766,customer01766@example.invalid,Singapore,2022-08-30,Basic,13701.32
1767,Synthetic Customer 01767,customer01767@example.invalid,Canada,2025-05-10,Standard,10257.10
1768,Synthetic Customer 01768,customer01768@example.invalid,Singapore,2020-07-01,Standard,14670.92
1769,Synthetic Customer 01769,customer01769@example.invalid,Singapore,2023-12-29,Basic,10448.41
1770,Synthetic Customer 01770,customer01770@example.invalid,Germany,2024-09-24,Basic,12333.15
1771,Synthetic Customer 01771,customer01771@example.invalid,India,2020-10-14,Basic,17682.24
1772,Synthetic Customer 01772,customer01772@example.invalid,Australia,2022-01-10,Basic,13478.42
1773,Synthetic Customer 01773,customer01773@example.invalid,Germany,2023-04-14,Premium,519.00
1774,Synthetic Customer 01774,customer01774@example.invalid,India,2022-10-06,Standard,13437.67
1775,Synthetic Customer 01775,customer01775@example.invalid,USA,2023-05-17,Standard,5334.80
1776,Synthetic Customer 01776,customer01776@example.invalid,USA,2025-09-14,Basic,12952.80
1777,Synthetic Customer 01777,customer01777@example.invalid,USA,2025-08-03,Basic,7069.83
1778,Synthetic Customer 01778,customer01778@example.invalid,Germany,2025-09-02,Premium,14247.40
1779,Synthetic Customer 01779,customer01779@example.invalid,India,2023-07-01,Standard,1711.92
1780,Synthetic Customer 01780,customer01780@example.invalid,India,2020-12-16,Standard,4746.57
1781,Synthetic Customer 01781,customer01781@example.invalid,Australia,2021-11-25,Standard,6101.47
1782,Synthetic Customer 01782,customer01782@example.invalid,UK,2023-06-14,Premium,9217.94
1783,Synthetic Customer 01783,customer01783@example.invalid,Australia,2021-07-26,Premium,14858.35
1784,Synthetic Customer 01784,customer01784@example.invalid,USA,2022-08-18,Standard,19254.87
1785,Synthetic Customer 01785,customer01785@example.invalid,India,2022-08-17,Premium,9883.38
1786,Synthetic Customer 01786,customer01786@example.invalid,Australia,2021-04-18,Basic,2984.18
1787,Synthetic Customer 01787,customer01787@example.invalid,Canada,2022-08-02,Basic,7618.78
1788,Synthetic Customer 01788,customer01788@example.invalid,USA,2024-05-15,Premium,17898.28
1789,Synthetic Customer 01789,customer01789@example.invalid,Canada,2021-04-25,Standard,4983.64
1790,Synthetic Customer 01790,customer01790@example.invalid,Singapore,2025-12-10,Basic,11935.62
1791,Synthetic Customer 01791,customer01791@example.invalid,USA,2023-10-19,Premium,14160.96
1792,Synthetic Customer 01792,customer01792@example.invalid,Singapore,2023-12-25,Premium,18024.52
1793,Synthetic Customer 01793,customer01793@example.invalid,Canada,2020-11-01,Standard,5493.14
1794,Synthetic Customer 01794,customer01794@example.invalid,Canada,2022-07-11,Premium,10571.00
1795,Synthetic Customer 01795,customer01795@example.invalid,UK,2021-08-11,Standard,3206.58
1796,Synthetic Customer 01796,customer01796@example.invalid,Australia,2021-07-24,Standard,3928.91
1797,Synthetic Customer 01797,customer01797@example.invalid,USA,2021-03-18,Basic,2650.12
1798,Synthetic Customer 01798,customer01798@example.invalid,UK,2022-10-18,Basic,10928.08
1799,Synthetic Customer 01799,customer01799@example.invalid,Singapore,2024-07-09,Premium,4430.44
1800,Synthetic Customer 01800,customer01800@example.invalid,Germany,2022-10-12,Basic,2257.05
1801,Synthetic Customer 01801,customer01801@example.invalid,Singapore,2023-12-10,Basic,294.20
1802,Synthetic Customer 01802,customer01802@example.invalid,USA,2024-04-10,Premium,9428.47
1803,Synthetic Customer 01803,customer01803@example.invalid,Australia,2023-10-09,Basic,4427.94
1804,Synthetic Customer 01804,customer01804@example.invalid,Germany,2024-08-19,Standard,7375.53
1805,Synthetic Customer 01805,customer01805@example.invalid,Singapore,2022-01-16,Standard,4349.76
1806,Synthetic Customer 01806,customer01806@example.invalid,India,2020-07-24,Premium,15323.70
1807,Synthetic Customer 01807,customer01807@example.invalid,UK,2023-08-31,Standard,10885.92
1808,Synthetic Customer 01808,customer01808@example.invalid,Germany,2022-09-29,Basic,9518.34
1809,Synthetic Customer 01809,customer01809@example.invalid,Singapore,2024-10-02,Standard,16072.65
1810,Synthetic Customer 01810,customer01810@example.invalid,USA,2023-06-07,Premium,3372.49
1811,Synthetic Customer 01811,customer01811@example.invalid,Germany,2022-12-17,Standard,16330.80
1812,Synthetic Customer 01812,customer01812@example.invalid,Germany,2025-12-03,Premium,14222.83
1813,Synthetic Customer 01813,customer01813@example.invalid,Singapore,2021-02-07,Basic,2548.81
1814,Synthetic Customer 01814,customer01814@example.invalid,Germany,2022-12-16,Premium,3681.07
1815,Synthetic Customer 01815,customer01815@example.invalid,Canada,2022-06-22,Premium,2315.54
1816,Synthetic Customer 01816,customer01816@example.invalid,India,2023-08-15,Premium,12204.52
1817,Synthetic Customer 01817,customer01817@example.invalid,Canada,2024-08-03,Standard,17436.50
1818,Synthetic Customer 01818,customer01818@example.invalid,India,2020-11-01,Basic,10037.18
1819,Synthetic Customer 01819,customer01819@example.invalid,Australia,2020-06-09,Standard,19043.93
1820,Synthetic Customer 01820,customer01820@example.invalid,Australia,2020-08-07,Basic,19665.74
1821,Synthetic Customer 01821,customer01821@example.invalid,Germany,2021-01-14,Standard,5743.71
1822,Synthetic Customer 01822,customer01822@example.invalid,India,2025-10-23,Premium,7719.79
1823,Synthetic Customer 01823,customer01823@example.invalid,UK,2020-12-23,Basic,2278.74
1824,Synthetic Customer 01824,customer01824@example.invalid,India,2024-02-28,Standard,14295.47
1825,Synthetic Customer 01825,customer01825@example.invalid,India,2025-01-17,Standard,8334.41
1826,Synthetic Customer 01826,customer01826@example.invalid,USA,2025-05-31,Standard,1370.75
1827,Synthetic Customer 01827,customer01827@example.invalid,India,2022-12-12,Basic,19399.72
1828,Synthetic Customer 01828,customer01828@example.invalid,India,2025-10-11,Standard,317.87
1829,Synthetic Customer 01829,customer01829@example.invalid,Australia,2025-09-10,Standard,1287.85
1830,Synthetic Customer 01830,customer01830@example.invalid,USA,2024-10-22,Standard,8010.16
1831,Synthetic Customer 01831,customer01831@example.invalid,Germany,2023-10-05,Standard,8388.91
1832,Synthetic Customer 01832,customer01832@example.invalid,Canada,2022-04-25,Basic,18909.16
1833,Synthetic Customer 01833,customer01833@example.invalid,Germany,2025-02-26,Standard,9559.69
1834,Synthetic Customer 01834,customer01834@example.invalid,India,2024-07-19,Standard,13232.57
1835,Synthetic Customer 01835,customer01835@example.invalid,Germany,2024-11-23,Basic,11842.12
1836,Synthetic Customer 01836,customer01836@example.invalid,Canada,2025-06-18,Premium,18248.10
1837,Synthetic Customer 01837,customer01837@example.invalid,USA,2024-10-24,Premium,384.50
1838,Synthetic Customer 01838,customer01838@example.invalid,USA,2020-03-09,Standard,2004.81
1839,Synthetic Customer 01839,customer01839@example.invalid,India,2025-12-21,Standard,5756.18
1840,Synthetic Customer 01840,customer01840@example.invalid,Germany,2022-11-27,Standard,19505.70
1841,Synthetic Customer 01841,customer01841@example.invalid,UK,2021-08-17,Standard,3034.23
1842,Synthetic Customer 01842,customer01842@example.invalid,Canada,2025-05-09,Basic,11995.20
1843,Synthetic Customer 01843,customer01843@example.invalid,India,2024-12-12,Standard,947.68
1844,Synthetic Customer 01844,customer01844@example.invalid,Canada,2020-05-17,Premium,4915.73
1845,Synthetic Customer 01845,customer01845@example.invalid,Australia,2023-08-04,Basic,19495.19
1846,Synthetic Customer 01846,customer01846@example.invalid,India,2023-04-04,Premium,2819.21
1847,Synthetic Customer 01847,customer01847@example.invalid,Canada,2024-03-19,Basic,12614.58
1848,Synthetic Customer 01848,customer01848@example.invalid,Singapore,2023-06-28,Premium,3139.79
1849,Synthetic Customer 01849,customer01849@example.invalid,UK,2025-05-02,Premium,19601.17
1850,Synthetic Customer 01850,customer01850@example.invalid,Australia,2022-02-26,Premium,3942.29
1851,Synthetic Customer 01851,customer01851@example.invalid,USA,2025-10-29,Standard,13723.17
1852,Synthetic Customer 01852,customer01852@example.invalid,Singapore,2022-10-20,Standard,12802.54
1853,Synthetic Customer 01853,customer01853@example.invalid,Singapore,2023-02-23,Premium,3501.38
1854,Synthetic Customer 01854,customer01854@example.invalid,Germany,2025-12-01,Basic,570.12
1855,Synthetic Customer 01855,customer01855@example.invalid,Australia,2021-07-07,Basic,10362.09
1856,Synthetic Customer 01856,customer01856@example.invalid,Canada,2024-07-27,Premium,19865.04
1857,Synthetic Customer 01857,customer01857@example.invalid,Australia,2020-12-06,Basic,787.72
1858,Synthetic Customer 01858,customer01858@example.invalid,USA,2020-08-23,Premium,13104.70
1859,Synthetic Customer 01859,customer01859@example.invalid,Singapore,2022-03-23,Basic,1387.56
1860,Synthetic Customer 01860,customer01860@example.invalid,Singapore,2022-06-20,Basic,10424.47
1861,Synthetic Customer 01861,customer01861@example.invalid,Australia,2023-12-28,Basic,3978.69
1862,Synthetic Customer 01862,customer01862@example.invalid,Singapore,2023-11-24,Premium,3803.59
1863,Synthetic Customer 01863,customer01863@example.invalid,Singapore,2024-10-22,Basic,6515.48
1864,Synthetic Customer 01864,customer01864@example.invalid,Germany,2020-03-04,Basic,1403.70
1865,Synthetic Customer 01865,customer01865@example.invalid,Germany,2020-01-14,Basic,19642.31
1866,Synthetic Customer 01866,customer01866@example.invalid,Germany,2020-11-04,Basic,19391.83
1867,Synthetic Customer 01867,customer01867@example.invalid,Canada,2020-09-05,Standard,16980.20
1868,Synthetic Customer 01868,customer01868@example.invalid,Singapore,2025-05-17,Premium,12980.81
1869,Synthetic Customer 01869,customer01869@example.invalid,Canada,2022-05-22,Basic,2317.34
1870,Synthetic Customer 01870,customer01870@example.invalid,Canada,2023-05-25,Standard,16380.62
1871,Synthetic Customer 01871,customer01871@example.invalid,Canada,2024-03-09,Premium,17722.63
1872,Synthetic Customer 01872,customer01872@example.invalid,Singapore,2023-07-27,Basic,7252.51
1873,Synthetic Customer 01873,customer01873@example.invalid,UK,2022-04-06,Basic,15115.53
1874,Synthetic Customer 01874,customer01874@example.invalid,Singapore,2024-07-24,Standard,19903.50
1875,Synthetic Customer 01875,customer01875@example.invalid,Australia,2023-11-10,Basic,9700.89
1876,Synthetic Customer 01876,customer01876@example.invalid,UK,2025-12-30,Premium,11789.20
1877,Synthetic Customer 01877,customer01877@example.invalid,USA,2022-06-09,Standard,16485.54
1878,Synthetic Customer 01878,customer01878@example.invalid,Germany,2022-07-07,Basic,18686.85
1879,Synthetic Customer 01879,customer01879@example.invalid,Germany,2023-01-13,Standard,14167.34
1880,Synthetic Customer 01880,customer01880@example.invalid,Australia,2020-02-15,Premium,4966.86
1881,Synthetic Customer 01881,customer01881@example.invalid,Australia,2023-05-14,Basic,2682.44
1882,Synthetic Customer 01882,customer01882@example.invalid,Germany,2022-06-29,Basic,11631.69
1883,Synthetic Customer 01883,customer01883@example.invalid,UK,2022-08-28,Basic,8281.21
1884,Synthetic Customer 01884,customer01884@example.invalid,Canada,2020-09-13,Premium,16407.44
1885,Synthetic Customer 01885,customer01885@example.invalid,Singapore,2024-05-09,Basic,10883.66
1886,Synthetic Customer 01886,customer01886@example.invalid,USA,2025-03-11,Standard,15463.30
1887,Synthetic Customer 01887,customer01887@example.invalid,Canada,2021-03-15,Premium,186.95
1888,Synthetic Customer 01888,customer01888@example.invalid,Singapore,2021-03-11,Basic,3345.04
1889,Synthetic Customer 01889,customer01889@example.invalid,UK,2024-04-27,Standard,4684.56
1890,Synthetic Customer 01890,customer01890@example.invalid,India,2024-02-21,Basic,11268.06
1891,Synthetic Customer 01891,customer01891@example.invalid,Germany,2021-04-01,Premium,7973.74
1892,Synthetic Customer 01892,customer01892@example.invalid,Singapore,2020-08-24,Basic,1513.85
1893,Synthetic Customer 01893,customer01893@example.invalid,UK,2024-05-27,Standard,15067.03
1894,Synthetic Customer 01894,customer01894@example.invalid,Singapore,2021-12-21,Basic,5281.54
1895,Synthetic Customer 01895,customer01895@example.invalid,India,2020-07-30,Standard,15810.13
1896,Synthetic Customer 01896,customer01896@example.invalid,Singapore,2025-11-15,Basic,7899.77
1897,Synthetic Customer 01897,customer01897@example.invalid,USA,2021-10-28,Standard,19590.26
1898,Synthetic Customer 01898,customer01898@example.invalid,USA,2025-04-05,Standard,5637.08
1899,Synthetic Customer 01899,customer01899@example.invalid,UK,2024-07-04,Basic,5016.77
1900,Synthetic Customer 01900,customer01900@example.invalid,India,2024-04-27,Premium,18931.44
1901,Synthetic Customer 01901,customer01901@example.invalid,UK,2023-02-02,Basic,15261.63
1902,Synthetic Customer 01902,customer01902@example.invalid,Singapore,2024-11-12,Standard,671.02
1903,Synthetic Customer 01903,customer01903@example.invalid,Singapore,2022-09-09,Premium,17643.19
1904,Synthetic Customer 01904,customer01904@example.invalid,UK,2022-07-25,Standard,2093.72
1905,Synthetic Customer 01905,customer01905@example.invalid,Singapore,2025-09-12,Basic,6810.97
1906,Synthetic Customer 01906,customer01906@example.invalid,Singapore,2023-07-30,Basic,1562.32
1907,Synthetic Customer 01907,customer01907@example.invalid,UK,2025-11-12,Basic,17145.49
1908,Synthetic Customer 01908,customer01908@example.invalid,USA,2024-07-13,Standard,15441.79
1909,Synthetic Customer 01909,customer01909@example.invalid,Australia,2023-03-11,Basic,4540.61
1910,Synthetic Customer 01910,customer01910@example.invalid,Singapore,2024-09-22,Premium,7970.47
1911,Synthetic Customer 01911,customer01911@example.invalid,Singapore,2020-10-10,Basic,18190.41
1912,Synthetic Customer 01912,customer01912@example.invalid,USA,2021-11-25,Basic,13100.74
1913,Synthetic Customer 01913,customer01913@example.invalid,Australia,2025-09-12,Premium,14751.26
1914,Synthetic Customer 01914,customer01914@example.invalid,Germany,2022-04-26,Premium,16645.62
1915,Synthetic Customer 01915,customer01915@example.invalid,Australia,2023-03-25,Standard,14287.23
1916,Synthetic Customer 01916,customer01916@example.invalid,Australia,2022-01-10,Standard,8006.79
1917,Synthetic Customer 01917,customer01917@example.invalid,Canada,2024-03-25,Premium,10700.46
1918,Synthetic Customer 01918,customer01918@example.invalid,Singapore,2020-01-24,Basic,15263.19
1919,Synthetic Customer 01919,customer01919@example.invalid,Germany,2021-06-25,Standard,2162.08
1920,Synthetic Customer 01920,customer01920@example.invalid,USA,2024-10-11,Basic,5821.64
1921,Synthetic Customer 01921,customer01921@example.invalid,India,2024-02-20,Basic,16298.51
1922,Synthetic Customer 01922,customer01922@example.invalid,India,2023-07-05,Premium,9146.12
1923,Synthetic Customer 01923,customer01923@example.invalid,India,2024-04-19,Premium,11833.68
1924,Synthetic Customer 01924,customer01924@example.invalid,UK,2020-06-18,Standard,12365.10
1925,Synthetic Customer 01925,customer01925@example.invalid,Germany,2021-09-07,Premium,19190.98
1926,Synthetic Customer 01926,customer01926@example.invalid,UK,2023-04-18,Standard,9084.40
1927,Synthetic Customer 01927,customer01927@example.invalid,USA,2022-06-07,Basic,15493.78
1928,Synthetic Customer 01928,customer01928@example.invalid,India,2021-08-28,Basic,1921.27
1929,Synthetic Customer 01929,customer01929@example.invalid,Singapore,2020-01-23,Standard,408.56
1930,Synthetic Customer 01930,customer01930@example.invalid,Singapore,2024-07-25,Basic,15145.28
1931,Synthetic Customer 01931,customer01931@example.invalid,Singapore,2025-02-11,Basic,10508.15
1932,Synthetic Customer 01932,customer01932@example.invalid,Australia,2021-06-08,Premium,6053.29
1933,Synthetic Customer 01933,customer01933@example.invalid,Germany,2022-01-04,Premium,183.60
1934,Synthetic Customer 01934,customer01934@example.invalid,Germany,2024-07-14,Premium,744.10
1935,Synthetic Customer 01935,customer01935@example.invalid,Germany,2021-06-16,Premium,18582.08
1936,Synthetic Customer 01936,customer01936@example.invalid,Canada,2021-08-29,Basic,17807.09
1937,Synthetic Customer 01937,customer01937@example.invalid,Germany,2021-04-01,Standard,9595.96
1938,Synthetic Customer 01938,customer01938@example.invalid,Canada,2020-03-13,Basic,18352.56
1939,Synthetic Customer 01939,customer01939@example.invalid,USA,2024-03-01,Basic,3460.71
1940,Synthetic Customer 01940,customer01940@example.invalid,Germany,2022-10-26,Premium,6729.20
1941,Synthetic Customer 01941,customer01941@example.invalid,USA,2021-11-03,Standard,14278.72
1942,Synthetic Customer 01942,customer01942@example.invalid,Canada,2020-11-19,Standard,8741.16
1943,Synthetic Customer 01943,customer01943@example.invalid,USA,2025-04-08,Standard,8056.53
1944,Synthetic Customer 01944,customer01944@example.invalid,USA,2024-03-07,Standard,16329.59
1945,Synthetic Customer 01945,customer01945@example.invalid,USA,2024-03-31,Standard,16976.06
1946,Synthetic Customer 01946,customer01946@example.invalid,Singapore,2021-01-26,Premium,9949.05
1947,Synthetic Customer 01947,customer01947@example.invalid,Germany,2023-05-20,Basic,13859.29
1948,Synthetic Customer 01948,customer01948@example.invalid,Canada,2021-11-21,Premium,3694.96
1949,Synthetic Customer 01949,customer01949@example.invalid,Singapore,2021-11-28,Standard,17861.55
1950,Synthetic Customer 01950,customer01950@example.invalid,UK,2025-08-21,Premium,4280.01
1951,Synthetic Customer 01951,customer01951@example.invalid,USA,2024-02-28,Standard,16776.21
1952,Synthetic Customer 01952,customer01952@example.invalid,India,2020-06-14,Basic,16818.38
1953,Synthetic Customer 01953,customer01953@example.invalid,Singapore,2025-03-03,Standard,5690.50
1954,Synthetic Customer 01954,customer01954@example.invalid,Australia,2022-06-18,Standard,17382.72
1955,Synthetic Customer 01955,customer01955@example.invalid,Singapore,2025-11-14,Basic,14903.22
1956,Synthetic Customer 01956,customer01956@example.invalid,India,2024-11-03,Basic,7278.39
1957,Synthetic Customer 01957,customer01957@example.invalid,Germany,2022-01-02,Basic,7581.39
1958,Synthetic Customer 01958,customer01958@example.invalid,UK,2024-01-01,Basic,13363.58
1959,Synthetic Customer 01959,customer01959@example.invalid,India,2024-07-25,Premium,12096.51
1960,Synthetic Customer 01960,customer01960@example.invalid,Canada,2023-04-22,Standard,8797.38
1961,Synthetic Customer 01961,customer01961@example.invalid,Singapore,2021-02-06,Basic,1790.92
1962,Synthetic Customer 01962,customer01962@example.invalid,Canada,2021-01-28,Basic,7000.75
1963,Synthetic Customer 01963,customer01963@example.invalid,UK,2024-03-13,Standard,10997.30
1964,Synthetic Customer 01964,customer01964@example.invalid,India,2020-01-08,Premium,14161.29
1965,Synthetic Customer 01965,customer01965@example.invalid,Australia,2024-04-23,Basic,19217.52
1966,Synthetic Customer 01966,customer01966@example.invalid,Germany,2025-03-02,Premium,13736.13
1967,Synthetic Customer 01967,customer01967@example.invalid,Germany,2024-02-05,Premium,8310.13
1968,Synthetic Customer 01968,customer01968@example.invalid,Australia,2024-10-22,Basic,19854.47
1969,Synthetic Customer 01969,customer01969@example.invalid,UK,2021-08-07,Basic,16751.52
1970,Synthetic Customer 01970,customer01970@example.invalid,India,2021-05-27,Basic,677.41
1971,Synthetic Customer 01971,customer01971@example.invalid,UK,2020-08-06,Premium,9035.18
1972,Synthetic Customer 01972,customer01972@example.invalid,Australia,2023-06-06,Basic,2906.70
1973,Synthetic Customer 01973,customer01973@example.invalid,Singapore,2020-08-10,Basic,17911.26
1974,Synthetic Customer 01974,customer01974@example.invalid,Germany,2021-01-13,Basic,9564.29
1975,Synthetic Customer 01975,customer01975@example.invalid,UK,2023-02-18,Basic,3621.99
1976,Synthetic Customer 01976,customer01976@example.invalid,Germany,2023-11-02,Basic,8173.52
1977,Synthetic Customer 01977,customer01977@example.invalid,UK,2020-12-03,Basic,10691.20
1978,Synthetic Customer 01978,customer01978@example.invalid,UK,2025-05-08,Basic,4861.29
1979,Synthetic Customer 01979,customer01979@example.invalid,Australia,2024-12-19,Standard,13682.15
1980,Synthetic Customer 01980,customer01980@example.invalid,Australia,2023-04-03,Basic,2609.71
1981,Synthetic Customer 01981,customer01981@example.invalid,UK,2020-06-04,Basic,2942.39
1982,Synthetic Customer 01982,customer01982@example.invalid,USA,2021-07-23,Standard,19800.24
1983,Synthetic Customer 01983,customer01983@example.invalid,Germany,2024-04-17,Standard,7602.71
1984,Synthetic Customer 01984,customer01984@example.invalid,Canada,2021-07-13,Standard,11764.18
1985,Synthetic Customer 01985,customer01985@example.invalid,India,2022-03-05,Standard,3986.19
1986,Synthetic Customer 01986,customer01986@example.invalid,Canada,2021-09-15,Basic,11639.94
1987,Synthetic Customer 01987,customer01987@example.invalid,Canada,2023-02-28,Premium,5456.47
1988,Synthetic Customer 01988,customer01988@example.invalid,Germany,2021-08-11,Standard,3132.62
1989,Synthetic Customer 01989,customer01989@example.invalid,Australia,2025-09-13,Basic,14811.35
1990,Synthetic Customer 01990,customer01990@example.invalid,Germany,2025-04-29,Standard,8380.14
1991,Synthetic Customer 01991,customer01991@example.invalid,Canada,2020-07-29,Standard,11820.07
1992,Synthetic Customer 01992,customer01992@example.invalid,India,2023-02-07,Standard,17438.68
1993,Synthetic Customer 01993,customer01993@example.invalid,USA,2023-08-06,Basic,17243.18
1994,Synthetic Customer 01994,customer01994@example.invalid,Australia,2023-07-18,Standard,6386.26
1995,Synthetic Customer 01995,customer01995@example.invalid,Germany,2024-06-25,Standard,13896.05
1996,Synthetic Customer 01996,customer01996@example.invalid,USA,2025-08-28,Standard,13642.41
1997,Synthetic Customer 01997,customer01997@example.invalid,Singapore,2022-01-21,Standard,8955.59
1998,Synthetic Customer 01998,customer01998@example.invalid,Singapore,2025-01-17,Standard,14843.43
1999,Synthetic Customer 01999,customer01999@example.invalid,USA,2025-01-19,Standard,986.57
2000,Synthetic Customer 02000,customer02000@example.invalid,USA,2025-03-30,Basic,15584.09
2001,Synthetic Customer 02001,customer02001@example.invalid,Australia,2021-12-08,Standard,19236.93
2002,Synthetic Customer 02002,customer02002@example.invalid,Germany,2024-05-01,Premium,2932.29
2003,Synthetic Customer 02003,customer02003@example.invalid,UK,2023-06-09,Standard,10587.29
2004,Synthetic Customer 02004,customer02004@example.invalid,Canada,2020-10-15,Premium,13006.94
2005,Synthetic Customer 02005,customer02005@example.invalid,Canada,2022-11-30,Premium,16101.42
2006,Synthetic Customer 02006,customer02006@example.invalid,Canada,2022-02-26,Standard,19576.85
2007,Synthetic Customer 02007,customer02007@example.invalid,UK,2025-01-16,Standard,9225.41
2008,Synthetic Customer 02008,customer02008@example.invalid,USA,2020-04-30,Basic,14421.16
2009,Synthetic Customer 02009,customer02009@example.invalid,Germany,2023-09-25,Premium,4667.51
2010,Synthetic Customer 02010,customer02010@example.invalid,Singapore,2022-06-17,Basic,4888.30
2011,Synthetic Customer 02011,customer02011@example.invalid,Australia,2024-03-29,Standard,16510.64
2012,Synthetic Customer 02012,customer02012@example.invalid,USA,2025-09-09,Premium,11905.57
2013,Synthetic Customer 02013,customer02013@example.invalid,India,2023-04-17,Basic,260.46
2014,Synthetic Customer 02014,customer02014@example.invalid,Singapore,2020-02-11,Standard,18515.30
2015,Synthetic Customer 02015,customer02015@example.invalid,Singapore,2022-10-26,Standard,8089.55
2016,Synthetic Customer 02016,customer02016@example.invalid,UK,2022-01-06,Basic,2582.32
2017,Synthetic Customer 02017,customer02017@example.invalid,Australia,2023-09-09,Standard,19832.92
2018,Synthetic Customer 02018,customer02018@example.invalid,Canada,2024-03-09,Standard,17613.77
2019,Synthetic Customer 02019,customer02019@example.invalid,India,2023-04-29,Standard,243.63
2020,Synthetic Customer 02020,customer02020@example.invalid,UK,2022-05-01,Basic,15573.73
2021,Synthetic Customer 02021,customer02021@example.invalid,Canada,2022-09-12,Standard,11770.24
2022,Synthetic Customer 02022,customer02022@example.invalid,Singapore,2022-10-23,Basic,10334.60
2023,Synthetic Customer 02023,customer02023@example.invalid,UK,2024-08-06,Standard,3135.32
2024,Synthetic Customer 02024,customer02024@example.invalid,UK,2023-06-19,Premium,16354.83
2025,Synthetic Customer 02025,customer02025@example.invalid,Australia,2021-12-14,Standard,9697.57
2026,Synthetic Customer 02026,customer02026@example.invalid,UK,2022-10-09,Premium,2527.93
2027,Synthetic Customer 02027,customer02027@example.invalid,Canada,2025-12-24,Standard,11819.04
2028,Synthetic Customer 02028,customer02028@example.invalid,USA,2023-01-12,Basic,15938.00
2029,Synthetic Customer 02029,customer02029@example.invalid,Singapore,2021-05-22,Standard,9312.29
2030,Synthetic Customer 02030,customer02030@example.invalid,UK,2020-03-24,Basic,4649.73
2031,Synthetic Customer 02031,customer02031@example.invalid,Australia,2020-07-26,Standard,855.86
2032,Synthetic Customer 02032,customer02032@example.invalid,USA,2023-06-03,Standard,11295.22
2033,Synthetic Customer 02033,customer02033@example.invalid,Germany,2020-10-15,Standard,16355.71
2034,Synthetic Customer 02034,customer02034@example.invalid,India,2023-01-05,Premium,9274.77
2035,Synthetic Customer 02035,customer02035@example.invalid,Germany,2023-05-17,Standard,1246.44
2036,Synthetic Customer 02036,customer02036@example.invalid,USA,2023-10-18,Premium,7366.83
2037,Synthetic Customer 02037,customer02037@example.invalid,Australia,2020-03-13,Premium,5651.55
2038,Synthetic Customer 02038,customer02038@example.invalid,Canada,2020-10-26,Basic,9258.49
2039,Synthetic Customer 02039,customer02039@example.invalid,UK,2020-03-31,Basic,13198.59
2040,Synthetic Customer 02040,customer02040@example.invalid,Australia,2023-03-24,Standard,13060.19
2041,Synthetic Customer 02041,customer02041@example.invalid,Germany,2024-12-17,Premium,10328.60
2042,Synthetic Customer 02042,customer02042@example.invalid,UK,2024-09-05,Basic,2979.40
2043,Synthetic Customer 02043,customer02043@example.invalid,India,2024-10-30,Premium,11222.15
2044,Synthetic Customer 02044,customer02044@example.invalid,Australia,2024-07-14,Basic,9483.84
2045,Synthetic Customer 02045,customer02045@example.invalid,Singapore,invalid-date,Basic,8002.50
2046,Synthetic Customer 02046,customer02046@example.invalid,Australia,2020-06-20,Premium,9413.76
2047,Synthetic Customer 02047,customer02047@example.invalid,USA,2020-11-26,Basic,41.62
2048,Synthetic Customer 02048,customer02048@example.invalid,Germany,2022-06-29,Premium,5655.99
2049,Synthetic Customer 02049,customer02049@example.invalid,Canada,2023-02-16,Premium,12507.53
2050,Synthetic Customer 02050,customer02050@example.invalid,Australia,2023-11-09,Basic,7447.17
2051,Synthetic Customer 02051,customer02051@example.invalid,Australia,2025-10-21,Premium,5812.72
2052,Synthetic Customer 02052,,Australia,2020-08-26,Standard,4389.20
2053,Synthetic Customer 02053,customer02053@example.invalid,Canada,2021-07-22,Premium,8408.42
2054,Synthetic Customer 02054,customer02054@example.invalid,Singapore,2021-11-08,Standard,7418.30
2055,Synthetic Customer 02055,customer02055@example.invalid,Germany,2022-01-24,Premium,1230.63
2056,Synthetic Customer 02056,customer02056@example.invalid,USA,2021-02-15,Standard,14660.18
2057,Synthetic Customer 02057,customer02057@example.invalid,USA,2021-06-12,Standard,2580.34
2058,Synthetic Customer 02058,customer02058@example.invalid,Singapore,2025-11-24,Basic,16749.74
2059,Synthetic Customer 02059,customer02059@example.invalid,Canada,2020-06-06,Standard,4009.43
2060,Synthetic Customer 02060,customer02060@example.invalid,Singapore,2023-12-22,Premium,13008.52
2061,Synthetic Customer 02061,customer02061@example.invalid,India,2024-06-23,Basic,16402.31
2062,Synthetic Customer 02062,customer02062@example.invalid,Canada,2024-11-11,Standard,12405.02
2063,Synthetic Customer 02063,customer02063@example.invalid,UK,2021-06-16,Premium,1886.45
2064,Synthetic Customer 02064,customer02064@example.invalid,Singapore,2020-03-08,Basic,828.18
2065,Synthetic Customer 02065,customer02065@example.invalid,India,2024-08-24,Premium,3746.28
2066,Synthetic Customer 02066,customer02066@example.invalid,USA,2021-08-27,Standard,2274.45
2067,Synthetic Customer 02067,customer02067@example.invalid,Canada,2022-06-08,Basic,524.50
2068,Synthetic Customer 02068,customer02068@example.invalid,UK,2024-12-17,Premium,4587.14
2069,Synthetic Customer 02069,customer02069@example.invalid,UK,2025-10-20,Premium,9125.78
2070,Synthetic Customer 02070,customer02070@example.invalid,Canada,2023-10-19,Standard,11001.62
2071,Synthetic Customer 02071,customer02071@example.invalid,Canada,2021-08-26,Standard,11699.61
2072,Synthetic Customer 02072,customer02072@example.invalid,USA,2021-01-06,Premium,10244.16
2073,Synthetic Customer 02073,customer02073@example.invalid,UK,2023-06-17,Standard,182.97
2074,Synthetic Customer 02074,customer02074@example.invalid,Germany,2025-08-03,Premium,2232.62
2075,Synthetic Customer 02075,customer02075@example.invalid,Germany,2023-06-01,Standard,7427.45
2076,Synthetic Customer 02076,customer02076@example.invalid,USA,2025-12-30,Premium,17417.11
2077,Synthetic Customer 02077,customer02077@example.invalid,USA,2020-04-04,Basic,7190.36
2078,Synthetic Customer 02078,customer02078@example.invalid,Australia,2022-08-11,Premium,2593.12
2079,Synthetic Customer 02079,customer02079@example.invalid,USA,2022-10-03,Standard,7393.76
2080,Synthetic Customer 02080,customer02080@example.invalid,Canada,2024-06-09,Standard,11086.34
2081,Synthetic Customer 02081,customer02081@example.invalid,India,2025-09-14,Premium,12097.34
2082,Synthetic Customer 02082,customer02082@example.invalid,UK,2020-02-29,Basic,10139.41
2083,Synthetic Customer 02083,customer02083@example.invalid,Singapore,2025-07-22,Basic,13055.46
2084,Synthetic Customer 02084,customer02084@example.invalid,UK,2023-03-21,Premium,13698.76
2085,Synthetic Customer 02085,customer02085@example.invalid,India,2024-08-13,Standard,34.26
2086,Synthetic Customer 02086,customer02086@example.invalid,Australia,2021-05-12,Premium,15485.99
2087,Synthetic Customer 02087,customer02087@example.invalid,Germany,2022-01-17,Premium,15072.42
2088,Synthetic Customer 02088,customer02088@example.invalid,India,2025-09-24,Basic,17444.61
2089,Synthetic Customer 02089,customer02089@example.invalid,Singapore,2024-02-11,Basic,9888.71
2090,Synthetic Customer 02090,customer02090@example.invalid,Singapore,2025-03-27,Premium,6526.89
2091,Synthetic Customer 02091,customer02091@example.invalid,UK,2025-06-12,Standard,12797.63
2092,Synthetic Customer 02092,customer02092@example.invalid,Singapore,2024-10-26,Premium,19494.30
2093,Synthetic Customer 02093,customer02093@example.invalid,Germany,2025-10-29,Premium,9506.13
2094,Synthetic Customer 02094,customer02094@example.invalid,Canada,2025-12-27,Premium,18262.50
2095,Synthetic Customer 02095,customer02095@example.invalid,USA,2025-05-04,Premium,13015.06
2096,Synthetic Customer 02096,customer02096@example.invalid,Canada,2022-08-06,Standard,5918.32
2097,Synthetic Customer 02097,customer02097@example.invalid,Australia,2020-08-05,Standard,7012.00
2098,Synthetic Customer 02098,customer02098@example.invalid,Singapore,2022-01-14,Standard,4704.20
2099,Synthetic Customer 02099,customer02099@example.invalid,Canada,2020-07-07,Premium,5043.94
2100,Synthetic Customer 02100,customer02100@example.invalid,UK,2024-09-14,Premium,17782.05
2101,Synthetic Customer 02101,customer02101@example.invalid,Australia,2025-01-21,Premium,8114.02
2102,Synthetic Customer 02102,customer02102@example.invalid,Germany,2020-02-03,Basic,11090.94
2103,Synthetic Customer 02103,customer02103@example.invalid,Germany,2024-10-05,Standard,17353.77
2104,Synthetic Customer 02104,customer02104@example.invalid,UK,2023-08-15,Basic,13892.21
2105,Synthetic Customer 02105,customer02105@example.invalid,USA,2023-12-07,Basic,2714.80
2106,Synthetic Customer 02106,customer02106@example.invalid,Singapore,2021-04-13,Premium,3810.40
2107,Synthetic Customer 02107,customer02107@example.invalid,Singapore,2022-03-22,Standard,16262.13
2108,Synthetic Customer 02108,customer02108@example.invalid,USA,2020-09-13,Standard,7360.49
2109,Synthetic Customer 02109,customer02109@example.invalid,UK,2021-07-21,Basic,2913.11
2110,Synthetic Customer 02110,customer02110@example.invalid,Germany,2024-03-31,Premium,4828.39
2111,Synthetic Customer 02111,customer02111@example.invalid,UK,2021-02-18,Premium,15929.54
2112,Synthetic Customer 02112,customer02112@example.invalid,UK,2023-07-21,Basic,17513.46
2113,Synthetic Customer 02113,customer02113@example.invalid,Canada,2025-05-19,Basic,4266.97
2114,Synthetic Customer 02114,customer02114@example.invalid,India,2023-10-14,Standard,19540.94
2115,Synthetic Customer 02115,customer02115@example.invalid,Australia,2020-03-01,Premium,17762.02
2116,Synthetic Customer 02116,customer02116@example.invalid,USA,2022-03-11,Standard,3579.05
2117,Synthetic Customer 02117,customer02117@example.invalid,USA,2020-06-14,Premium,14735.89
2118,Synthetic Customer 02118,customer02118@example.invalid,Singapore,2025-01-11,Premium,2728.15
2119,Synthetic Customer 02119,customer02119@example.invalid,UK,2025-02-21,Premium,16811.41
2120,Synthetic Customer 02120,customer02120@example.invalid,UK,2022-11-07,Standard,4639.98
2121,Synthetic Customer 02121,customer02121@example.invalid,Australia,2025-08-04,Premium,4283.77
2122,Synthetic Customer 02122,customer02122@example.invalid,Australia,2021-10-27,Standard,2229.40
2123,Synthetic Customer 02123,customer02123@example.invalid,Singapore,2022-02-01,Basic,6340.81
2124,Synthetic Customer 02124,customer02124@example.invalid,UK,2022-01-27,Standard,1004.54
2125,Synthetic Customer 02125,customer02125@example.invalid,India,2020-10-11,Premium,18751.82
2126,Synthetic Customer 02126,customer02126@example.invalid,India,2023-02-06,Premium,2359.95
2127,Synthetic Customer 02127,customer02127@example.invalid,USA,2023-08-06,Premium,12584.30
2128,Synthetic Customer 02128,customer02128@example.invalid,UK,2021-04-09,Premium,10175.40
2129,Synthetic Customer 02129,customer02129@example.invalid,UK,2022-04-12,Basic,14731.88
2130,Synthetic Customer 02130,customer02130@example.invalid,India,2020-09-13,Standard,596.19
2131,Synthetic Customer 02131,customer02131@example.invalid,Singapore,2023-12-02,Standard,16181.60
2132,Synthetic Customer 02132,customer02132@example.invalid,Singapore,2020-07-02,Basic,18542.70
2133,Synthetic Customer 02133,customer02133@example.invalid,Canada,2020-07-16,Standard,15459.15
2134,Synthetic Customer 02134,customer02134@example.invalid,India,2025-10-09,Standard,18745.93
2135,Synthetic Customer 02135,customer02135@example.invalid,UK,2022-10-10,Basic,7317.01
2136,Synthetic Customer 02136,customer02136@example.invalid,Germany,2025-03-25,Basic,4077.92
2137,Synthetic Customer 02137,customer02137@example.invalid,Canada,2021-03-16,Standard,15035.31
2138,Synthetic Customer 02138,customer02138@example.invalid,USA,2025-11-02,Standard,5544.33
2139,Synthetic Customer 02139,customer02139@example.invalid,Germany,2025-01-27,Basic,6843.98
2140,Synthetic Customer 02140,customer02140@example.invalid,Singapore,2023-08-09,Premium,4456.73
2141,Synthetic Customer 02141,customer02141@example.invalid,Germany,2020-05-10,Standard,14346.94
2142,Synthetic Customer 02142,customer02142@example.invalid,Australia,2025-05-08,Premium,8627.80
2143,Synthetic Customer 02143,customer02143@example.invalid,UK,2020-08-28,Premium,11442.18
2144,Synthetic Customer 02144,customer02144@example.invalid,Australia,2023-06-07,Basic,15121.80
2145,Synthetic Customer 02145,customer02145@example.invalid,India,2025-10-17,Standard,4265.15
2146,Synthetic Customer 02146,customer02146@example.invalid,UK,2021-04-03,Standard,3337.39
2147,Synthetic Customer 02147,customer02147@example.invalid,Australia,2021-07-04,Premium,12862.96
2148,Synthetic Customer 02148,customer02148@example.invalid,UK,2025-03-08,Basic,14770.07
2149,Synthetic Customer 02149,customer02149@example.invalid,India,2024-01-20,Standard,11691.32
2150,Synthetic Customer 02150,customer02150@example.invalid,Australia,2023-06-25,Basic,6580.19
2151,Synthetic Customer 02151,customer02151@example.invalid,UK,2025-10-16,Basic,6967.75
2152,Synthetic Customer 02152,customer02152@example.invalid,USA,2020-01-04,Basic,17829.61
2153,Synthetic Customer 02153,customer02153@example.invalid,Canada,2023-08-03,Basic,10324.34
2154,Synthetic Customer 02154,customer02154@example.invalid,Canada,2023-03-16,Premium,6300.41
2155,Synthetic Customer 02155,customer02155@example.invalid,India,2022-10-17,Basic,16089.03
2156,Synthetic Customer 02156,customer02156@example.invalid,India,2020-09-05,Premium,3113.01
2157,Synthetic Customer 02157,customer02157@example.invalid,Canada,2024-02-17,Basic,12971.65
2158,Synthetic Customer 02158,customer02158@example.invalid,Canada,2024-04-29,Premium,9847.06
2159,Synthetic Customer 02159,customer02159@example.invalid,Canada,2023-10-27,Basic,12060.22
2160,Synthetic Customer 02160,customer02160@example.invalid,Germany,2024-04-01,Standard,10736.11
2161,Synthetic Customer 02161,customer02161@example.invalid,UK,2021-04-29,Standard,11457.74
2162,Synthetic Customer 02162,customer02162@example.invalid,UK,2021-06-17,Premium,14170.14
2163,Synthetic Customer 02163,customer02163@example.invalid,Germany,2021-07-15,Premium,13694.49
2164,Synthetic Customer 02164,customer02164@example.invalid,USA,2021-10-23,Standard,10804.78
2165,Synthetic Customer 02165,customer02165@example.invalid,Canada,2020-06-30,Premium,15832.83
2166,Synthetic Customer 02166,customer02166@example.invalid,Canada,2024-05-21,Premium,18159.69
2167,Synthetic Customer 02167,customer02167@example.invalid,UK,2020-05-28,Basic,970.02
2168,Synthetic Customer 02168,customer02168@example.invalid,Canada,2021-01-13,Premium,13317.85
2169,Synthetic Customer 02169,customer02169@example.invalid,Australia,2021-01-27,Basic,18913.95
2170,Synthetic Customer 02170,customer02170@example.invalid,Singapore,2021-10-18,Basic,6673.68
2171,Synthetic Customer 02171,customer02171@example.invalid,Singapore,2022-01-24,Standard,2260.62
2172,Synthetic Customer 02172,customer02172@example.invalid,USA,2022-12-18,Standard,1858.72
2173,Synthetic Customer 02173,customer02173@example.invalid,India,2020-03-07,Premium,1556.99
2174,Synthetic Customer 02174,customer02174@example.invalid,Canada,2024-05-02,Standard,17417.04
2175,Synthetic Customer 02175,customer02175@example.invalid,Singapore,2021-02-24,Standard,6610.68
2176,Synthetic Customer 02176,customer02176@example.invalid,Singapore,2023-12-29,Basic,305.39
2177,Synthetic Customer 02177,customer02177@example.invalid,India,2020-01-21,Premium,2177.58
2178,Synthetic Customer 02178,customer02178@example.invalid,UK,2022-12-18,Basic,3795.57
2179,Synthetic Customer 02179,customer02179@example.invalid,India,2023-05-12,Premium,10933.40
2180,Synthetic Customer 02180,customer02180@example.invalid,India,2023-09-04,Basic,15074.98
2181,Synthetic Customer 02181,customer02181@example.invalid,Singapore,2020-11-16,Standard,15079.62
2182,Synthetic Customer 02182,customer02182@example.invalid,Australia,2022-02-25,Standard,623.22
2183,Synthetic Customer 02183,customer02183@example.invalid,UK,2023-05-19,Standard,19909.31
2184,Synthetic Customer 02184,customer02184@example.invalid,India,2021-08-31,Basic,6125.06
2185,Synthetic Customer 02185,customer02185@example.invalid,Singapore,2023-02-11,Standard,7888.81
2186,Synthetic Customer 02186,customer02186@example.invalid,Singapore,2022-11-07,Premium,7100.93
2187,Synthetic Customer 02187,customer02187@example.invalid,Singapore,2023-10-18,Premium,1304.65
2188,Synthetic Customer 02188,customer02188@example.invalid,Germany,2023-01-23,Basic,8561.01
2189,Synthetic Customer 02189,customer02189@example.invalid,UK,2020-06-07,Premium,7697.56
2190,Synthetic Customer 02190,customer02190@example.invalid,Germany,2024-10-15,Basic,2035.82
2191,Synthetic Customer 02191,customer02191@example.invalid,Singapore,2025-08-31,Standard,15851.33
2192,Synthetic Customer 02192,customer02192@example.invalid,Australia,2025-10-31,Premium,8703.35
2193,Synthetic Customer 02193,customer02193@example.invalid,Canada,2022-10-04,Standard,15478.67
2194,Synthetic Customer 02194,customer02194@example.invalid,Singapore,2025-04-08,Premium,17387.74
2195,Synthetic Customer 02195,customer02195@example.invalid,Australia,2020-12-08,Standard,5409.70
2196,Synthetic Customer 02196,customer02196@example.invalid,USA,2021-10-30,Premium,955.04
2197,Synthetic Customer 02197,customer02197@example.invalid,Germany,2020-07-24,Premium,4092.49
2198,Synthetic Customer 02198,customer02198@example.invalid,Germany,2025-02-20,Basic,10989.57
2199,Synthetic Customer 02199,customer02199@example.invalid,Canada,2021-01-06,Standard,12639.49
2200,Synthetic Customer 02200,customer02200@example.invalid,Canada,2022-04-13,Standard,7233.12
2201,Synthetic Customer 02201,customer02201@example.invalid,Singapore,2020-08-01,Basic,6964.46
2202,Synthetic Customer 02202,customer02202@example.invalid,India,2021-08-25,Premium,15659.67
2203,Synthetic Customer 02203,customer02203@example.invalid,India,2021-05-26,Standard,15558.87
2204,Synthetic Customer 02204,customer02204@example.invalid,Singapore,2023-02-22,Basic,15861.45
2205,Synthetic Customer 02205,customer02205@example.invalid,Germany,2024-01-24,Standard,13923.00
2206,Synthetic Customer 02206,customer02206@example.invalid,Germany,2024-05-23,Basic,12502.13
2207,Synthetic Customer 02207,customer02207@example.invalid,Canada,2023-07-21,Standard,1199.05
2208,Synthetic Customer 02208,customer02208@example.invalid,Canada,2022-04-10,Premium,14289.28
2209,Synthetic Customer 02209,customer02209@example.invalid,Singapore,2022-11-20,Standard,5707.93
2210,Synthetic Customer 02210,customer02210@example.invalid,Australia,2023-08-25,Premium,19419.29
2211,Synthetic Customer 02211,customer02211@example.invalid,Singapore,2021-04-24,Standard,1544.92
2212,Synthetic Customer 02212,customer02212@example.invalid,USA,2024-12-22,Premium,12449.95
2213,Synthetic Customer 02213,customer02213@example.invalid,Singapore,2024-01-13,Basic,12334.25
2214,Synthetic Customer 02214,customer02214@example.invalid,Australia,2025-06-14,Standard,14388.42
2215,Synthetic Customer 02215,customer02215@example.invalid,Germany,2021-07-09,Premium,19223.22
2216,Synthetic Customer 02216,customer02216@example.invalid,Germany,2023-12-21,Standard,8624.95
2217,Synthetic Customer 02217,customer02217@example.invalid,Singapore,2025-11-07,Premium,4908.17
2218,Synthetic Customer 02218,customer02218@example.invalid,Germany,2023-12-22,Standard,11276.37
2219,Synthetic Customer 02219,customer02219@example.invalid,USA,2025-07-27,Standard,13064.05
2220,Synthetic Customer 02220,customer02220@example.invalid,Canada,2020-07-03,Basic,5092.45
2221,Synthetic Customer 02221,customer02221@example.invalid,Germany,2020-04-06,Basic,18083.82
2222,Synthetic Customer 02222,customer02222@example.invalid,Singapore,2024-02-07,Basic,1063.91
2223,Synthetic Customer 02223,customer02223@example.invalid,Singapore,2021-02-10,Basic,15982.27
2224,Synthetic Customer 02224,customer02224@example.invalid,USA,2022-12-24,Premium,9132.96
2225,Synthetic Customer 02225,customer02225@example.invalid,Singapore,2023-02-14,Basic,1282.74
2226,Synthetic Customer 02226,customer02226@example.invalid,UK,2022-11-20,Premium,10195.45
2227,Synthetic Customer 02227,customer02227@example.invalid,Canada,2023-10-19,Standard,15426.29
2228,Synthetic Customer 02228,customer02228@example.invalid,Australia,2021-04-20,Basic,2179.22
2229,Synthetic Customer 02229,customer02229@example.invalid,India,2020-04-08,Premium,9274.83
2230,Synthetic Customer 02230,customer02230@example.invalid,USA,2024-02-05,Premium,14147.29
2231,Synthetic Customer 02231,customer02231@example.invalid,Canada,2024-08-05,Standard,7091.95
2232,Synthetic Customer 02232,customer02232@example.invalid,Canada,2024-05-03,Basic,4261.41
2233,Synthetic Customer 02233,customer02233@example.invalid,Singapore,2022-12-22,Premium,19523.84
2234,Synthetic Customer 02234,customer02234@example.invalid,Canada,2020-10-30,Basic,9017.81
2235,Synthetic Customer 02235,customer02235@example.invalid,Canada,2021-06-03,Standard,9867.04
2236,Synthetic Customer 02236,customer02236@example.invalid,Singapore,2023-11-20,Standard,13925.84
2237,Synthetic Customer 02237,customer02237@example.invalid,UK,2021-01-19,Standard,2483.85
2238,Synthetic Customer 02238,customer02238@example.invalid,Canada,2023-03-28,Basic,15731.93
2239,Synthetic Customer 02239,customer02239@example.invalid,USA,2023-08-08,Premium,19795.70
2240,Synthetic Customer 02240,customer02240@example.invalid,UK,2021-03-31,Basic,19540.83
2241,Synthetic Customer 02241,customer02241@example.invalid,Canada,2025-07-09,Premium,4778.61
2242,Synthetic Customer 02242,customer02242@example.invalid,Australia,2021-12-03,Premium,4579.97
2243,Synthetic Customer 02243,customer02243@example.invalid,Singapore,2023-11-02,Standard,6398.14
2244,Synthetic Customer 02244,customer02244@example.invalid,Canada,2020-11-19,Basic,2018.54
2245,Synthetic Customer 02245,customer02245@example.invalid,Australia,2021-07-18,Standard,11174.93
2246,Synthetic Customer 02246,customer02246@example.invalid,UK,2023-02-16,Premium,19090.37
2247,Synthetic Customer 02247,customer02247@example.invalid,Canada,2021-04-04,Premium,1980.30
2248,Synthetic Customer 02248,customer02248@example.invalid,Canada,2020-10-07,Standard,15592.14
2249,Synthetic Customer 02249,customer02249@example.invalid,Canada,2024-10-01,Standard,14551.94
2250,Synthetic Customer 02250,customer02250@example.invalid,Canada,2023-12-02,Standard,798.43
2251,Synthetic Customer 02251,customer02251@example.invalid,Singapore,2021-12-21,Basic,5995.27
2252,Synthetic Customer 02252,customer02252@example.invalid,UK,2021-05-20,Standard,2146.06
2253,Synthetic Customer 02253,customer02253@example.invalid,UK,2024-04-04,Standard,8262.18
2254,Synthetic Customer 02254,customer02254@example.invalid,Canada,2023-02-20,Premium,19721.34
2255,Synthetic Customer 02255,customer02255@example.invalid,India,2020-01-01,Basic,18869.41
2256,Synthetic Customer 02256,customer02256@example.invalid,UK,2020-03-27,Basic,12889.52
2257,Synthetic Customer 02257,customer02257@example.invalid,Germany,2024-02-21,Premium,2686.16
2258,Synthetic Customer 02258,customer02258@example.invalid,Singapore,2025-11-05,Basic,13267.93
2259,Synthetic Customer 02259,customer02259@example.invalid,USA,2025-06-20,Standard,1112.10
2260,Synthetic Customer 02260,customer02260@example.invalid,USA,2022-01-15,Basic,6432.64
2261,Synthetic Customer 02261,customer02261@example.invalid,UK,2021-02-21,Standard,6041.79
2262,Synthetic Customer 02262,customer02262@example.invalid,Singapore,2020-05-08,Standard,7703.29
2263,Synthetic Customer 02263,customer02263@example.invalid,USA,2023-06-19,Basic,13122.07
2264,Synthetic Customer 02264,customer02264@example.invalid,Canada,2023-01-23,Premium,10642.02
2265,Synthetic Customer 02265,customer02265@example.invalid,Singapore,2020-05-28,Premium,14391.81
2266,Synthetic Customer 02266,customer02266@example.invalid,UK,2023-12-13,Premium,16404.77
2267,Synthetic Customer 02267,customer02267@example.invalid,Australia,2022-01-24,Basic,18039.29
2268,Synthetic Customer 02268,customer02268@example.invalid,Singapore,2020-06-29,Standard,13972.93
2269,Synthetic Customer 02269,customer02269@example.invalid,UK,2021-10-01,Basic,18087.19
2270,Synthetic Customer 02270,customer02270@example.invalid,Australia,2021-06-30,Standard,2846.39
2271,Synthetic Customer 02271,customer02271@example.invalid,Canada,2024-05-22,Standard,7555.03
2272,Synthetic Customer 02272,customer02272@example.invalid,India,2022-07-26,Standard,5984.41
2273,Synthetic Customer 02273,customer02273@example.invalid,UK,2025-07-19,Basic,3657.23
2274,Synthetic Customer 02274,customer02274@example.invalid,Australia,2023-02-15,Premium,12163.17
2275,Synthetic Customer 02275,customer02275@example.invalid,Germany,2025-07-14,Standard,1537.60
2276,Synthetic Customer 02276,customer02276@example.invalid,Singapore,2020-04-07,Standard,15552.52
2277,Synthetic Customer 02277,customer02277@example.invalid,Singapore,2022-09-26,Basic,3934.03
2278,Synthetic Customer 02278,customer02278@example.invalid,Germany,2025-01-23,Basic,724.47
2279,Synthetic Customer 02279,customer02279@example.invalid,UK,2020-07-29,Standard,19789.15
2280,Synthetic Customer 02280,customer02280@example.invalid,India,2022-07-12,Premium,7913.21
2281,Synthetic Customer 02281,customer02281@example.invalid,Canada,2024-03-27,Basic,4442.83
2282,Synthetic Customer 02282,customer02282@example.invalid,Canada,2024-06-06,Premium,328.51
2283,Synthetic Customer 02283,customer02283@example.invalid,Canada,2023-11-12,Premium,13048.93
2284,Synthetic Customer 02284,customer02284@example.invalid,India,2022-12-01,Premium,18230.26
2285,Synthetic Customer 02285,customer02285@example.invalid,Germany,2023-06-09,Premium,6413.15
2286,Synthetic Customer 02286,customer02286@example.invalid,UK,2021-04-12,Premium,12888.73
2287,Synthetic Customer 02287,customer02287@example.invalid,USA,2023-11-12,Standard,2354.15
2288,Synthetic Customer 02288,customer02288@example.invalid,Singapore,2023-04-23,Premium,8388.87
2289,Synthetic Customer 02289,customer02289@example.invalid,Germany,2023-11-03,Basic,787.61
2290,Synthetic Customer 02290,customer02290@example.invalid,Canada,2025-03-29,Standard,5716.89
2291,Synthetic Customer 02291,customer02291@example.invalid,UK,2022-09-13,Standard,2463.68
2292,Synthetic Customer 02292,customer02292@example.invalid,Canada,2021-01-02,Premium,8627.35
2293,Synthetic Customer 02293,customer02293@example.invalid,USA,2020-09-20,Basic,16722.97
2294,Synthetic Customer 02294,customer02294@example.invalid,India,2022-12-20,Premium,19642.29
2295,Synthetic Customer 02295,customer02295@example.invalid,Canada,2024-09-23,Basic,10794.98
2296,Synthetic Customer 02296,customer02296@example.invalid,India,2025-06-24,Basic,5747.13
2297,Synthetic Customer 02297,customer02297@example.invalid,Singapore,2020-07-13,Basic,14477.56
2298,Synthetic Customer 02298,customer02298@example.invalid,Germany,2025-12-23,Premium,14571.66
2299,Synthetic Customer 02299,customer02299@example.invalid,Singapore,2020-09-19,Premium,179.01
2300,Synthetic Customer 02300,customer02300@example.invalid,UK,2021-04-26,Premium,15667.81
2301,Synthetic Customer 02301,customer02301@example.invalid,Canada,2021-07-13,Basic,6666.56
2302,Synthetic Customer 02302,customer02302@example.invalid,Singapore,2020-02-21,Premium,12553.87
2303,Synthetic Customer 02303,customer02303@example.invalid,Australia,2023-03-31,Standard,15186.83
2304,Synthetic Customer 02304,customer02304@example.invalid,Canada,2024-12-21,Standard,15643.03
2305,Synthetic Customer 02305,customer02305@example.invalid,Canada,2022-02-10,Basic,3437.06
2306,Synthetic Customer 02306,customer02306@example.invalid,Australia,2021-09-11,Standard,2074.15
2307,Synthetic Customer 02307,customer02307@example.invalid,India,2025-05-10,Basic,15844.57
2308,Synthetic Customer 02308,customer02308@example.invalid,India,2024-10-11,Standard,13310.29
2309,Synthetic Customer 02309,customer02309@example.invalid,Singapore,2025-09-21,Premium,4215.93
2310,Synthetic Customer 02310,customer02310@example.invalid,India,2020-06-07,Basic,3413.65
2311,Synthetic Customer 02311,customer02311@example.invalid,Canada,2022-02-20,Basic,18778.26
2312,Synthetic Customer 02312,customer02312@example.invalid,Canada,2025-01-31,Basic,2271.40
2313,Synthetic Customer 02313,customer02313@example.invalid,Australia,2025-07-25,Basic,19121.03
2314,Synthetic Customer 02314,customer02314@example.invalid,Germany,2025-08-16,Basic,1585.74
2315,Synthetic Customer 02315,customer02315@example.invalid,Singapore,2020-02-06,Premium,10506.50
2316,Synthetic Customer 02316,customer02316@example.invalid,Canada,2024-11-22,Standard,12496.14
2317,Synthetic Customer 02317,customer02317@example.invalid,Australia,2021-04-12,Standard,16012.64
2318,Synthetic Customer 02318,customer02318@example.invalid,Germany,2020-02-21,Basic,14292.63
2319,Synthetic Customer 02319,customer02319@example.invalid,Germany,2020-07-14,Basic,8539.82
2320,Synthetic Customer 02320,customer02320@example.invalid,Australia,2024-10-23,Standard,19923.31
2321,Synthetic Customer 02321,customer02321@example.invalid,Australia,2025-07-31,Basic,8298.43
2322,Synthetic Customer 02322,customer02322@example.invalid,Germany,2021-01-03,Premium,12528.84
2323,Synthetic Customer 02323,customer02323@example.invalid,Australia,2025-11-01,Standard,19024.64
2324,Synthetic Customer 02324,customer02324@example.invalid,India,2025-02-26,Basic,6806.74
2325,Synthetic Customer 02325,customer02325@example.invalid,USA,2023-03-11,Premium,8181.34
2326,Synthetic Customer 02326,customer02326@example.invalid,India,2023-07-02,Premium,15904.50
2327,Synthetic Customer 02327,customer02327@example.invalid,USA,2024-02-29,Premium,13036.81
2328,Synthetic Customer 02328,customer02328@example.invalid,India,2025-03-19,Standard,17747.77
2329,Synthetic Customer 02329,customer02329@example.invalid,Australia,2024-10-23,Standard,3814.26
2330,Synthetic Customer 02330,customer02330@example.invalid,Singapore,2024-12-19,Standard,19870.65
2331,Synthetic Customer 02331,customer02331@example.invalid,Canada,2025-04-07,Standard,13038.71
2332,Synthetic Customer 02332,customer02332@example.invalid,Germany,2024-02-10,Standard,18718.69
2333,Synthetic Customer 02333,customer02333@example.invalid,USA,2023-12-07,Standard,11786.31
2334,Synthetic Customer 02334,customer02334@example.invalid,USA,2022-05-05,Basic,13533.51
2335,Synthetic Customer 02335,customer02335@example.invalid,UK,2023-11-07,Basic,7948.18
2336,Synthetic Customer 02336,customer02336@example.invalid,Australia,2021-03-30,Basic,7517.68
2337,Synthetic Customer 02337,customer02337@example.invalid,India,2024-03-25,Standard,16913.45
2338,Synthetic Customer 02338,customer02338@example.invalid,USA,2020-12-24,Basic,6418.15
2339,Synthetic Customer 02339,customer02339@example.invalid,Australia,2025-10-29,Standard,180.68
2340,Synthetic Customer 02340,customer02340@example.invalid,Australia,2020-04-05,Premium,10208.25
2341,Synthetic Customer 02341,customer02341@example.invalid,Germany,2021-03-04,Standard,5294.07
2342,Synthetic Customer 02342,customer02342@example.invalid,USA,2020-02-06,Standard,1896.35
2343,Synthetic Customer 02343,customer02343@example.invalid,Canada,2023-08-15,Basic,1750.11
2344,Synthetic Customer 02344,customer02344@example.invalid,Singapore,2021-05-28,Basic,9649.79
2345,Synthetic Customer 02345,customer02345@example.invalid,India,2025-11-18,Basic,146.76
2346,Synthetic Customer 02346,customer02346@example.invalid,Australia,2021-01-23,Premium,768.41
2347,Synthetic Customer 02347,customer02347@example.invalid,Germany,2023-07-12,Basic,14065.44
2348,Synthetic Customer 02348,customer02348@example.invalid,USA,2023-06-24,Standard,10836.77
2349,Synthetic Customer 02349,customer02349@example.invalid,Singapore,2022-05-02,Basic,10852.85
2350,Synthetic Customer 02350,customer02350@example.invalid,UK,2025-11-12,Basic,7916.53
2351,Synthetic Customer 02351,customer02351@example.invalid,USA,2022-10-08,Premium,6654.54
2352,Synthetic Customer 02352,customer02352@example.invalid,Singapore,2022-07-17,Standard,11051.17
2353,Synthetic Customer 02353,customer02353@example.invalid,Australia,2021-06-19,Premium,3264.37
2354,Synthetic Customer 02354,customer02354@example.invalid,Australia,2024-06-02,Premium,10265.93
2355,Synthetic Customer 02355,customer02355@example.invalid,Singapore,2024-08-01,Basic,17723.21
2356,Synthetic Customer 02356,customer02356@example.invalid,UK,2021-06-28,Basic,13750.08
2357,Synthetic Customer 02357,customer02357@example.invalid,Canada,2024-11-12,Basic,14250.53
2358,Synthetic Customer 02358,customer02358@example.invalid,Canada,2023-02-28,Standard,15983.62
2359,Synthetic Customer 02359,customer02359@example.invalid,Germany,2023-05-11,Standard,8436.21
2360,Synthetic Customer 02360,customer02360@example.invalid,USA,2022-04-02,Standard,5281.54
2361,Synthetic Customer 02361,customer02361@example.invalid,USA,2020-05-07,Basic,9950.09
2362,Synthetic Customer 02362,customer02362@example.invalid,Canada,2020-11-22,Premium,18038.59
2363,Synthetic Customer 02363,customer02363@example.invalid,UK,2020-01-24,Standard,9260.22
2364,Synthetic Customer 02364,customer02364@example.invalid,UK,2024-07-13,Standard,8467.37
2365,Synthetic Customer 02365,customer02365@example.invalid,Australia,2020-08-13,Premium,7232.43
2366,Synthetic Customer 02366,customer02366@example.invalid,Australia,2025-07-21,Premium,7168.04
2367,Synthetic Customer 02367,customer02367@example.invalid,Germany,2022-09-27,Standard,14422.48
2368,Synthetic Customer 02368,customer02368@example.invalid,USA,2020-10-17,Premium,17828.17
2369,Synthetic Customer 02369,customer02369@example.invalid,UK,2020-01-29,Standard,3906.72
2370,Synthetic Customer 02370,customer02370@example.invalid,Canada,2025-12-03,Basic,18412.66
2371,Synthetic Customer 02371,customer02371@example.invalid,USA,2025-07-24,Basic,9781.40
2372,Synthetic Customer 02372,customer02372@example.invalid,USA,2023-02-22,Basic,3028.26
2373,Synthetic Customer 02373,customer02373@example.invalid,Germany,2020-03-21,Premium,11545.92
2374,Synthetic Customer 02374,customer02374@example.invalid,UK,2023-04-14,Premium,976.17
2375,Synthetic Customer 02375,customer02375@example.invalid,Australia,2025-02-26,Standard,8714.51
2376,Synthetic Customer 02376,customer02376@example.invalid,Singapore,2020-05-02,Standard,14816.85
2377,Synthetic Customer 02377,customer02377@example.invalid,Germany,2023-08-17,Basic,9470.24
2378,Synthetic Customer 02378,customer02378@example.invalid,UK,2024-02-17,Basic,10462.57
2379,Synthetic Customer 02379,customer02379@example.invalid,UK,2021-11-18,Premium,18540.41
2380,Synthetic Customer 02380,customer02380@example.invalid,Germany,2024-11-17,Basic,14156.25
2381,Synthetic Customer 02381,customer02381@example.invalid,USA,2023-05-24,Basic,11552.80
2382,Synthetic Customer 02382,customer02382@example.invalid,UK,2024-10-24,Basic,11941.41
2383,Synthetic Customer 02383,customer02383@example.invalid,Canada,2022-08-22,Basic,219.59
2384,Synthetic Customer 02384,customer02384@example.invalid,UK,2023-04-27,Standard,12630.45
2385,Synthetic Customer 02385,customer02385@example.invalid,Germany,2020-03-31,Basic,9090.68
2386,Synthetic Customer 02386,customer02386@example.invalid,USA,2021-06-24,Basic,4131.10
2387,Synthetic Customer 02387,customer02387@example.invalid,Singapore,2024-10-15,Standard,8705.13
2388,Synthetic Customer 02388,customer02388@example.invalid,USA,2020-05-07,Premium,10435.43
2389,Synthetic Customer 02389,customer02389@example.invalid,Germany,2024-05-19,Standard,1489.46
2390,Synthetic Customer 02390,customer02390@example.invalid,UK,2024-03-08,Basic,13694.49
2391,Synthetic Customer 02391,customer02391@example.invalid,India,2022-07-19,Premium,11551.30
2392,Synthetic Customer 02392,customer02392@example.invalid,India,2023-09-08,Standard,13556.42
2393,Synthetic Customer 02393,customer02393@example.invalid,USA,2023-06-24,Standard,3088.52
2394,Synthetic Customer 02394,customer02394@example.invalid,Australia,2025-11-27,Standard,6735.12
2395,Synthetic Customer 02395,customer02395@example.invalid,USA,2022-06-04,Standard,5607.37
2396,Synthetic Customer 02396,customer02396@example.invalid,India,2022-09-16,Premium,16111.40
2397,Synthetic Customer 02397,customer02397@example.invalid,USA,2024-12-01,Standard,4069.93
2398,Synthetic Customer 02398,customer02398@example.invalid,Canada,2023-01-04,Basic,10514.06
2399,Synthetic Customer 02399,customer02399@example.invalid,Germany,2024-05-07,Premium,13705.40
2400,Synthetic Customer 02400,customer02400@example.invalid,Canada,2024-05-15,Premium,9664.84
2401,Synthetic Customer 02401,customer02401@example.invalid,UK,2025-07-28,Premium,15356.83
2402,Synthetic Customer 02402,customer02402@example.invalid,UK,2023-10-22,Standard,6379.69
2403,Synthetic Customer 02403,customer02403@example.invalid,India,2023-08-17,Basic,1236.36
2404,Synthetic Customer 02404,customer02404@example.invalid,Canada,2025-10-29,Basic,4022.14
2405,Synthetic Customer 02405,customer02405@example.invalid,India,2025-01-10,Basic,3631.82
2406,Synthetic Customer 02406,customer02406@example.invalid,Australia,2023-07-07,Premium,4116.88
2407,Synthetic Customer 02407,customer02407@example.invalid,Australia,2023-06-25,Premium,11028.97
2408,Synthetic Customer 02408,customer02408@example.invalid,Germany,2022-09-23,Standard,7571.55
2409,Synthetic Customer 02409,customer02409@example.invalid,Germany,2025-03-17,Basic,19935.70
2410,Synthetic Customer 02410,customer02410@example.invalid,Singapore,2022-04-26,Standard,3915.39
2411,Synthetic Customer 02411,customer02411@example.invalid,USA,2025-06-11,Standard,10015.10
2412,Synthetic Customer 02412,customer02412@example.invalid,Germany,2025-08-17,Standard,9796.23
2413,Synthetic Customer 02413,customer02413@example.invalid,Singapore,2020-06-05,Standard,132.36
2414,Synthetic Customer 02414,customer02414@example.invalid,UK,2020-11-30,Premium,19207.39
2415,Synthetic Customer 02415,customer02415@example.invalid,Singapore,2022-05-06,Standard,13060.63
2416,Synthetic Customer 02416,customer02416@example.invalid,India,2023-11-23,Standard,3423.35
2417,Synthetic Customer 02417,customer02417@example.invalid,India,2021-06-18,Premium,11874.33
2418,Synthetic Customer 02418,customer02418@example.invalid,UK,2024-12-07,Premium,10251.74
2419,Synthetic Customer 02419,customer02419@example.invalid,Singapore,2024-08-08,Premium,11631.78
2420,Synthetic Customer 02420,customer02420@example.invalid,Canada,2025-07-08,Basic,14733.45
2421,Synthetic Customer 02421,customer02421@example.invalid,Australia,2022-03-30,Standard,15718.39
2422,Synthetic Customer 02422,customer02422@example.invalid,India,2022-08-21,Basic,1193.19
2423,Synthetic Customer 02423,customer02423@example.invalid,USA,2024-05-26,Premium,3465.42
2424,Synthetic Customer 02424,customer02424@example.invalid,Germany,2023-04-14,Standard,4417.87
2425,Synthetic Customer 02425,customer02425@example.invalid,UK,2020-06-24,Basic,16704.82
2426,Synthetic Customer 02426,customer02426@example.invalid,Germany,2022-02-04,Premium,1748.95
2427,Synthetic Customer 02427,customer02427@example.invalid,India,2023-11-03,Premium,5860.71
2428,Synthetic Customer 02428,customer02428@example.invalid,UK,2025-05-30,Basic,19867.80
2429,Synthetic Customer 02429,customer02429@example.invalid,UK,2024-02-06,Basic,16763.27
2430,Synthetic Customer 02430,customer02430@example.invalid,UK,2022-11-14,Premium,2386.14
2431,Synthetic Customer 02431,customer02431@example.invalid,Canada,2022-09-22,Basic,14325.32
2432,Synthetic Customer 02432,customer02432@example.invalid,Canada,2024-04-10,Standard,838.75
2433,Synthetic Customer 02433,customer02433@example.invalid,Germany,2020-04-02,Basic,18278.86
2434,Synthetic Customer 02434,customer02434@example.invalid,Germany,2022-08-13,Premium,19154.11
2435,Synthetic Customer 02435,customer02435@example.invalid,USA,2024-08-08,Standard,19189.63
2436,Synthetic Customer 02436,customer02436@example.invalid,Australia,2024-10-23,Standard,3921.95
2437,Synthetic Customer 02437,customer02437@example.invalid,India,2020-07-13,Basic,7941.00
2438,Synthetic Customer 02438,customer02438@example.invalid,UK,2022-08-15,Basic,17913.00
2439,Synthetic Customer 02439,customer02439@example.invalid,UK,2022-12-27,Premium,9710.07
2440,Synthetic Customer 02440,customer02440@example.invalid,Canada,2022-06-13,Premium,15716.18
2441,Synthetic Customer 02441,customer02441@example.invalid,Germany,2021-05-07,Standard,1978.48
2442,Synthetic Customer 02442,customer02442@example.invalid,Canada,2022-07-09,Premium,19590.89
2443,Synthetic Customer 02443,customer02443@example.invalid,USA,2023-01-27,Premium,16975.76
2444,Synthetic Customer 02444,customer02444@example.invalid,Canada,2023-04-18,Premium,18586.20
2445,Synthetic Customer 02445,customer02445@example.invalid,Australia,2022-11-04,Premium,7717.10
2446,Synthetic Customer 02446,customer02446@example.invalid,Singapore,2024-02-05,Standard,8332.67
2447,Synthetic Customer 02447,customer02447@example.invalid,Canada,2022-04-15,Premium,19122.30
2448,Synthetic Customer 02448,customer02448@example.invalid,USA,2020-12-17,Basic,18976.14
2449,Synthetic Customer 02449,customer02449@example.invalid,Canada,2024-01-03,Basic,8707.69
2450,Synthetic Customer 02450,customer02450@example.invalid,Germany,2020-10-03,Basic,3761.77
2451,Synthetic Customer 02451,customer02451@example.invalid,Singapore,2022-05-07,Basic,10797.07
2452,Synthetic Customer 02452,customer02452@example.invalid,UK,2025-10-11,Premium,1271.27
2453,Synthetic Customer 02453,customer02453@example.invalid,UK,2020-12-19,Standard,14703.25
2454,Synthetic Customer 02454,customer02454@example.invalid,UK,2020-06-11,Premium,6041.17
2455,Synthetic Customer 02455,customer02455@example.invalid,USA,2021-04-03,Basic,4147.84
2456,Synthetic Customer 02456,customer02456@example.invalid,UK,2025-09-06,Basic,1011.85
2457,Synthetic Customer 02457,customer02457@example.invalid,USA,2023-02-22,Basic,7154.42
2458,Synthetic Customer 02458,customer02458@example.invalid,Germany,2025-12-14,Standard,4936.68
2459,Synthetic Customer 02459,customer02459@example.invalid,India,2022-10-23,Standard,7409.47
2460,Synthetic Customer 02460,customer02460@example.invalid,Australia,2023-03-13,Premium,5189.42
2461,Synthetic Customer 02461,customer02461@example.invalid,India,2021-09-02,Premium,16084.99
2462,Synthetic Customer 02462,customer02462@example.invalid,India,2020-08-27,Standard,17521.35
2463,Synthetic Customer 02463,customer02463@example.invalid,Singapore,2024-09-12,Premium,14827.90
2464,Synthetic Customer 02464,customer02464@example.invalid,Singapore,2024-04-04,Standard,15429.99
2465,Synthetic Customer 02465,customer02465@example.invalid,USA,2023-01-29,Standard,816.92
2466,Synthetic Customer 02466,customer02466@example.invalid,Singapore,2022-04-13,Premium,2293.65
2467,Synthetic Customer 02467,customer02467@example.invalid,UK,2022-05-28,Premium,18526.23
2468,Synthetic Customer 02468,customer02468@example.invalid,USA,2022-01-18,Standard,18251.89
2469,Synthetic Customer 02469,customer02469@example.invalid,Australia,2021-03-10,Standard,284.24
2470,Synthetic Customer 02470,customer02470@example.invalid,Singapore,2024-07-02,Standard,13445.56
2471,Synthetic Customer 02471,customer02471@example.invalid,India,2023-09-14,Basic,524.69
2472,Synthetic Customer 02472,customer02472@example.invalid,Canada,2025-08-14,Standard,5953.36
2473,Synthetic Customer 02473,customer02473@example.invalid,Australia,2023-11-30,Basic,10869.66
2474,Synthetic Customer 02474,customer02474@example.invalid,Canada,2024-04-16,Standard,4692.45
2475,Synthetic Customer 02475,customer02475@example.invalid,India,2024-07-16,Basic,11504.53
2476,Synthetic Customer 02476,customer02476@example.invalid,UK,2020-11-11,Premium,14739.23
2477,Synthetic Customer 02477,customer02477@example.invalid,Singapore,2020-12-06,Basic,17943.32
2478,Synthetic Customer 02478,customer02478@example.invalid,Canada,2021-12-25,Basic,16989.43
2479,Synthetic Customer 02479,customer02479@example.invalid,Singapore,2023-11-11,Basic,16152.51
2480,Synthetic Customer 02480,customer02480@example.invalid,Singapore,2023-03-02,Premium,8748.06
2481,Synthetic Customer 02481,customer02481@example.invalid,India,2025-01-14,Premium,501.57
2482,Synthetic Customer 02482,customer02482@example.invalid,Australia,2025-06-05,Standard,10262.57
2483,Synthetic Customer 02483,customer02483@example.invalid,UK,2025-03-30,Basic,6202.83
2484,Synthetic Customer 02484,customer02484@example.invalid,Singapore,2020-04-07,Premium,6736.11
2485,Synthetic Customer 02485,customer02485@example.invalid,Singapore,2022-06-26,Standard,17282.48
2486,Synthetic Customer 02486,customer02486@example.invalid,UK,2020-04-22,Basic,17096.77
2487,Synthetic Customer 02487,customer02487@example.invalid,USA,2022-12-04,Premium,7426.31
2488,Synthetic Customer 02488,customer02488@example.invalid,Germany,2025-06-30,Basic,19333.33
2489,Synthetic Customer 02489,customer02489@example.invalid,Singapore,2021-09-18,Standard,17541.07
2490,Synthetic Customer 02490,customer02490@example.invalid,Germany,2024-11-02,Basic,11553.12
2491,Synthetic Customer 02491,customer02491@example.invalid,Australia,2020-05-27,Premium,19724.97
2492,Synthetic Customer 02492,customer02492@example.invalid,Singapore,2023-11-14,Basic,17629.05
2493,Synthetic Customer 02493,customer02493@example.invalid,UK,2024-06-09,Standard,3575.85
2494,Synthetic Customer 02494,customer02494@example.invalid,USA,2020-10-31,Premium,2641.05
2495,Synthetic Customer 02495,customer02495@example.invalid,Australia,2020-10-14,Basic,5831.66
2496,Synthetic Customer 02496,customer02496@example.invalid,Singapore,2021-11-06,Basic,14509.60
2497,Synthetic Customer 02497,customer02497@example.invalid,Australia,2020-03-11,Basic,12917.65
2498,Synthetic Customer 02498,customer02498@example.invalid,Australia,2020-07-17,Standard,14774.96
2499,Synthetic Customer 02499,customer02499@example.invalid,Canada,2023-09-30,Premium,13708.94
2500,Synthetic Customer 02500,customer02500@example.invalid,Canada,2021-07-18,Basic,2133.82
2501,Synthetic Customer 02501,customer02501@example.invalid,Germany,2022-08-15,Basic,4872.43
2502,Synthetic Customer 02502,customer02502@example.invalid,UK,2025-07-23,Basic,13950.12
2503,Synthetic Customer 02503,customer02503@example.invalid,Germany,2021-08-04,Basic,1390.97
2504,Synthetic Customer 02504,customer02504@example.invalid,Australia,2021-07-10,Standard,8455.04
2505,Synthetic Customer 02505,customer02505@example.invalid,Australia,2022-10-07,Standard,14333.64
2506,Synthetic Customer 02506,customer02506@example.invalid,Canada,2021-07-25,Basic,9991.77
2507,Synthetic Customer 02507,customer02507@example.invalid,UK,2021-08-20,Basic,13214.33
2508,Synthetic Customer 02508,customer02508@example.invalid,Singapore,2025-09-07,Basic,18776.52
2509,Synthetic Customer 02509,customer02509@example.invalid,Australia,2020-04-05,Premium,305.08
2510,Synthetic Customer 02510,customer02510@example.invalid,Australia,2020-09-16,Basic,13813.51
2511,Synthetic Customer 02511,customer02511@example.invalid,Australia,2024-07-11,Premium,3306.04
2512,Synthetic Customer 02512,customer02512@example.invalid,Canada,2021-02-09,Basic,4241.49
2513,Synthetic Customer 02513,customer02513@example.invalid,Australia,2023-07-26,Standard,5281.23
2514,Synthetic Customer 02514,customer02514@example.invalid,Canada,2021-12-21,Standard,19840.71
2515,Synthetic Customer 02515,customer02515@example.invalid,Singapore,2020-08-04,Standard,2415.76
2516,Synthetic Customer 02516,customer02516@example.invalid,Germany,2021-05-25,Standard,11133.88
2517,Synthetic Customer 02517,customer02517@example.invalid,Australia,2024-11-07,Premium,1456.74
2518,Synthetic Customer 02518,customer02518@example.invalid,Singapore,2024-05-05,Premium,15777.18
2519,Synthetic Customer 02519,customer02519@example.invalid,Australia,2022-12-22,Basic,16168.85
2520,Synthetic Customer 02520,customer02520@example.invalid,Canada,2023-09-22,Standard,13831.36
2521,Synthetic Customer 02521,customer02521@example.invalid,USA,2022-11-28,Standard,11522.92
2522,Synthetic Customer 02522,customer02522@example.invalid,Germany,2020-11-22,Basic,4860.66
2523,Synthetic Customer 02523,customer02523@example.invalid,Australia,2023-09-30,Standard,11740.02
2524,Synthetic Customer 02524,customer02524@example.invalid,UK,2025-04-16,Basic,1881.76
2525,Synthetic Customer 02525,customer02525@example.invalid,Singapore,2023-01-25,Premium,18922.95
2526,Synthetic Customer 02526,customer02526@example.invalid,Singapore,2022-01-20,Premium,14283.06
2527,Synthetic Customer 02527,customer02527@example.invalid,Australia,2020-08-05,Premium,19333.28
2528,Synthetic Customer 02528,customer02528@example.invalid,USA,2021-12-23,Premium,2481.81
2529,Synthetic Customer 02529,customer02529@example.invalid,USA,2024-08-23,Basic,2165.23
2530,Synthetic Customer 02530,customer02530@example.invalid,India,2020-04-16,Premium,1886.39
2531,Synthetic Customer 02531,customer02531@example.invalid,Canada,2025-11-08,Premium,7430.93
2532,Synthetic Customer 02532,customer02532@example.invalid,USA,2023-07-04,Premium,15232.18
2533,Synthetic Customer 02533,customer02533@example.invalid,India,2023-04-30,Premium,7949.67
2534,Synthetic Customer 02534,customer02534@example.invalid,Singapore,2020-05-03,Basic,1687.32
2535,Synthetic Customer 02535,customer02535@example.invalid,Canada,2023-09-26,Premium,3398.72
2536,Synthetic Customer 02536,customer02536@example.invalid,Germany,2021-10-19,Standard,14923.32
2537,Synthetic Customer 02537,customer02537@example.invalid,UK,2021-08-17,Premium,18694.87
2538,Synthetic Customer 02538,customer02538@example.invalid,Germany,2024-07-21,Premium,17820.56
2539,Synthetic Customer 02539,customer02539@example.invalid,India,2020-03-12,Standard,1853.66
2540,Synthetic Customer 02540,customer02540@example.invalid,Germany,2023-01-26,Premium,6126.84
2541,Synthetic Customer 02541,customer02541@example.invalid,UK,2021-05-24,Premium,11431.27
2542,Synthetic Customer 02542,customer02542@example.invalid,Australia,2024-07-09,Premium,9938.81
2543,Synthetic Customer 02543,customer02543@example.invalid,UK,2025-07-20,Standard,11281.71
2544,Synthetic Customer 02544,customer02544@example.invalid,Canada,2024-07-26,Basic,1342.57
2545,Synthetic Customer 02545,customer02545@example.invalid,Germany,2022-08-22,Premium,1323.93
2546,Synthetic Customer 02546,customer02546@example.invalid,Australia,2022-05-01,Premium,3002.14
2547,Synthetic Customer 02547,customer02547@example.invalid,Canada,2024-10-23,Basic,19591.17
2548,Synthetic Customer 02548,customer02548@example.invalid,Australia,2022-01-18,Premium,12588.46
2549,Synthetic Customer 02549,customer02549@example.invalid,Australia,2024-05-01,Standard,12734.36
2550,Synthetic Customer 02550,customer02550@example.invalid,Canada,2023-08-04,Premium,4953.31
2551,Synthetic Customer 02551,customer02551@example.invalid,India,2025-12-08,Basic,7960.46
2552,Synthetic Customer 02552,customer02552@example.invalid,India,2024-09-06,Standard,4488.69
2553,Synthetic Customer 02553,customer02553@example.invalid,India,2021-03-17,Basic,12619.79
2554,Synthetic Customer 02554,customer02554@example.invalid,India,2024-06-30,Standard,4867.73
2555,Synthetic Customer 02555,customer02555@example.invalid,Canada,2020-08-12,Standard,8331.55
2556,Synthetic Customer 02556,customer02556@example.invalid,Australia,2024-10-23,Standard,11166.92
2557,Synthetic Customer 02557,customer02557@example.invalid,Singapore,2023-11-06,Premium,10589.05
2558,Synthetic Customer 02558,customer02558@example.invalid,India,2021-03-13,Basic,17265.11
2559,Synthetic Customer 02559,customer02559@example.invalid,Australia,2024-01-18,Basic,6757.71
2560,Synthetic Customer 02560,customer02560@example.invalid,Australia,2023-05-06,Basic,19618.93
2561,Synthetic Customer 02561,customer02561@example.invalid,Singapore,2021-04-11,Standard,16425.55
2562,Synthetic Customer 02562,customer02562@example.invalid,Singapore,2024-12-14,Premium,6765.22
2563,Synthetic Customer 02563,customer02563@example.invalid,Singapore,2021-11-23,Premium,4304.27
2564,Synthetic Customer 02564,customer02564@example.invalid,UK,2023-10-07,Basic,11235.94
2565,Synthetic Customer 02565,customer02565@example.invalid,Singapore,2024-05-10,Standard,5687.83
2566,Synthetic Customer 02566,customer02566@example.invalid,Germany,2023-07-26,Basic,3785.76
2567,Synthetic Customer 02567,customer02567@example.invalid,USA,2024-04-23,Premium,4347.93
2568,Synthetic Customer 02568,customer02568@example.invalid,Australia,2021-01-06,Premium,-100.00
2569,Synthetic Customer 02569,customer02569@example.invalid,India,2024-11-28,Basic,14690.67
2570,Synthetic Customer 02570,customer02570@example.invalid,UK,2021-08-15,Standard,8373.77
2571,Synthetic Customer 02571,customer02571@example.invalid,Germany,2022-01-07,Premium,1106.52
2572,Synthetic Customer 02572,customer02572@example.invalid,Germany,2023-01-09,Standard,16153.31
2573,Synthetic Customer 02573,customer02573@example.invalid,Germany,2022-07-15,Basic,16543.05
2574,Synthetic Customer 02574,customer02574@example.invalid,Canada,2021-01-01,Basic,8083.85
2575,Synthetic Customer 02575,customer02575@example.invalid,UK,2022-02-22,Premium,17123.28
2576,Synthetic Customer 02576,customer02576@example.invalid,USA,2025-05-29,Basic,18274.07
2577,Synthetic Customer 02577,customer02577@example.invalid,USA,2022-06-19,Standard,11256.64
2578,Synthetic Customer 02578,customer02578@example.invalid,Canada,2021-05-11,Standard,4979.37
2579,Synthetic Customer 02579,customer02579@example.invalid,India,2021-10-20,Premium,3920.46
2580,Synthetic Customer 02580,customer02580@example.invalid,Singapore,2025-08-16,Basic,4846.56
2581,Synthetic Customer 02581,customer02581@example.invalid,Australia,2024-07-06,Standard,4216.22
2582,Synthetic Customer 02582,customer02582@example.invalid,Australia,2020-11-06,Basic,17706.51
2583,Synthetic Customer 02583,customer02583@example.invalid,Canada,2020-10-29,Basic,18330.00
2584,Synthetic Customer 02584,customer02584@example.invalid,Singapore,2022-06-18,Premium,19144.54
2585,Synthetic Customer 02585,customer02585@example.invalid,Germany,2024-06-04,Standard,15526.88
2586,Synthetic Customer 02586,customer02586@example.invalid,USA,2024-07-27,Basic,18370.70
2587,Synthetic Customer 02587,customer02587@example.invalid,India,2020-12-05,Standard,13480.41
2588,Synthetic Customer 02588,customer02588@example.invalid,UK,2020-05-18,Standard,19510.09
2589,Synthetic Customer 02589,customer02589@example.invalid,Germany,2022-01-21,Premium,3343.01
2590,Synthetic Customer 02590,customer02590@example.invalid,Australia,2024-04-09,Standard,6384.91
2591,Synthetic Customer 02591,customer02591@example.invalid,USA,2023-05-29,Basic,2638.29
2592,Synthetic Customer 02592,customer02592@example.invalid,USA,2022-12-20,Standard,8798.67
2593,Synthetic Customer 02593,customer02593@example.invalid,Germany,2023-02-06,Basic,3670.67
2594,Synthetic Customer 02594,customer02594@example.invalid,Australia,2025-01-26,Standard,3991.67
2595,Synthetic Customer 02595,customer02595@example.invalid,USA,2023-04-08,Standard,4640.92
2596,Synthetic Customer 02596,customer02596@example.invalid,Canada,2021-05-14,Standard,9739.05
2597,Synthetic Customer 02597,customer02597@example.invalid,Australia,2020-03-04,Basic,2392.24
2598,Synthetic Customer 02598,customer02598@example.invalid,UK,2024-09-28,Basic,10475.56
2599,Synthetic Customer 02599,customer02599@example.invalid,Germany,2023-04-17,Standard,11042.03
2600,Synthetic Customer 02600,customer02600@example.invalid,Germany,2021-09-17,Premium,7495.73
2601,Synthetic Customer 02601,customer02601@example.invalid,UK,2024-04-26,Basic,7395.56
2602,Synthetic Customer 02602,customer02602@example.invalid,Germany,2024-01-01,Standard,9331.81
2603,Synthetic Customer 02603,customer02603@example.invalid,UK,2023-04-04,Premium,5621.47
2604,Synthetic Customer 02604,customer02604@example.invalid,India,2021-02-27,Standard,9671.17
2605,Synthetic Customer 02605,customer02605@example.invalid,Canada,2020-06-01,Premium,12638.84
2606,Synthetic Customer 02606,customer02606@example.invalid,Canada,2025-01-21,Premium,5434.91
2607,Synthetic Customer 02607,customer02607@example.invalid,Germany,2022-04-17,Standard,16214.38
2608,Synthetic Customer 02608,customer02608@example.invalid,USA,2023-07-17,Standard,3774.30
2609,Synthetic Customer 02609,customer02609@example.invalid,Singapore,2023-12-24,Standard,2376.23
2610,Synthetic Customer 02610,customer02610@example.invalid,Singapore,2025-06-29,Basic,9528.33
2611,Synthetic Customer 02611,customer02611@example.invalid,Germany,2023-04-22,Standard,18342.33
2612,Synthetic Customer 02612,customer02612@example.invalid,Singapore,2024-10-26,Standard,3329.12
2613,Synthetic Customer 02613,customer02613@example.invalid,India,2022-08-16,Standard,18800.45
2614,Synthetic Customer 02614,customer02614@example.invalid,Canada,2020-07-23,Basic,13513.80
2615,Synthetic Customer 02615,customer02615@example.invalid,Australia,2025-12-23,Standard,19593.59
2616,Synthetic Customer 02616,customer02616@example.invalid,Australia,2024-02-08,Standard,15103.75
2617,Synthetic Customer 02617,customer02617@example.invalid,Canada,2024-08-18,Standard,7318.74
2618,Synthetic Customer 02618,customer02618@example.invalid,Canada,2020-10-14,Premium,8173.86
2619,Synthetic Customer 02619,customer02619@example.invalid,Australia,2021-10-26,Premium,10476.58
2620,Synthetic Customer 02620,customer02620@example.invalid,USA,2020-10-22,Standard,17705.03
2621,Synthetic Customer 02621,customer02621@example.invalid,Singapore,2024-10-16,Basic,18505.54
2622,Synthetic Customer 02622,customer02622@example.invalid,India,2024-06-02,Basic,1823.46
2623,Synthetic Customer 02623,customer02623@example.invalid,USA,2022-06-09,Basic,3767.20
2624,Synthetic Customer 02624,customer02624@example.invalid,India,2020-05-27,Standard,7528.34
2625,Synthetic Customer 02625,customer02625@example.invalid,Canada,2024-10-19,Premium,2369.03
2626,Synthetic Customer 02626,customer02626@example.invalid,Singapore,2025-03-26,Standard,12283.70
2627,Synthetic Customer 02627,customer02627@example.invalid,Germany,2025-02-26,Basic,2679.18
2628,Synthetic Customer 02628,customer02628@example.invalid,India,2020-03-09,Premium,12112.03
2629,Synthetic Customer 02629,customer02629@example.invalid,Germany,2023-09-11,Standard,5548.39
2630,Synthetic Customer 02630,customer02630@example.invalid,Canada,2025-03-02,Premium,8062.78
2631,Synthetic Customer 02631,customer02631@example.invalid,Germany,2023-03-31,Standard,858.96
2632,Synthetic Customer 02632,customer02632@example.invalid,Canada,2023-12-31,Standard,12986.34
2633,Synthetic Customer 02633,customer02633@example.invalid,Singapore,2023-09-06,Premium,4472.94
2634,Synthetic Customer 02634,customer02634@example.invalid,USA,2023-03-19,Premium,16952.48
2635,Synthetic Customer 02635,customer02635@example.invalid,India,2020-02-15,Basic,986.02
2636,Synthetic Customer 02636,customer02636@example.invalid,Australia,2023-08-18,Standard,9039.04
2637,Synthetic Customer 02637,customer02637@example.invalid,Singapore,2023-05-26,Premium,485.11
2638,Synthetic Customer 02638,customer02638@example.invalid,India,2024-05-28,Standard,9895.80
2639,Synthetic Customer 02639,customer02639@example.invalid,India,2025-07-27,Basic,5135.45
2640,Synthetic Customer 02640,customer02640@example.invalid,Singapore,2022-10-09,Standard,15570.33
2641,Synthetic Customer 02641,customer02641@example.invalid,Canada,2020-05-06,Standard,1736.83
2642,Synthetic Customer 02642,customer02642@example.invalid,India,2022-10-08,Premium,6835.42
2643,Synthetic Customer 02643,customer02643@example.invalid,Canada,2025-04-06,Premium,5350.72
2644,Synthetic Customer 02644,customer02644@example.invalid,Singapore,2021-03-15,Premium,16571.45
2645,Synthetic Customer 02645,customer02645@example.invalid,USA,2020-01-07,Premium,18331.98
2646,Synthetic Customer 02646,customer02646@example.invalid,Singapore,2024-10-01,Premium,12048.87
2647,Synthetic Customer 02647,customer02647@example.invalid,Singapore,2021-09-28,Basic,8634.07
2648,Synthetic Customer 02648,customer02648@example.invalid,Australia,2023-02-16,Premium,5466.00
2649,Synthetic Customer 02649,customer02649@example.invalid,Australia,2022-05-17,Premium,1845.66
2650,Synthetic Customer 02650,customer02650@example.invalid,India,2022-05-11,Premium,7779.91
2651,Synthetic Customer 02651,customer02651@example.invalid,Germany,2024-07-31,Premium,13768.64
2652,Synthetic Customer 02652,customer02652@example.invalid,Canada,2020-07-25,Standard,14367.01
2653,Synthetic Customer 02653,customer02653@example.invalid,India,2023-01-16,Basic,12251.35
2654,Synthetic Customer 02654,customer02654@example.invalid,Australia,2023-10-05,Standard,9441.38
2655,Synthetic Customer 02655,customer02655@example.invalid,USA,2023-09-16,Standard,237.24
2656,Synthetic Customer 02656,customer02656@example.invalid,Singapore,2020-05-22,Premium,127.05
2657,Synthetic Customer 02657,customer02657@example.invalid,Canada,2021-03-04,Standard,14707.59
2658,Synthetic Customer 02658,customer02658@example.invalid,Singapore,2023-11-29,Standard,5825.10
2659,Synthetic Customer 02659,customer02659@example.invalid,India,2020-05-26,Basic,1925.58
2660,Synthetic Customer 02660,customer02660@example.invalid,India,2024-07-14,Premium,10815.64
2661,Synthetic Customer 02661,customer02661@example.invalid,Germany,2021-06-30,Premium,7854.36
2662,Synthetic Customer 02662,customer02662@example.invalid,Singapore,2020-08-04,Basic,4996.23
2663,Synthetic Customer 02663,customer02663@example.invalid,India,2022-10-11,Standard,11129.21
2664,Synthetic Customer 02664,customer02664@example.invalid,USA,2024-07-15,Premium,11817.40
2665,Synthetic Customer 02665,customer02665@example.invalid,Germany,2023-08-09,Basic,645.39
2666,Synthetic Customer 02666,customer02666@example.invalid,Canada,2024-11-24,Basic,11600.75
2667,Synthetic Customer 02667,customer02667@example.invalid,UK,2023-02-16,Standard,19410.52
2668,Synthetic Customer 02668,customer02668@example.invalid,Australia,2023-02-22,Standard,19865.47
2669,Synthetic Customer 02669,customer02669@example.invalid,India,2024-10-15,Premium,17101.38
2670,Synthetic Customer 02670,customer02670@example.invalid,UK,2020-05-12,Basic,4337.33
2671,Synthetic Customer 02671,customer02671@example.invalid,UK,2020-03-06,Standard,16947.97
2672,Synthetic Customer 02672,customer02672@example.invalid,UK,2022-02-03,Premium,14228.72
2673,Synthetic Customer 02673,customer02673@example.invalid,Germany,2024-07-18,Premium,5439.40
2674,Synthetic Customer 02674,customer02674@example.invalid,India,2023-01-30,Basic,9484.27
2675,Synthetic Customer 02675,customer02675@example.invalid,India,2020-03-08,Premium,3783.06
2676,Synthetic Customer 02676,customer02676@example.invalid,India,2022-07-31,Premium,13163.68
2677,Synthetic Customer 02677,customer02677@example.invalid,UK,2020-04-12,Standard,16895.19
2678,Synthetic Customer 02678,customer02678@example.invalid,Singapore,2020-08-12,Basic,3265.20
2679,Synthetic Customer 02679,customer02679@example.invalid,Singapore,2020-09-24,Premium,15837.92
2680,Synthetic Customer 02680,customer02680@example.invalid,Canada,2021-01-30,Premium,10938.98
2681,Synthetic Customer 02681,customer02681@example.invalid,Canada,2025-11-26,Basic,11675.46
2682,Synthetic Customer 02682,customer02682@example.invalid,Germany,2020-01-09,Premium,18151.76
2683,Synthetic Customer 02683,customer02683@example.invalid,UK,2021-02-03,Basic,16476.13
2684,Synthetic Customer 02684,customer02684@example.invalid,Singapore,2025-10-10,Basic,6691.79
2685,Synthetic Customer 02685,customer02685@example.invalid,USA,2023-01-07,Standard,16087.29
2686,Synthetic Customer 02686,customer02686@example.invalid,USA,2021-01-23,Premium,6874.11
2687,Synthetic Customer 02687,customer02687@example.invalid,Australia,2025-07-27,Basic,7773.50
2688,Synthetic Customer 02688,customer02688@example.invalid,USA,2021-12-15,Standard,10775.68
2689,Synthetic Customer 02689,customer02689@example.invalid,Australia,2023-04-17,Premium,2339.41
2690,Synthetic Customer 02690,customer02690@example.invalid,India,2022-01-29,Premium,895.17
2691,Synthetic Customer 02691,customer02691@example.invalid,UK,2022-07-10,Standard,8844.41
2692,Synthetic Customer 02692,customer02692@example.invalid,USA,2025-04-26,Premium,10521.87
2693,Synthetic Customer 02693,customer02693@example.invalid,Singapore,2020-10-29,Basic,7290.15
2694,Synthetic Customer 02694,,India,2025-10-02,Basic,868.79
2695,Synthetic Customer 02695,customer02695@example.invalid,UK,2022-05-06,Basic,19445.14
2696,Synthetic Customer 02696,customer02696@example.invalid,Canada,2022-12-07,Premium,6467.28
2697,Synthetic Customer 02697,customer02697@example.invalid,Australia,2025-03-08,Premium,7671.73
2698,Synthetic Customer 02698,customer02698@example.invalid,UK,2022-08-17,Standard,16995.55
2699,Synthetic Customer 02699,customer02699@example.invalid,USA,2022-03-07,Premium,3822.68
2700,Synthetic Customer 02700,customer02700@example.invalid,Singapore,2024-10-17,Premium,13615.65
2701,Synthetic Customer 02701,customer02701@example.invalid,USA,2023-09-21,Basic,13048.46
2702,Synthetic Customer 02702,customer02702@example.invalid,Singapore,2024-09-25,Premium,13457.27
2703,Synthetic Customer 02703,customer02703@example.invalid,Australia,2020-03-12,Basic,1666.05
2704,Synthetic Customer 02704,customer02704@example.invalid,India,2023-03-28,Basic,16449.23
2705,Synthetic Customer 02705,customer02705@example.invalid,Canada,2024-08-18,Basic,18170.78
2706,Synthetic Customer 02706,customer02706@example.invalid,India,2020-03-12,Standard,15162.98
2707,Synthetic Customer 02707,customer02707@example.invalid,Singapore,2020-07-28,Basic,17847.50
2708,Synthetic Customer 02708,customer02708@example.invalid,Australia,2020-10-25,Premium,4331.04
2709,Synthetic Customer 02709,customer02709@example.invalid,Germany,2020-11-28,Premium,13706.48
2710,Synthetic Customer 02710,customer02710@example.invalid,USA,2020-09-09,Premium,10325.73
2711,Synthetic Customer 02711,customer02711@example.invalid,Canada,2023-11-20,Basic,15228.81
2712,Synthetic Customer 02712,customer02712@example.invalid,Germany,2022-09-20,Premium,12126.87
2713,Synthetic Customer 02713,customer02713@example.invalid,Singapore,2025-12-29,Premium,10078.05
2714,Synthetic Customer 02714,customer02714@example.invalid,Canada,2024-04-15,Basic,238.25
2715,Synthetic Customer 02715,customer02715@example.invalid,India,2023-08-07,Standard,1036.52
2716,Synthetic Customer 02716,customer02716@example.invalid,Australia,2020-11-06,Standard,9938.18
2717,Synthetic Customer 02717,customer02717@example.invalid,India,2023-02-04,Standard,14651.96
2718,Synthetic Customer 02718,customer02718@example.invalid,Australia,2021-12-22,Basic,2808.57
2719,Synthetic Customer 02719,customer02719@example.invalid,Canada,2021-10-07,Standard,13438.83
2720,Synthetic Customer 02720,customer02720@example.invalid,Canada,2023-12-11,Premium,19992.43
2721,Synthetic Customer 02721,customer02721@example.invalid,Singapore,2025-06-12,Standard,10721.01
2722,Synthetic Customer 02722,customer02722@example.invalid,UK,2021-10-10,Standard,2937.00
2723,Synthetic Customer 02723,customer02723@example.invalid,UK,2021-12-27,Premium,14011.46
2724,Synthetic Customer 02724,customer02724@example.invalid,USA,2024-03-02,Standard,9902.23
2725,Synthetic Customer 02725,customer02725@example.invalid,India,2020-03-19,Standard,7629.78
2726,Synthetic Customer 02726,customer02726@example.invalid,Australia,2022-09-09,Basic,12137.98
2727,Synthetic Customer 02727,customer02727@example.invalid,Canada,2021-12-16,Premium,9496.02
2728,Synthetic Customer 02728,customer02728@example.invalid,Canada,2020-09-12,Basic,13627.51
2729,Synthetic Customer 02729,customer02729@example.invalid,Australia,2022-05-25,Standard,5708.37
2730,Synthetic Customer 02730,customer02730@example.invalid,Canada,2025-01-06,Basic,14534.69
2731,Synthetic Customer 02731,customer02731@example.invalid,UK,2021-12-29,Premium,1190.37
2732,Synthetic Customer 02732,customer02732@example.invalid,Canada,2020-05-01,Standard,6352.69
2733,Synthetic Customer 02733,customer02733@example.invalid,Canada,2021-12-17,Standard,289.01
2734,Synthetic Customer 02734,customer02734@example.invalid,UK,2024-07-24,Basic,6817.74
2735,Synthetic Customer 02735,customer02735@example.invalid,India,2025-04-25,Premium,14245.01
2736,Synthetic Customer 02736,customer02736@example.invalid,USA,2021-04-15,Premium,16152.93
2737,Synthetic Customer 02737,customer02737@example.invalid,UK,2021-05-22,Premium,4326.38
2738,Synthetic Customer 02738,customer02738@example.invalid,UK,2025-09-15,Basic,4551.61
2739,Synthetic Customer 02739,customer02739@example.invalid,Germany,2023-10-05,Premium,16161.11
2740,Synthetic Customer 02740,customer02740@example.invalid,Germany,2023-02-03,Standard,4323.51
2741,Synthetic Customer 02741,customer02741@example.invalid,Germany,2025-08-15,Basic,458.82
2742,Synthetic Customer 02742,customer02742@example.invalid,UK,2020-04-27,Basic,5595.25
2743,Synthetic Customer 02743,customer02743@example.invalid,UK,2022-05-24,Basic,5168.22
2744,Synthetic Customer 02744,customer02744@example.invalid,India,2023-03-19,Standard,5144.92
2745,Synthetic Customer 02745,customer02745@example.invalid,USA,2024-02-25,Standard,19980.84
2746,Synthetic Customer 02746,customer02746@example.invalid,Canada,2023-01-29,Basic,13292.56
2747,Synthetic Customer 02747,customer02747@example.invalid,UK,2020-12-24,Premium,6729.15
2748,Synthetic Customer 02748,customer02748@example.invalid,Canada,2020-03-15,Basic,2384.20
2749,Synthetic Customer 02749,customer02749@example.invalid,UK,2020-12-23,Basic,16339.35
2750,Synthetic Customer 02750,customer02750@example.invalid,India,2021-10-17,Basic,12714.96
2751,Synthetic Customer 02751,customer02751@example.invalid,UK,2025-08-14,Basic,5031.74
2752,Synthetic Customer 02752,customer02752@example.invalid,India,2024-11-02,Premium,12639.34
2753,Synthetic Customer 02753,customer02753@example.invalid,UK,2022-11-06,Standard,14893.40
2754,Synthetic Customer 02754,customer02754@example.invalid,Canada,2025-06-19,Standard,7708.10
2755,Synthetic Customer 02755,customer02755@example.invalid,Australia,2021-01-07,Standard,19316.10
2756,Synthetic Customer 02756,customer02756@example.invalid,India,2020-10-19,Basic,13758.37
2757,Synthetic Customer 02757,customer02757@example.invalid,UK,2021-06-07,Basic,2627.16
2758,Synthetic Customer 02758,customer02758@example.invalid,USA,2023-03-29,Basic,7870.68
2759,Synthetic Customer 02759,customer02759@example.invalid,Australia,2020-01-18,Standard,1029.51
2760,Synthetic Customer 02760,customer02760@example.invalid,India,2025-02-21,Standard,2255.76
2761,Synthetic Customer 02761,customer02761@example.invalid,USA,2022-07-18,Basic,12571.18
2762,Synthetic Customer 02762,customer02762@example.invalid,Germany,2023-10-27,Basic,15811.02
2763,Synthetic Customer 02763,customer02763@example.invalid,UK,2021-06-01,Standard,18989.14
2764,Synthetic Customer 02764,customer02764@example.invalid,UK,2024-11-11,Premium,5315.78
2765,Synthetic Customer 02765,customer02765@example.invalid,Singapore,2021-02-11,Premium,6719.86
2766,Synthetic Customer 02766,customer02766@example.invalid,Canada,2025-07-28,Standard,1863.87
2767,Synthetic Customer 02767,customer02767@example.invalid,India,2023-09-15,Basic,9451.71
2768,Synthetic Customer 02768,customer02768@example.invalid,UK,2023-06-29,Standard,5036.47
2769,Synthetic Customer 02769,customer02769@example.invalid,Australia,2025-06-29,Premium,5330.96
2770,Synthetic Customer 02770,customer02770@example.invalid,India,2021-04-07,Premium,13702.16
2771,Synthetic Customer 02771,customer02771@example.invalid,Germany,2021-09-06,Standard,18793.72
2772,Synthetic Customer 02772,customer02772@example.invalid,UK,2020-10-24,Standard,8750.94
2773,Synthetic Customer 02773,customer02773@example.invalid,Australia,2020-07-13,Premium,12561.62
2774,Synthetic Customer 02774,customer02774@example.invalid,UK,2024-01-23,Standard,815.04
2775,Synthetic Customer 02775,customer02775@example.invalid,Australia,2023-04-09,Premium,15880.65
2776,Synthetic Customer 02776,customer02776@example.invalid,India,2024-11-27,Standard,6763.65
2777,Synthetic Customer 02777,customer02777@example.invalid,Canada,2024-09-14,Basic,8805.37
2778,Synthetic Customer 02778,customer02778@example.invalid,Germany,2024-10-12,Standard,11003.79
2779,Synthetic Customer 02779,customer02779@example.invalid,Australia,2024-01-08,Premium,14533.93
2780,Synthetic Customer 02780,customer02780@example.invalid,Australia,2022-10-31,Standard,16192.06
2781,Synthetic Customer 02781,customer02781@example.invalid,Australia,2021-02-04,Basic,10628.75
2782,Synthetic Customer 02782,customer02782@example.invalid,UK,2020-03-17,Standard,19060.72
2783,Synthetic Customer 02783,customer02783@example.invalid,UK,2024-11-26,Basic,3384.65
2784,Synthetic Customer 02784,customer02784@example.invalid,Singapore,2024-06-12,Premium,4417.84
2785,Synthetic Customer 02785,customer02785@example.invalid,USA,2025-04-28,Standard,6364.91
2786,Synthetic Customer 02786,customer02786@example.invalid,Australia,2022-03-05,Basic,4647.94
2787,Synthetic Customer 02787,customer02787@example.invalid,Canada,2021-09-07,Premium,11299.10
2788,Synthetic Customer 02788,customer02788@example.invalid,Australia,2025-03-02,Standard,8189.29
2789,Synthetic Customer 02789,customer02789@example.invalid,Germany,2025-09-14,Standard,1984.03
2790,Synthetic Customer 02790,customer02790@example.invalid,USA,2021-07-14,Basic,9774.84
2791,Synthetic Customer 02791,customer02791@example.invalid,Germany,2023-06-05,Standard,9054.78
2792,Synthetic Customer 02792,customer02792@example.invalid,Canada,2020-11-21,Premium,18672.23
2793,Synthetic Customer 02793,customer02793@example.invalid,UK,2020-06-30,Premium,1367.58
2794,Synthetic Customer 02794,customer02794@example.invalid,Australia,2021-09-25,Premium,7087.90
2795,Synthetic Customer 02795,customer02795@example.invalid,India,2021-09-18,Standard,6341.96
2796,Synthetic Customer 02796,customer02796@example.invalid,UK,2024-06-25,Premium,14087.84
2797,Synthetic Customer 02797,customer02797@example.invalid,UK,2022-11-07,Premium,11740.54
2798,Synthetic Customer 02798,customer02798@example.invalid,Australia,2023-12-10,Premium,12752.41
2799,Synthetic Customer 02799,customer02799@example.invalid,Singapore,2021-07-26,Standard,18777.23
2800,Synthetic Customer 02800,customer02800@example.invalid,Singapore,2021-02-16,Basic,14497.74
2801,Synthetic Customer 02801,customer02801@example.invalid,UK,2023-05-02,Standard,3728.18
2802,Synthetic Customer 02802,customer02802@example.invalid,India,2023-01-23,Premium,11323.78
2803,Synthetic Customer 02803,customer02803@example.invalid,UK,2021-09-16,Basic,19322.01
2804,Synthetic Customer 02804,customer02804@example.invalid,Singapore,2020-12-08,Basic,2230.87
2805,Synthetic Customer 02805,customer02805@example.invalid,Canada,2024-10-23,Basic,9201.04
2806,Synthetic Customer 02806,customer02806@example.invalid,India,2022-12-26,Basic,18667.46
2807,Synthetic Customer 02807,customer02807@example.invalid,Germany,2021-02-01,Basic,12840.82
2808,Synthetic Customer 02808,customer02808@example.invalid,UK,2022-10-16,Basic,19266.24
2809,Synthetic Customer 02809,customer02809@example.invalid,Canada,2025-07-01,Standard,973.79
2810,Synthetic Customer 02810,customer02810@example.invalid,Germany,2022-06-01,Basic,5170.29
2811,Synthetic Customer 02811,customer02811@example.invalid,Canada,2021-09-05,Premium,12543.73
2812,Synthetic Customer 02812,customer02812@example.invalid,Canada,2024-09-26,Standard,16370.66
2813,Synthetic Customer 02813,customer02813@example.invalid,India,2025-02-08,Basic,2952.01
2814,Synthetic Customer 02814,customer02814@example.invalid,UK,2023-04-06,Premium,1221.23
2815,Synthetic Customer 02815,customer02815@example.invalid,Germany,2022-02-10,Standard,3205.17
2816,Synthetic Customer 02816,customer02816@example.invalid,India,2020-03-25,Basic,9625.71
2817,Synthetic Customer 02817,customer02817@example.invalid,Australia,2024-10-31,Basic,8391.81
2818,Synthetic Customer 02818,customer02818@example.invalid,Australia,2025-06-26,Premium,9413.41
2819,Synthetic Customer 02819,customer02819@example.invalid,Germany,2022-07-19,Basic,11381.21
2820,Synthetic Customer 02820,customer02820@example.invalid,Germany,2024-10-30,Basic,13074.60
2821,Synthetic Customer 02821,customer02821@example.invalid,Canada,2025-07-05,Basic,15911.44
2822,Synthetic Customer 02822,customer02822@example.invalid,Canada,2023-02-26,Basic,17791.87
2823,Synthetic Customer 02823,customer02823@example.invalid,India,2022-12-15,Premium,8674.42
2824,Synthetic Customer 02824,customer02824@example.invalid,Canada,2025-12-02,Standard,2772.88
2825,Synthetic Customer 02825,customer02825@example.invalid,Canada,2023-01-01,Basic,10688.59
2826,Synthetic Customer 02826,customer02826@example.invalid,India,2021-05-26,Standard,5879.44
2827,Synthetic Customer 02827,customer02827@example.invalid,USA,2024-03-26,Basic,3511.80
2828,Synthetic Customer 02828,customer02828@example.invalid,UK,2023-04-12,Basic,14106.59
2829,Synthetic Customer 02829,customer02829@example.invalid,Germany,2021-03-05,Basic,15664.61
2830,Synthetic Customer 02830,customer02830@example.invalid,Germany,2020-09-07,Standard,11308.43
2831,Synthetic Customer 02831,customer02831@example.invalid,UK,2021-05-23,Premium,9244.38
2832,Synthetic Customer 02832,customer02832@example.invalid,Singapore,2020-03-22,Standard,662.55
2833,Synthetic Customer 02833,customer02833@example.invalid,Germany,2020-09-19,Premium,4710.59
2834,Synthetic Customer 02834,customer02834@example.invalid,Germany,2021-06-24,Standard,6365.55
2835,Synthetic Customer 02835,customer02835@example.invalid,Singapore,2021-12-31,Standard,4074.57
2836,Synthetic Customer 02836,customer02836@example.invalid,Singapore,2023-03-15,Standard,10907.61
2837,Synthetic Customer 02837,customer02837@example.invalid,India,2025-11-17,Basic,1178.15
2838,Synthetic Customer 02838,customer02838@example.invalid,Singapore,2021-06-21,Premium,6266.84
2839,Synthetic Customer 02839,customer02839@example.invalid,USA,2023-07-08,Premium,2613.98
2840,Synthetic Customer 02840,customer02840@example.invalid,UK,2021-02-06,Premium,14623.48
2841,Synthetic Customer 02841,customer02841@example.invalid,Singapore,2021-11-09,Premium,7194.56
2842,Synthetic Customer 02842,customer02842@example.invalid,Germany,2021-02-11,Basic,2091.38
2843,Synthetic Customer 02843,customer02843@example.invalid,India,2024-11-07,Premium,14007.63
2844,Synthetic Customer 02844,customer02844@example.invalid,India,2025-08-10,Premium,13330.18
2845,Synthetic Customer 02845,customer02845@example.invalid,Australia,2024-01-20,Standard,1507.07
2846,Synthetic Customer 02846,customer02846@example.invalid,India,2023-06-16,Premium,12233.90
2847,Synthetic Customer 02847,customer02847@example.invalid,USA,2023-08-15,Basic,7492.07
2848,Synthetic Customer 02848,customer02848@example.invalid,UK,2020-08-24,Basic,13151.05
2849,Synthetic Customer 02849,customer02849@example.invalid,India,2021-02-24,Premium,15632.13
2850,Synthetic Customer 02850,customer02850@example.invalid,Australia,2022-03-28,Premium,1954.01
2851,Synthetic Customer 02851,customer02851@example.invalid,Singapore,2023-08-01,Premium,18203.22
2852,Synthetic Customer 02852,customer02852@example.invalid,India,2020-12-12,Standard,17779.99
2853,Synthetic Customer 02853,customer02853@example.invalid,Germany,2024-02-14,Basic,15395.57
2854,Synthetic Customer 02854,customer02854@example.invalid,Singapore,2025-10-13,Premium,17505.21
2855,Synthetic Customer 02855,customer02855@example.invalid,Singapore,2025-11-10,Basic,10877.72
2856,Synthetic Customer 02856,customer02856@example.invalid,USA,2021-04-19,Basic,6568.62
2857,Synthetic Customer 02857,customer02857@example.invalid,UK,2021-02-18,Premium,19118.46
2858,Synthetic Customer 02858,customer02858@example.invalid,Canada,2020-05-31,Premium,16961.29
2859,Synthetic Customer 02859,customer02859@example.invalid,USA,2022-05-10,Premium,5401.54
2860,Synthetic Customer 02860,customer02860@example.invalid,India,2020-03-06,Standard,1382.87
2861,Synthetic Customer 02861,customer02861@example.invalid,Singapore,2025-06-09,Standard,invalid-decimal
2862,Synthetic Customer 02862,customer02862@example.invalid,Germany,2022-01-20,Standard,12074.25
2863,Synthetic Customer 02863,customer02863@example.invalid,UK,2025-12-09,Premium,14465.73
2864,Synthetic Customer 02864,customer02864@example.invalid,Germany,2025-10-29,Premium,2882.18
2865,Synthetic Customer 02865,customer02865@example.invalid,India,2025-06-04,Standard,7485.09
2866,Synthetic Customer 02866,customer02866@example.invalid,Canada,2021-05-28,Standard,12360.50
2867,Synthetic Customer 02867,customer02867@example.invalid,UK,2021-12-19,Basic,2735.72
2868,Synthetic Customer 02868,customer02868@example.invalid,Germany,2020-01-24,Standard,1951.36
2869,Synthetic Customer 02869,customer02869@example.invalid,India,2025-09-03,Standard,18594.21
2870,Synthetic Customer 02870,customer02870@example.invalid,Singapore,2020-04-20,Standard,10609.24
2871,Synthetic Customer 02871,customer02871@example.invalid,Germany,2025-10-17,Basic,9932.59
2872,Synthetic Customer 02872,customer02872@example.invalid,USA,2021-06-22,Basic,19703.52
2873,Synthetic Customer 02873,customer02873@example.invalid,Germany,2024-09-20,Standard,8160.29
2874,Synthetic Customer 02874,customer02874@example.invalid,India,2023-11-22,Basic,2949.31
2875,Synthetic Customer 02875,customer02875@example.invalid,UK,2021-10-18,Basic,17206.95
2876,Synthetic Customer 02876,customer02876@example.invalid,Germany,2023-01-07,Basic,7793.40
2877,Synthetic Customer 02877,customer02877@example.invalid,UK,2023-02-12,Premium,2236.96
2878,Synthetic Customer 02878,customer02878@example.invalid,India,2020-12-17,Basic,12395.86
2879,Synthetic Customer 02879,customer02879@example.invalid,UK,2020-05-16,Standard,7046.19
2880,Synthetic Customer 02880,customer02880@example.invalid,USA,2024-07-09,Standard,3329.22
2881,Synthetic Customer 02881,customer02881@example.invalid,UK,2023-09-22,Basic,12176.79
2882,Synthetic Customer 02882,customer02882@example.invalid,UK,2021-09-28,Basic,11200.64
2883,Synthetic Customer 02883,customer02883@example.invalid,Australia,2022-02-20,Standard,19175.65
2884,Synthetic Customer 02884,customer02884@example.invalid,India,2025-11-03,Standard,17695.56
2885,Synthetic Customer 02885,customer02885@example.invalid,USA,2023-09-03,Standard,14685.58
2886,Synthetic Customer 02886,customer02886@example.invalid,Singapore,2022-03-20,Basic,17889.80
2887,Synthetic Customer 02887,customer02887@example.invalid,Australia,2025-12-23,Standard,8997.76
2888,Synthetic Customer 02888,customer02888@example.invalid,Canada,2022-10-24,Premium,13189.90
2889,Synthetic Customer 02889,customer02889@example.invalid,India,2020-05-28,Standard,6677.79
2890,Synthetic Customer 02890,customer02890@example.invalid,Singapore,2024-08-15,Premium,14418.97
2891,Synthetic Customer 02891,customer02891@example.invalid,UK,2024-04-13,Premium,12488.71
2892,Synthetic Customer 02892,customer02892@example.invalid,UK,2024-06-14,Standard,9584.59
2893,Synthetic Customer 02893,customer02893@example.invalid,Singapore,2021-07-01,Premium,8705.31
2894,Synthetic Customer 02894,customer02894@example.invalid,Germany,2021-03-17,Basic,11422.63
2895,Synthetic Customer 02895,customer02895@example.invalid,Australia,2021-06-27,Basic,11355.89
2896,Synthetic Customer 02896,customer02896@example.invalid,Australia,2022-12-24,Premium,13289.34
2897,Synthetic Customer 02897,customer02897@example.invalid,USA,2021-03-27,Basic,13409.69
2898,Synthetic Customer 02898,customer02898@example.invalid,Singapore,2021-07-16,Basic,19007.96
2899,Synthetic Customer 02899,customer02899@example.invalid,Singapore,2021-10-31,Premium,14178.21
2900,Synthetic Customer 02900,customer02900@example.invalid,India,2021-11-04,Basic,308.12
2901,Synthetic Customer 02901,customer02901@example.invalid,Australia,2025-10-21,Basic,157.41
2902,Synthetic Customer 02902,customer02902@example.invalid,Canada,2023-12-19,Premium,4830.80
2903,Synthetic Customer 02903,,USA,2021-05-09,Basic,1108.85
2904,Synthetic Customer 02904,customer02904@example.invalid,Singapore,2023-03-07,Premium,2684.44
2905,Synthetic Customer 02905,customer02905@example.invalid,USA,2020-09-14,Basic,15399.12
2906,Synthetic Customer 02906,customer02906@example.invalid,Australia,2021-09-16,Basic,17516.04
2907,Synthetic Customer 02907,customer02907@example.invalid,Germany,2025-09-09,Premium,3076.41
2908,Synthetic Customer 02908,customer02908@example.invalid,Canada,2021-10-07,Standard,4157.05
2909,Synthetic Customer 02909,customer02909@example.invalid,Singapore,2020-09-14,Premium,10809.76
2910,Synthetic Customer 02910,customer02910@example.invalid,India,2020-05-21,Basic,16565.55
2911,Synthetic Customer 02911,customer02911@example.invalid,India,2025-07-21,Basic,3672.60
2912,Synthetic Customer 02912,customer02912@example.invalid,Canada,2022-05-29,Basic,15813.10
2913,Synthetic Customer 02913,customer02913@example.invalid,Germany,2020-04-13,Premium,15896.94
2914,Synthetic Customer 02914,customer02914@example.invalid,Germany,2020-03-31,Standard,6526.27
2915,Synthetic Customer 02915,customer02915@example.invalid,Singapore,2021-02-18,Standard,4546.74
2916,Synthetic Customer 02916,customer02916@example.invalid,Singapore,2020-07-11,Basic,11532.41
2917,Synthetic Customer 02917,customer02917@example.invalid,India,2021-10-30,Premium,9307.17
2918,Synthetic Customer 02918,customer02918@example.invalid,UK,2025-06-25,Standard,3688.59
2919,Synthetic Customer 02919,customer02919@example.invalid,India,2022-07-28,Standard,15838.31
2920,Synthetic Customer 02920,customer02920@example.invalid,Canada,2025-02-21,Basic,6920.15
2921,Synthetic Customer 02921,customer02921@example.invalid,USA,2020-07-12,Basic,15629.31
2922,Synthetic Customer 02922,customer02922@example.invalid,India,2021-12-01,Standard,9674.21
2923,Synthetic Customer 02923,customer02923@example.invalid,USA,2024-11-24,Premium,2459.72
2924,Synthetic Customer 02924,customer02924@example.invalid,Australia,2022-09-26,Premium,19343.54
2925,Synthetic Customer 02925,customer02925@example.invalid,Australia,2023-04-21,Standard,9789.73
2926,Synthetic Customer 02926,customer02926@example.invalid,India,2023-03-24,Basic,14834.74
2927,Synthetic Customer 02927,customer02927@example.invalid,Canada,2024-02-10,Standard,19718.69
2928,Synthetic Customer 02928,customer02928@example.invalid,Australia,2021-07-31,Premium,4641.66
2929,Synthetic Customer 02929,customer02929@example.invalid,Australia,2021-07-24,Premium,9015.56
2930,Synthetic Customer 02930,customer02930@example.invalid,UK,2022-07-14,Premium,3197.40
2931,Synthetic Customer 02931,customer02931@example.invalid,UK,2023-02-01,Premium,19252.90
2932,Synthetic Customer 02932,customer02932@example.invalid,Canada,2020-10-27,Standard,17175.24
2933,Synthetic Customer 02933,customer02933@example.invalid,Singapore,2024-04-25,Basic,7063.06
2934,Synthetic Customer 02934,customer02934@example.invalid,USA,2024-04-12,Standard,3526.86
2935,Synthetic Customer 02935,customer02935@example.invalid,Canada,2020-09-13,Standard,10849.67
2936,Synthetic Customer 02936,customer02936@example.invalid,USA,2025-04-12,Standard,6280.19
2937,Synthetic Customer 02937,customer02937@example.invalid,Canada,2024-11-28,Premium,18077.66
2938,Synthetic Customer 02938,customer02938@example.invalid,Singapore,2022-02-27,Standard,16783.05
2939,Synthetic Customer 02939,customer02939@example.invalid,Germany,2022-07-01,Basic,18874.84
2940,Synthetic Customer 02940,customer02940@example.invalid,India,2021-12-03,Basic,17632.86
2941,Synthetic Customer 02941,customer02941@example.invalid,Canada,2025-10-13,Standard,19535.28
2942,Synthetic Customer 02942,customer02942@example.invalid,Singapore,2024-04-16,Premium,848.18
2943,Synthetic Customer 02943,customer02943@example.invalid,USA,2020-08-06,Standard,5274.79
2944,Synthetic Customer 02944,customer02944@example.invalid,Australia,2024-07-17,Basic,15500.27
2945,Synthetic Customer 02945,customer02945@example.invalid,UK,2020-01-06,Standard,15773.03
2946,Synthetic Customer 02946,customer02946@example.invalid,USA,2022-11-17,Premium,6754.97
2947,Synthetic Customer 02947,customer02947@example.invalid,UK,2021-12-29,Standard,11633.22
2948,Synthetic Customer 02948,customer02948@example.invalid,UK,2025-10-28,Standard,14607.72
2949,Synthetic Customer 02949,customer02949@example.invalid,USA,2024-01-27,Premium,19732.15
2950,Synthetic Customer 02950,customer02950@example.invalid,Australia,2020-07-05,Basic,4430.20
2951,Synthetic Customer 02951,customer02951@example.invalid,USA,2021-05-14,Basic,13050.18
2952,Synthetic Customer 02952,customer02952@example.invalid,Singapore,2022-01-02,Premium,1367.46
2953,Synthetic Customer 02953,customer02953@example.invalid,Canada,2025-08-08,Basic,17294.41
2954,Synthetic Customer 02954,customer02954@example.invalid,Canada,2024-01-31,Standard,13936.82
2955,Synthetic Customer 02955,customer02955@example.invalid,Australia,2025-12-24,Standard,4058.23
2956,Synthetic Customer 02956,customer02956@example.invalid,Australia,2021-02-23,Premium,2961.86
2957,Synthetic Customer 02957,customer02957@example.invalid,UK,2020-08-22,Basic,14982.82
2958,Synthetic Customer 02958,customer02958@example.invalid,USA,2024-06-23,Basic,1522.74
2959,Synthetic Customer 02959,customer02959@example.invalid,USA,2023-08-26,Premium,9036.10
2960,Synthetic Customer 02960,customer02960@example.invalid,Canada,2023-01-19,Standard,14214.35
2961,Synthetic Customer 02961,customer02961@example.invalid,Singapore,2020-08-23,Premium,19740.49
2962,Synthetic Customer 02962,customer02962@example.invalid,Australia,2024-06-02,Basic,1576.01
2963,Synthetic Customer 02963,customer02963@example.invalid,USA,2023-04-09,Standard,2450.85
2964,Synthetic Customer 02964,customer02964@example.invalid,USA,2024-09-12,Standard,9039.42
2965,Synthetic Customer 02965,customer02965@example.invalid,India,2020-08-26,Basic,13648.86
2966,Synthetic Customer 02966,customer02966@example.invalid,USA,2023-09-26,Premium,5694.45
2967,Synthetic Customer 02967,customer02967@example.invalid,USA,2020-01-15,Standard,10255.63
2968,Synthetic Customer 02968,customer02968@example.invalid,Singapore,2022-10-17,Standard,19924.75
2969,Synthetic Customer 02969,customer02969@example.invalid,India,2025-07-25,Standard,15873.76
2970,Synthetic Customer 02970,customer02970@example.invalid,UK,2025-10-05,Standard,7923.79
2971,Synthetic Customer 02971,customer02971@example.invalid,UK,2022-10-11,Basic,18467.59
2972,Synthetic Customer 02972,customer02972@example.invalid,Singapore,2021-09-07,Basic,8183.43
2973,Synthetic Customer 02973,customer02973@example.invalid,Australia,2023-01-16,Premium,8334.44
2974,Synthetic Customer 02974,customer02974@example.invalid,UK,2023-09-09,Premium,17457.61
2975,Synthetic Customer 02975,customer02975@example.invalid,Canada,2022-10-01,Basic,17166.37
2976,Synthetic Customer 02976,customer02976@example.invalid,USA,2024-01-12,Basic,17151.32
2977,Synthetic Customer 02977,customer02977@example.invalid,UK,2024-04-29,Premium,11730.37
2978,Synthetic Customer 02978,customer02978@example.invalid,UK,2023-06-23,Standard,8872.40
2979,Synthetic Customer 02979,customer02979@example.invalid,Germany,2023-08-16,Premium,8189.65
2980,Synthetic Customer 02980,customer02980@example.invalid,Singapore,2025-02-25,Standard,14555.55
2981,Synthetic Customer 02981,customer02981@example.invalid,India,2024-02-01,Premium,9738.35
2982,Synthetic Customer 02982,customer02982@example.invalid,Germany,2025-09-27,Premium,4726.69
2983,Synthetic Customer 02983,customer02983@example.invalid,India,2022-09-19,Standard,8196.37
2984,Synthetic Customer 02984,customer02984@example.invalid,Australia,2022-07-08,Standard,12951.68
2985,Synthetic Customer 02985,customer02985@example.invalid,India,2022-04-16,Basic,17100.25
2986,Synthetic Customer 02986,customer02986@example.invalid,UK,2024-02-15,Basic,204.05
2987,Synthetic Customer 02987,customer02987@example.invalid,Canada,2020-01-17,Basic,2913.98
2988,Synthetic Customer 02988,customer02988@example.invalid,Canada,2024-08-30,Standard,1661.81
2989,Synthetic Customer 02989,customer02989@example.invalid,UK,2020-01-02,Basic,2763.04
2990,Synthetic Customer 02990,customer02990@example.invalid,Australia,2023-12-07,Premium,7196.65
2991,Synthetic Customer 02991,customer02991@example.invalid,UK,2025-06-15,Premium,3340.82
2992,Synthetic Customer 02992,customer02992@example.invalid,Germany,2020-07-08,Basic,4833.56
2993,Synthetic Customer 02993,customer02993@example.invalid,Germany,2022-01-13,Premium,12920.73
2994,Synthetic Customer 02994,customer02994@example.invalid,USA,2025-11-22,Basic,3505.71
2995,Synthetic Customer 02995,customer02995@example.invalid,Singapore,2020-02-29,Standard,8201.55
2996,Synthetic Customer 02996,customer02996@example.invalid,Singapore,2020-07-12,Standard,6365.63
2997,Synthetic Customer 02997,customer02997@example.invalid,Germany,2022-03-30,Standard,3281.33
2998,Synthetic Customer 02998,customer02998@example.invalid,UK,2021-09-26,Basic,11683.15
2999,Synthetic Customer 02999,customer02999@example.invalid,Canada,2021-02-08,Basic,15678.26
3000,Synthetic Customer 03000,customer03000@example.invalid,USA,2024-09-18,Basic,15808.35
3001,Synthetic Customer 03001,customer03001@example.invalid,Canada,2023-03-13,Standard,14751.40
3002,Synthetic Customer 03002,customer03002@example.invalid,UK,2020-06-08,Premium,13704.92
3003,Synthetic Customer 03003,customer03003@example.invalid,Singapore,2021-06-20,Basic,1444.92
3004,Synthetic Customer 03004,customer03004@example.invalid,Germany,2021-08-13,Basic,10492.72
3005,Synthetic Customer 03005,customer03005@example.invalid,Australia,2024-07-13,Premium,12664.58
3006,Synthetic Customer 03006,customer03006@example.invalid,UK,2020-11-11,Premium,3722.89
3007,Synthetic Customer 03007,customer03007@example.invalid,Germany,2025-04-29,Premium,19663.91
3008,Synthetic Customer 03008,customer03008@example.invalid,Singapore,2023-04-02,Premium,9098.34
3009,Synthetic Customer 03009,customer03009@example.invalid,USA,2024-04-16,Standard,14733.34
3010,Synthetic Customer 03010,customer03010@example.invalid,Singapore,2021-03-22,Premium,10343.79
3011,Synthetic Customer 03011,customer03011@example.invalid,Australia,2024-01-05,Standard,9348.65
3012,Synthetic Customer 03012,customer03012@example.invalid,Germany,2022-08-02,Standard,16890.90
3013,Synthetic Customer 03013,customer03013@example.invalid,USA,2021-12-09,Standard,2265.77
3014,Synthetic Customer 03014,customer03014@example.invalid,Germany,2023-10-20,Basic,6188.93
3015,Synthetic Customer 03015,customer03015@example.invalid,India,2023-12-24,Premium,3756.03
3016,Synthetic Customer 03016,customer03016@example.invalid,Singapore,2021-07-23,Premium,6180.26
3017,Synthetic Customer 03017,customer03017@example.invalid,Germany,2021-07-21,Basic,12943.48
3018,Synthetic Customer 03018,customer03018@example.invalid,Canada,2025-08-10,Standard,14704.00
3019,Synthetic Customer 03019,customer03019@example.invalid,Australia,2020-01-14,Standard,19438.36
3020,Synthetic Customer 03020,customer03020@example.invalid,Singapore,2023-11-22,Basic,17968.59
3021,Synthetic Customer 03021,customer03021@example.invalid,India,2020-03-19,Standard,9913.34
3022,Synthetic Customer 03022,customer03022@example.invalid,India,2021-09-16,Basic,12511.47
3023,Synthetic Customer 03023,customer03023@example.invalid,Germany,2022-10-22,Premium,8670.92
3024,Synthetic Customer 03024,customer03024@example.invalid,Singapore,2022-04-11,Premium,3068.56
3025,Synthetic Customer 03025,customer03025@example.invalid,Canada,2021-01-12,Standard,1143.74
3026,Synthetic Customer 03026,customer03026@example.invalid,USA,2021-05-01,Standard,5513.79
3027,Synthetic Customer 03027,customer03027@example.invalid,India,2020-01-05,Premium,984.65
3028,Synthetic Customer 03028,customer03028@example.invalid,UK,2024-10-17,Basic,16554.62
3029,Synthetic Customer 03029,customer03029@example.invalid,UK,2020-08-04,Standard,19021.85
3030,Synthetic Customer 03030,customer03030@example.invalid,Australia,2023-02-09,Basic,14315.92
3031,Synthetic Customer 03031,customer03031@example.invalid,Canada,2024-11-19,Standard,8059.34
3032,Synthetic Customer 03032,customer03032@example.invalid,Canada,2021-12-25,Premium,14251.71
3033,Synthetic Customer 03033,customer03033@example.invalid,USA,2020-04-26,Standard,17934.06
3034,Synthetic Customer 03034,customer03034@example.invalid,Australia,2020-04-01,Basic,8389.38
3035,Synthetic Customer 03035,customer03035@example.invalid,Canada,2023-06-20,Standard,237.63
3036,Synthetic Customer 03036,customer03036@example.invalid,USA,2024-09-16,Premium,14084.68
3037,Synthetic Customer 03037,customer03037@example.invalid,India,2025-05-12,Basic,18197.16
3038,Synthetic Customer 03038,customer03038@example.invalid,India,2023-05-09,Standard,9223.10
3039,Synthetic Customer 03039,customer03039@example.invalid,Germany,2021-09-02,Standard,19047.55
3040,Synthetic Customer 03040,customer03040@example.invalid,Singapore,2023-10-14,Basic,7528.78
3041,Synthetic Customer 03041,customer03041@example.invalid,India,2025-01-12,Standard,11912.62
3042,Synthetic Customer 03042,customer03042@example.invalid,Canada,2025-09-01,Basic,3835.93
3043,Synthetic Customer 03043,customer03043@example.invalid,Australia,2025-08-22,Standard,1902.83
3044,Synthetic Customer 03044,customer03044@example.invalid,Australia,2024-01-11,Premium,2771.65
3045,Synthetic Customer 03045,customer03045@example.invalid,India,2021-07-17,Basic,1550.58
3046,Synthetic Customer 03046,customer03046@example.invalid,Australia,2023-02-12,Premium,9633.84
3047,Synthetic Customer 03047,customer03047@example.invalid,Singapore,2024-12-14,Standard,8661.34
3048,Synthetic Customer 03048,customer03048@example.invalid,UK,2020-07-26,Premium,6740.59
3049,Synthetic Customer 03049,customer03049@example.invalid,UK,2020-12-31,Standard,3898.59
3050,Synthetic Customer 03050,customer03050@example.invalid,Canada,2024-04-27,Basic,2760.77
3051,Synthetic Customer 03051,customer03051@example.invalid,Canada,2024-12-07,Basic,17824.41
3052,Synthetic Customer 03052,customer03052@example.invalid,India,2025-06-08,Premium,16677.67
3053,Synthetic Customer 03053,customer03053@example.invalid,Australia,2024-07-11,Basic,4660.55
3054,Synthetic Customer 03054,customer03054@example.invalid,India,2023-07-19,Basic,6458.21
3055,Synthetic Customer 03055,customer03055@example.invalid,Canada,2022-08-20,Premium,4876.76
3056,Synthetic Customer 03056,customer03056@example.invalid,USA,2023-09-15,Standard,514.02
3057,Synthetic Customer 03057,customer03057@example.invalid,India,2021-11-11,Standard,13490.46
3058,Synthetic Customer 03058,customer03058@example.invalid,Germany,2022-09-12,Premium,14702.44
3059,Synthetic Customer 03059,customer03059@example.invalid,India,2022-10-16,Premium,16327.26
3060,Synthetic Customer 03060,customer03060@example.invalid,Canada,2024-01-21,Basic,13944.63
3061,Synthetic Customer 03061,customer03061@example.invalid,Canada,2023-03-07,Basic,12400.80
3062,Synthetic Customer 03062,customer03062@example.invalid,Germany,2025-05-20,Premium,14160.09
3063,Synthetic Customer 03063,customer03063@example.invalid,India,2023-06-28,Basic,12346.69
3064,Synthetic Customer 03064,customer03064@example.invalid,Australia,2024-12-05,Premium,10798.33
3065,Synthetic Customer 03065,customer03065@example.invalid,Australia,2023-02-17,Standard,10943.68
3066,Synthetic Customer 03066,customer03066@example.invalid,Australia,2022-02-13,Premium,12735.81
3067,Synthetic Customer 03067,customer03067@example.invalid,Germany,2023-05-27,Premium,9006.90
3068,Synthetic Customer 03068,customer03068@example.invalid,USA,2023-10-20,Basic,18613.67
3069,Synthetic Customer 03069,customer03069@example.invalid,Germany,2024-09-11,Standard,3094.67
3070,Synthetic Customer 03070,customer03070@example.invalid,Australia,2024-07-17,Basic,5339.58
3071,Synthetic Customer 03071,customer03071@example.invalid,USA,2022-01-23,Standard,2467.75
3072,Synthetic Customer 03072,customer03072@example.invalid,Australia,2025-02-15,Standard,4897.75
3073,Synthetic Customer 03073,customer03073@example.invalid,Canada,2020-03-26,Premium,15904.17
3074,Synthetic Customer 03074,customer03074@example.invalid,India,2021-11-12,Standard,15461.18
3075,Synthetic Customer 03075,customer03075@example.invalid,Singapore,2022-03-10,Basic,4560.24
3076,Synthetic Customer 03076,customer03076@example.invalid,UK,2024-11-18,Premium,7267.17
3077,Synthetic Customer 03077,customer03077@example.invalid,USA,2022-03-22,Basic,7691.64
3078,Synthetic Customer 03078,customer03078@example.invalid,Canada,2020-08-19,Standard,17454.15
3079,Synthetic Customer 03079,customer03079@example.invalid,Germany,2023-08-24,Premium,12217.23
3080,Synthetic Customer 03080,customer03080@example.invalid,Singapore,2020-09-27,Basic,5429.74
3081,Synthetic Customer 03081,customer03081@example.invalid,Canada,2021-05-03,Premium,11988.51
3082,Synthetic Customer 03082,customer03082@example.invalid,Australia,2023-07-15,Standard,19993.45
3083,Synthetic Customer 03083,customer03083@example.invalid,UK,2021-12-07,Standard,14714.79
3084,Synthetic Customer 03084,customer03084@example.invalid,UK,2023-11-26,Premium,18619.60
3085,Synthetic Customer 03085,customer03085@example.invalid,Australia,2025-05-04,Basic,9052.45
3086,Synthetic Customer 03086,customer03086@example.invalid,USA,2023-08-28,Standard,7895.70
3087,Synthetic Customer 03087,customer03087@example.invalid,USA,2021-07-14,Premium,7587.98
3088,Synthetic Customer 03088,customer03088@example.invalid,Canada,2023-10-11,Basic,19859.61
3089,Synthetic Customer 03089,customer03089@example.invalid,India,2020-10-09,Standard,9892.24
3090,Synthetic Customer 03090,customer03090@example.invalid,Canada,2024-06-16,Standard,18016.37
3091,Synthetic Customer 03091,customer03091@example.invalid,UK,2021-06-17,Premium,19564.45
3092,Synthetic Customer 03092,customer03092@example.invalid,Australia,2025-05-12,Premium,13201.41
3093,Synthetic Customer 03093,customer03093@example.invalid,USA,2023-03-27,Standard,17608.93
3094,Synthetic Customer 03094,customer03094@example.invalid,India,2021-02-26,Standard,9334.09
3095,Synthetic Customer 03095,customer03095@example.invalid,UK,2020-12-13,Standard,2815.37
3096,Synthetic Customer 03096,customer03096@example.invalid,Australia,2023-05-03,Premium,7094.26
3097,Synthetic Customer 03097,customer03097@example.invalid,Australia,2024-09-18,Standard,8502.79
3098,Synthetic Customer 03098,customer03098@example.invalid,UK,2022-04-30,Standard,4913.55
3099,Synthetic Customer 03099,customer03099@example.invalid,USA,2024-01-03,Standard,9298.74
3100,Synthetic Customer 03100,customer03100@example.invalid,Australia,2022-07-17,Premium,17375.69
3101,Synthetic Customer 03101,customer03101@example.invalid,Singapore,2020-03-06,Premium,3025.19
3102,Synthetic Customer 03102,customer03102@example.invalid,India,2024-10-17,Standard,15320.89
3103,Synthetic Customer 03103,customer03103@example.invalid,USA,2023-05-04,Premium,3266.17
3104,Synthetic Customer 03104,customer03104@example.invalid,Australia,2025-12-13,Basic,2229.54
3105,Synthetic Customer 03105,customer03105@example.invalid,Canada,2025-01-05,Premium,16720.77
3106,Synthetic Customer 03106,customer03106@example.invalid,USA,2021-11-05,Basic,2931.62
3107,Synthetic Customer 03107,customer03107@example.invalid,Germany,2024-10-14,Basic,10913.40
3108,Synthetic Customer 03108,customer03108@example.invalid,Australia,2022-06-01,Standard,17918.24
3109,Synthetic Customer 03109,customer03109@example.invalid,India,2025-08-24,Premium,19601.72
3110,Synthetic Customer 03110,customer03110@example.invalid,UK,2024-11-25,Premium,18608.51
3111,Synthetic Customer 03111,customer03111@example.invalid,USA,2024-10-14,Basic,2889.93
3112,Synthetic Customer 03112,customer03112@example.invalid,India,2023-09-08,Basic,1626.87
3113,Synthetic Customer 03113,customer03113@example.invalid,Singapore,2021-03-21,Basic,14324.10
3114,Synthetic Customer 03114,customer03114@example.invalid,Australia,2021-04-22,Premium,5736.03
3115,Synthetic Customer 03115,customer03115@example.invalid,USA,2023-06-14,Basic,13992.90
3116,Synthetic Customer 03116,customer03116@example.invalid,UK,2024-10-29,Standard,6874.31
3117,Synthetic Customer 03117,customer03117@example.invalid,Canada,2025-02-11,Standard,3766.40
3118,Synthetic Customer 03118,customer03118@example.invalid,India,2025-07-17,Basic,11739.35
3119,Synthetic Customer 03119,customer03119@example.invalid,Canada,2023-12-20,Basic,18973.73
3120,Synthetic Customer 03120,customer03120@example.invalid,Canada,2025-10-04,Standard,3268.79
3121,Synthetic Customer 03121,customer03121@example.invalid,UK,2021-07-19,Standard,12644.29
3122,Synthetic Customer 03122,customer03122@example.invalid,Canada,2021-11-20,Premium,4595.59
3123,Synthetic Customer 03123,customer03123@example.invalid,Germany,2021-11-15,Premium,6278.46
3124,Synthetic Customer 03124,customer03124@example.invalid,Singapore,2021-03-16,Basic,15480.11
3125,Synthetic Customer 03125,customer03125@example.invalid,India,2020-05-18,Standard,18512.85
3126,Synthetic Customer 03126,customer03126@example.invalid,Singapore,2021-01-08,Basic,8777.67
3127,Synthetic Customer 03127,customer03127@example.invalid,Canada,2024-11-05,Basic,316.17
3128,Synthetic Customer 03128,customer03128@example.invalid,India,2025-03-07,Basic,17323.33
3129,Synthetic Customer 03129,customer03129@example.invalid,USA,2023-11-24,Basic,13684.60
3130,Synthetic Customer 03130,customer03130@example.invalid,Australia,2022-11-05,Standard,17988.28
3131,Synthetic Customer 03131,customer03131@example.invalid,Singapore,2021-08-07,Basic,2386.48
3132,Synthetic Customer 03132,customer03132@example.invalid,Germany,2021-03-20,Standard,9779.16
3133,Synthetic Customer 03133,customer03133@example.invalid,Singapore,2022-10-27,Basic,19072.74
3134,Synthetic Customer 03134,customer03134@example.invalid,Singapore,2020-03-19,Premium,17566.37
3135,Synthetic Customer 03135,customer03135@example.invalid,Germany,2023-10-06,Basic,16673.59
3136,Synthetic Customer 03136,customer03136@example.invalid,UK,2020-12-16,Basic,8916.51
3137,Synthetic Customer 03137,customer03137@example.invalid,India,2025-04-21,Basic,10359.27
3138,Synthetic Customer 03138,customer03138@example.invalid,Canada,2022-03-05,Basic,2868.30
3139,Synthetic Customer 03139,customer03139@example.invalid,Canada,2021-03-05,Standard,12521.63
3140,Synthetic Customer 03140,customer03140@example.invalid,Germany,2025-02-16,Premium,13349.77
3141,Synthetic Customer 03141,customer03141@example.invalid,UK,2023-01-23,Premium,17471.85
3142,Synthetic Customer 03142,customer03142@example.invalid,Australia,2022-11-01,Premium,4208.13
3143,Synthetic Customer 03143,customer03143@example.invalid,Singapore,2022-08-30,Standard,17227.68
3144,Synthetic Customer 03144,customer03144@example.invalid,USA,2022-02-14,Premium,9936.86
3145,Synthetic Customer 03145,customer03145@example.invalid,Canada,2021-05-05,Premium,17570.95
3146,Synthetic Customer 03146,customer03146@example.invalid,USA,2024-11-29,Standard,8527.49
3147,Synthetic Customer 03147,customer03147@example.invalid,Australia,2022-03-17,Standard,1170.17
3148,Synthetic Customer 03148,customer03148@example.invalid,Singapore,2025-04-27,Basic,10335.29
3149,Synthetic Customer 03149,customer03149@example.invalid,Australia,2021-02-17,Standard,13767.03
3150,Synthetic Customer 03150,customer03150@example.invalid,UK,2021-04-27,Standard,16384.69
3151,Synthetic Customer 03151,customer03151@example.invalid,UK,2025-05-09,Basic,4041.21
3152,Synthetic Customer 03152,customer03152@example.invalid,Germany,2023-03-15,Premium,7486.82
3153,Synthetic Customer 03153,customer03153@example.invalid,USA,2024-07-14,Standard,14845.61
3154,Synthetic Customer 03154,customer03154@example.invalid,Canada,2023-06-25,Premium,17034.16
3155,Synthetic Customer 03155,customer03155@example.invalid,UK,2024-05-09,Premium,10516.39
3156,Synthetic Customer 03156,customer03156@example.invalid,Germany,2023-08-13,Basic,5189.67
3157,Synthetic Customer 03157,customer03157@example.invalid,Australia,2022-06-29,Basic,10430.84
3158,Synthetic Customer 03158,customer03158@example.invalid,Canada,2024-10-03,Premium,15385.86
3159,Synthetic Customer 03159,customer03159@example.invalid,UK,2022-08-17,Basic,13911.35
3160,Synthetic Customer 03160,customer03160@example.invalid,Germany,2020-10-18,Basic,19446.74
3161,Synthetic Customer 03161,customer03161@example.invalid,Australia,2023-04-26,Basic,12809.42
3162,Synthetic Customer 03162,customer03162@example.invalid,Singapore,2023-11-26,Standard,9627.70
3163,Synthetic Customer 03163,customer03163@example.invalid,USA,2023-12-13,Standard,17217.63
3164,Synthetic Customer 03164,customer03164@example.invalid,USA,2022-08-14,Basic,4805.36
3165,Synthetic Customer 03165,customer03165@example.invalid,UK,2024-09-05,Standard,14081.94
3166,Synthetic Customer 03166,customer03166@example.invalid,India,2024-05-31,Premium,19488.17
3167,Synthetic Customer 03167,customer03167@example.invalid,Germany,2022-04-03,Premium,12467.10
3168,Synthetic Customer 03168,customer03168@example.invalid,India,2025-01-24,Premium,18803.16
3169,Synthetic Customer 03169,customer03169@example.invalid,USA,2025-10-30,Standard,2107.14
3170,Synthetic Customer 03170,customer03170@example.invalid,India,2021-06-20,Premium,17246.49
3171,Synthetic Customer 03171,customer03171@example.invalid,Canada,2022-04-27,Premium,3368.18
3172,Synthetic Customer 03172,customer03172@example.invalid,USA,2025-10-29,Standard,19933.56
3173,Synthetic Customer 03173,customer03173@example.invalid,Australia,2020-05-19,Standard,6557.53
3174,Synthetic Customer 03174,customer03174@example.invalid,UK,2021-01-25,Premium,13707.51
3175,Synthetic Customer 03175,customer03175@example.invalid,Germany,2022-12-13,Premium,3899.44
3176,Synthetic Customer 03176,customer03176@example.invalid,Canada,2023-12-04,Basic,3071.85
3177,Synthetic Customer 03177,customer03177@example.invalid,Singapore,2022-02-27,Standard,15789.35
3178,Synthetic Customer 03178,customer03178@example.invalid,Canada,2024-11-05,Basic,2745.53
3179,Synthetic Customer 03179,customer03179@example.invalid,Germany,2025-02-16,Premium,7497.81
3180,Synthetic Customer 03180,customer03180@example.invalid,India,2023-02-18,Premium,2280.10
3181,Synthetic Customer 03181,customer03181@example.invalid,India,2021-04-19,Premium,16391.78
3182,Synthetic Customer 03182,customer03182@example.invalid,Germany,2023-12-07,Basic,3304.28
3183,Synthetic Customer 03183,customer03183@example.invalid,India,2024-07-08,Premium,13221.24
3184,Synthetic Customer 03184,customer03184@example.invalid,Australia,2022-10-20,Standard,5817.05
3185,Synthetic Customer 03185,customer03185@example.invalid,Canada,2025-03-21,Basic,15486.05
3186,Synthetic Customer 03186,customer03186@example.invalid,Singapore,2023-12-10,Basic,4575.66
3187,Synthetic Customer 03187,customer03187@example.invalid,Germany,2023-08-05,Basic,18805.05
3188,Synthetic Customer 03188,customer03188@example.invalid,UK,2023-03-19,Premium,19123.58
3189,Synthetic Customer 03189,customer03189@example.invalid,Singapore,2025-11-22,Premium,12060.74
3190,Synthetic Customer 03190,customer03190@example.invalid,Singapore,2024-05-28,Premium,14657.92
3191,Synthetic Customer 03191,customer03191@example.invalid,Singapore,2025-10-24,Premium,14191.61
3192,Synthetic Customer 03192,customer03192@example.invalid,UK,2025-02-05,Standard,3348.00
3193,Synthetic Customer 03193,customer03193@example.invalid,Germany,2022-01-28,Basic,6225.74
3194,Synthetic Customer 03194,customer03194@example.invalid,India,2025-12-13,Premium,5726.40
3195,Synthetic Customer 03195,customer03195@example.invalid,Germany,2020-11-03,Premium,invalid-decimal
3196,Synthetic Customer 03196,customer03196@example.invalid,UK,2022-04-05,Premium,8380.12
3197,Synthetic Customer 03197,customer03197@example.invalid,Singapore,2021-11-23,Premium,6310.60
3198,Synthetic Customer 03198,customer03198@example.invalid,USA,2023-05-02,Premium,18814.24
3199,Synthetic Customer 03199,customer03199@example.invalid,UK,2022-07-14,Basic,625.70
3200,Synthetic Customer 03200,customer03200@example.invalid,Canada,2022-10-20,Premium,4748.48
3201,Synthetic Customer 03201,customer03201@example.invalid,Canada,2022-01-08,Premium,3707.86
3202,Synthetic Customer 03202,customer03202@example.invalid,USA,2020-05-25,Standard,19811.34
3203,Synthetic Customer 03203,customer03203@example.invalid,USA,2020-05-06,Standard,6181.63
3204,Synthetic Customer 03204,customer03204@example.invalid,Singapore,2022-10-27,Premium,5970.35
3205,Synthetic Customer 03205,customer03205@example.invalid,India,2023-06-18,Premium,2648.32
3206,Synthetic Customer 03206,customer03206@example.invalid,Canada,invalid-date,Standard,2762.32
3207,Synthetic Customer 03207,customer03207@example.invalid,UK,2024-07-08,Standard,19760.10
3208,Synthetic Customer 03208,customer03208@example.invalid,Canada,2023-10-28,Premium,8911.00
3209,Synthetic Customer 03209,customer03209@example.invalid,USA,2022-08-25,Basic,8884.30
3210,Synthetic Customer 03210,customer03210@example.invalid,Germany,2022-06-17,Premium,11583.18
3211,Synthetic Customer 03211,customer03211@example.invalid,Singapore,2020-03-05,Basic,13389.05
3212,Synthetic Customer 03212,customer03212@example.invalid,India,2025-06-22,Premium,9407.89
3213,Synthetic Customer 03213,customer03213@example.invalid,Canada,2024-07-25,Standard,178.15
3214,Synthetic Customer 03214,customer03214@example.invalid,UK,2022-09-27,Standard,4165.81
3215,Synthetic Customer 03215,customer03215@example.invalid,UK,2025-04-05,Basic,9336.32
3216,Synthetic Customer 03216,customer03216@example.invalid,Germany,2020-07-29,Premium,8858.79
3217,Synthetic Customer 03217,customer03217@example.invalid,Germany,2023-06-21,Basic,10389.27
3218,Synthetic Customer 03218,customer03218@example.invalid,USA,2025-08-31,Standard,18631.98
3219,Synthetic Customer 03219,customer03219@example.invalid,UK,2025-08-27,Premium,19474.04
3220,Synthetic Customer 03220,customer03220@example.invalid,Germany,2020-03-20,Premium,7938.46
3221,Synthetic Customer 03221,customer03221@example.invalid,Australia,2022-09-01,Basic,13767.00
3222,Synthetic Customer 03222,customer03222@example.invalid,Australia,2023-10-15,Premium,18192.89
3223,Synthetic Customer 03223,customer03223@example.invalid,Canada,2021-05-14,Basic,8352.26
3224,Synthetic Customer 03224,customer03224@example.invalid,USA,2025-01-08,Premium,13595.76
3225,Synthetic Customer 03225,customer03225@example.invalid,UK,2021-02-06,Basic,15312.53
3226,Synthetic Customer 03226,customer03226@example.invalid,USA,2022-02-16,Basic,11295.66
3227,Synthetic Customer 03227,customer03227@example.invalid,Australia,2022-04-17,Premium,4279.01
3228,Synthetic Customer 03228,customer03228@example.invalid,UK,2023-08-27,Premium,18068.04
3229,Synthetic Customer 03229,customer03229@example.invalid,Canada,2022-05-31,Standard,932.03
3230,Synthetic Customer 03230,customer03230@example.invalid,UK,2021-05-06,Standard,17986.90
3231,Synthetic Customer 03231,customer03231@example.invalid,Australia,2021-12-27,Standard,14306.89
3232,Synthetic Customer 03232,customer03232@example.invalid,India,2020-05-26,Basic,17657.37
3233,Synthetic Customer 03233,customer03233@example.invalid,Australia,2024-07-20,Premium,19644.41
3234,Synthetic Customer 03234,customer03234@example.invalid,USA,2022-05-29,Basic,17175.78
3235,Synthetic Customer 03235,customer03235@example.invalid,Canada,2022-06-30,Premium,7460.81
3236,Synthetic Customer 03236,customer03236@example.invalid,India,2024-05-02,Standard,7006.68
3237,Synthetic Customer 03237,customer03237@example.invalid,UK,2021-12-11,Basic,8722.98
3238,Synthetic Customer 03238,customer03238@example.invalid,UK,2021-04-16,Basic,17860.06
3239,Synthetic Customer 03239,customer03239@example.invalid,Singapore,2023-10-08,Premium,8619.32
3240,Synthetic Customer 03240,customer03240@example.invalid,Australia,2025-02-18,Standard,4404.86
3241,Synthetic Customer 03241,customer03241@example.invalid,India,2025-08-14,Standard,2994.76
3242,Synthetic Customer 03242,customer03242@example.invalid,Singapore,2022-04-27,Premium,8829.88
3243,Synthetic Customer 03243,customer03243@example.invalid,Australia,2023-07-01,Premium,6856.08
3244,Synthetic Customer 03244,customer03244@example.invalid,India,2020-12-03,Basic,7174.86
3245,Synthetic Customer 03245,customer03245@example.invalid,Germany,2023-11-03,Premium,11277.36
3246,Synthetic Customer 03246,customer03246@example.invalid,UK,2023-10-30,Basic,12299.63
3247,Synthetic Customer 03247,customer03247@example.invalid,Germany,2023-09-27,Standard,13926.12
3248,Synthetic Customer 03248,customer03248@example.invalid,India,2020-09-09,Premium,4061.19
3249,Synthetic Customer 03249,customer03249@example.invalid,Canada,2023-01-01,Premium,16353.97
3250,Synthetic Customer 03250,customer03250@example.invalid,USA,2020-01-13,Standard,2938.72
3251,Synthetic Customer 03251,customer03251@example.invalid,Germany,2020-10-31,Standard,9319.57
3252,Synthetic Customer 03252,customer03252@example.invalid,Canada,2024-10-18,Premium,18993.87
3253,Synthetic Customer 03253,customer03253@example.invalid,UK,2020-04-30,Standard,1073.51
3254,Synthetic Customer 03254,customer03254@example.invalid,India,2025-10-26,Premium,6248.56
3255,Synthetic Customer 03255,customer03255@example.invalid,UK,2023-07-09,Standard,15400.60
3256,Synthetic Customer 03256,customer03256@example.invalid,Germany,2025-06-20,Premium,5344.40
3257,Synthetic Customer 03257,customer03257@example.invalid,Singapore,2022-09-26,Standard,13351.53
3258,Synthetic Customer 03258,customer03258@example.invalid,USA,2024-05-09,Premium,11757.09
3259,Synthetic Customer 03259,customer03259@example.invalid,Singapore,2025-06-29,Premium,1539.26
3260,Synthetic Customer 03260,customer03260@example.invalid,UK,2023-03-07,Basic,8314.10
3261,Synthetic Customer 03261,customer03261@example.invalid,Canada,2020-11-01,Basic,16294.65
3262,Synthetic Customer 03262,customer03262@example.invalid,USA,2024-04-12,Standard,7528.41
3263,Synthetic Customer 03263,customer03263@example.invalid,Australia,2025-11-28,Premium,18539.93
3264,Synthetic Customer 03264,customer03264@example.invalid,India,2023-04-17,Premium,18887.10
3265,Synthetic Customer 03265,customer03265@example.invalid,India,2023-11-25,Basic,9086.19
3266,Synthetic Customer 03266,customer03266@example.invalid,India,2022-01-16,Premium,7410.22
3267,Synthetic Customer 03267,customer03267@example.invalid,Canada,2020-12-08,Premium,5789.11
3268,Synthetic Customer 03268,customer03268@example.invalid,Germany,2023-07-03,Basic,3885.99
3269,Synthetic Customer 03269,customer03269@example.invalid,UK,2025-08-18,Standard,10999.92
3270,Synthetic Customer 03270,customer03270@example.invalid,Canada,2022-06-10,Standard,7199.13
3271,Synthetic Customer 03271,customer03271@example.invalid,Australia,2023-10-28,Standard,11054.03
3272,Synthetic Customer 03272,customer03272@example.invalid,UK,2021-05-22,Standard,19311.29
3273,Synthetic Customer 03273,customer03273@example.invalid,Australia,2023-12-30,Basic,10074.42
3274,Synthetic Customer 03274,customer03274@example.invalid,Germany,2021-01-27,Basic,17210.94
3275,Synthetic Customer 03275,customer03275@example.invalid,UK,2023-07-20,Standard,5199.78
3276,Synthetic Customer 03276,customer03276@example.invalid,Singapore,2024-05-16,Standard,13056.60
3277,Synthetic Customer 03277,customer03277@example.invalid,USA,2024-03-19,Basic,5065.27
3278,Synthetic Customer 03278,customer03278@example.invalid,USA,2024-05-17,Premium,5018.44
3279,Synthetic Customer 03279,customer03279@example.invalid,Australia,2023-09-24,Premium,19460.47
3280,Synthetic Customer 03280,customer03280@example.invalid,USA,2024-12-25,Standard,2223.59
3281,Synthetic Customer 03281,customer03281@example.invalid,India,2022-03-05,Basic,19534.28
3282,Synthetic Customer 03282,customer03282@example.invalid,Australia,2025-04-14,Basic,15835.65
3283,Synthetic Customer 03283,customer03283@example.invalid,Singapore,2025-06-20,Standard,7919.71
3284,Synthetic Customer 03284,customer03284@example.invalid,India,2022-01-28,Standard,6017.53
3285,Synthetic Customer 03285,customer03285@example.invalid,Germany,2023-10-06,Premium,10546.66
3286,Synthetic Customer 03286,customer03286@example.invalid,Canada,2025-07-14,Standard,16578.35
3287,Synthetic Customer 03287,customer03287@example.invalid,Australia,2023-03-12,Standard,4296.55
3288,Synthetic Customer 03288,customer03288@example.invalid,UK,2024-09-23,Premium,14527.05
3289,Synthetic Customer 03289,customer03289@example.invalid,USA,2024-06-09,Standard,16337.97
3290,Synthetic Customer 03290,customer03290@example.invalid,USA,2020-02-22,Standard,6984.37
3291,Synthetic Customer 03291,customer03291@example.invalid,Canada,2023-04-22,Premium,8258.75
3292,Synthetic Customer 03292,customer03292@example.invalid,Germany,2025-05-21,Standard,17805.20
3293,Synthetic Customer 03293,customer03293@example.invalid,USA,2025-11-04,Basic,11473.45
3294,Synthetic Customer 03294,customer03294@example.invalid,Germany,2024-03-03,Premium,2778.48
3295,Synthetic Customer 03295,customer03295@example.invalid,Germany,2022-08-09,Premium,3846.23
3296,Synthetic Customer 03296,customer03296@example.invalid,Australia,2023-06-01,Basic,9586.72
3297,Synthetic Customer 03297,customer03297@example.invalid,Singapore,2021-04-16,Premium,18505.74
3298,Synthetic Customer 03298,customer03298@example.invalid,Australia,2023-04-07,Premium,1263.00
3299,Synthetic Customer 03299,customer03299@example.invalid,UK,2024-03-08,Basic,18474.75
3300,Synthetic Customer 03300,customer03300@example.invalid,Singapore,2021-08-18,Standard,8025.20
3301,Synthetic Customer 03301,customer03301@example.invalid,Canada,2023-02-04,Basic,13742.86
3302,Synthetic Customer 03302,customer03302@example.invalid,India,2025-02-18,Premium,18971.14
3303,Synthetic Customer 03303,customer03303@example.invalid,Germany,2021-03-01,Standard,1447.86
3304,Synthetic Customer 03304,customer03304@example.invalid,Australia,2022-02-23,Standard,10836.92
3305,Synthetic Customer 03305,customer03305@example.invalid,UK,2020-12-25,Standard,16571.89
3306,Synthetic Customer 03306,customer03306@example.invalid,India,2020-11-17,Premium,17948.71
3307,Synthetic Customer 03307,customer03307@example.invalid,Australia,2024-10-09,Standard,19409.20
3308,Synthetic Customer 03308,customer03308@example.invalid,Singapore,2021-05-13,Premium,9481.74
3309,Synthetic Customer 03309,customer03309@example.invalid,Singapore,2025-06-01,Standard,8446.65
3310,Synthetic Customer 03310,customer03310@example.invalid,Australia,2022-09-11,Standard,15567.68
3311,Synthetic Customer 03311,customer03311@example.invalid,Australia,2020-11-29,Premium,393.80
3312,Synthetic Customer 03312,customer03312@example.invalid,Canada,2020-07-02,Basic,2183.99
3313,Synthetic Customer 03313,customer03313@example.invalid,Singapore,2023-03-01,Premium,16986.89
3314,Synthetic Customer 03314,customer03314@example.invalid,Germany,2021-11-05,Basic,14358.20
3315,Synthetic Customer 03315,customer03315@example.invalid,India,2022-11-01,Premium,7883.72
3316,Synthetic Customer 03316,customer03316@example.invalid,USA,2022-08-16,Standard,16793.90
3317,Synthetic Customer 03317,customer03317@example.invalid,UK,2023-01-25,Basic,14802.65
3318,Synthetic Customer 03318,customer03318@example.invalid,UK,2022-01-06,Premium,12511.28
3319,Synthetic Customer 03319,customer03319@example.invalid,India,2023-12-03,Basic,12860.04
3320,Synthetic Customer 03320,customer03320@example.invalid,Australia,2021-07-06,Standard,13610.37
3321,Synthetic Customer 03321,customer03321@example.invalid,UK,2023-05-03,Basic,2210.45
3322,Synthetic Customer 03322,customer03322@example.invalid,Canada,2023-07-09,Basic,4342.13
3323,Synthetic Customer 03323,customer03323@example.invalid,India,2025-04-10,Basic,10034.80
3324,Synthetic Customer 03324,customer03324@example.invalid,Australia,2025-04-21,Standard,15939.55
3325,Synthetic Customer 03325,customer03325@example.invalid,Singapore,2022-12-03,Standard,16449.91
3326,Synthetic Customer 03326,customer03326@example.invalid,Germany,2023-02-03,Premium,15542.71
3327,Synthetic Customer 03327,customer03327@example.invalid,Singapore,2020-12-28,Basic,11197.34
3328,Synthetic Customer 03328,customer03328@example.invalid,UK,2024-03-17,Basic,6910.34
3329,Synthetic Customer 03329,customer03329@example.invalid,Singapore,2024-08-20,Premium,9063.34
3330,Synthetic Customer 03330,customer03330@example.invalid,Singapore,2023-08-26,Standard,17226.04
3331,Synthetic Customer 03331,customer03331@example.invalid,UK,2021-05-17,Premium,7847.97
3332,Synthetic Customer 03332,customer03332@example.invalid,USA,2022-05-08,Basic,12533.34
3333,Synthetic Customer 03333,customer03333@example.invalid,Australia,2025-05-02,Basic,11255.94
3334,Synthetic Customer 03334,customer03334@example.invalid,USA,2022-12-21,Premium,19879.83
3335,Synthetic Customer 03335,customer03335@example.invalid,India,2024-05-20,Premium,15855.45
3336,Synthetic Customer 03336,customer03336@example.invalid,Singapore,2024-09-12,Standard,14360.94
3337,Synthetic Customer 03337,customer03337@example.invalid,Germany,2020-11-29,Basic,14404.69
3338,Synthetic Customer 03338,customer03338@example.invalid,India,2025-08-25,Standard,9783.16
3339,Synthetic Customer 03339,customer03339@example.invalid,Germany,2025-01-15,Standard,15778.37
3340,Synthetic Customer 03340,customer03340@example.invalid,Canada,2020-10-23,Standard,438.28
3341,Synthetic Customer 03341,customer03341@example.invalid,India,2023-12-03,Premium,2520.10
3342,Synthetic Customer 03342,customer03342@example.invalid,UK,2025-04-08,Premium,15155.25
3343,Synthetic Customer 03343,customer03343@example.invalid,Germany,2021-12-27,Premium,13370.42
3344,Synthetic Customer 03344,customer03344@example.invalid,UK,2020-08-03,Standard,15544.75
3345,Synthetic Customer 03345,customer03345@example.invalid,UK,2021-02-07,Premium,17420.24
3346,Synthetic Customer 03346,customer03346@example.invalid,Canada,2024-07-08,Standard,17393.05
3347,Synthetic Customer 03347,customer03347@example.invalid,Australia,2025-04-22,Standard,11263.92
3348,Synthetic Customer 03348,customer03348@example.invalid,Canada,2023-01-24,Basic,10261.92
3349,Synthetic Customer 03349,customer03349@example.invalid,Australia,2023-05-24,Basic,18768.79
3350,Synthetic Customer 03350,customer03350@example.invalid,India,2020-03-23,Standard,16165.77
3351,Synthetic Customer 03351,customer03351@example.invalid,Canada,2022-04-01,Standard,invalid-decimal
3352,Synthetic Customer 03352,customer03352@example.invalid,Germany,2020-07-06,Basic,466.28
3353,Synthetic Customer 03353,customer03353@example.invalid,Canada,2024-01-24,Standard,11690.18
3354,Synthetic Customer 03354,customer03354@example.invalid,Australia,2023-09-26,Basic,5795.75
3355,Synthetic Customer 03355,customer03355@example.invalid,Australia,2022-03-24,Standard,1122.03
3356,Synthetic Customer 03356,customer03356@example.invalid,UK,2020-03-04,Basic,12635.49
3357,Synthetic Customer 03357,customer03357@example.invalid,USA,2024-01-07,Basic,19307.19
3358,Synthetic Customer 03358,customer03358@example.invalid,USA,2023-07-18,Standard,4414.39
3359,Synthetic Customer 03359,customer03359@example.invalid,Canada,2024-07-09,Basic,7154.44
3360,Synthetic Customer 03360,customer03360@example.invalid,India,2024-04-20,Basic,700.73
3361,Synthetic Customer 03361,customer03361@example.invalid,Australia,2020-04-08,Standard,10644.67
3362,Synthetic Customer 03362,customer03362@example.invalid,Australia,2021-11-13,Standard,17764.28
3363,Synthetic Customer 03363,customer03363@example.invalid,UK,2025-01-23,Standard,19414.49
3364,Synthetic Customer 03364,customer03364@example.invalid,India,2024-10-10,Basic,4231.97
3365,Synthetic Customer 03365,customer03365@example.invalid,Canada,2020-06-24,Basic,5693.00
3366,Synthetic Customer 03366,customer03366@example.invalid,Germany,2025-08-27,Basic,16213.37
3367,Synthetic Customer 03367,customer03367@example.invalid,Australia,2022-07-11,Premium,15895.96
3368,Synthetic Customer 03368,customer03368@example.invalid,USA,2023-11-26,Standard,11157.83
3369,Synthetic Customer 03369,customer03369@example.invalid,USA,2023-03-04,Premium,3108.99
3370,Synthetic Customer 03370,customer03370@example.invalid,UK,2025-04-28,Premium,4651.02
3371,Synthetic Customer 03371,customer03371@example.invalid,India,2022-10-15,Premium,17094.88
3372,Synthetic Customer 03372,customer03372@example.invalid,Canada,2023-05-16,Standard,8899.62
3373,Synthetic Customer 03373,customer03373@example.invalid,Singapore,2023-08-26,Basic,19612.78
3374,Synthetic Customer 03374,customer03374@example.invalid,USA,2021-12-29,Basic,13694.04
3375,Synthetic Customer 03375,customer03375@example.invalid,Australia,2021-07-11,Basic,14067.53
3376,Synthetic Customer 03376,customer03376@example.invalid,Singapore,2022-02-25,Basic,7541.14
3377,Synthetic Customer 03377,customer03377@example.invalid,Singapore,2021-10-16,Standard,18976.98
3378,Synthetic Customer 03378,customer03378@example.invalid,Australia,2024-12-22,Standard,18213.90
3379,Synthetic Customer 03379,customer03379@example.invalid,India,2020-08-12,Standard,14599.11
3380,Synthetic Customer 03380,customer03380@example.invalid,Canada,2025-08-10,Standard,9101.27
3381,Synthetic Customer 03381,customer03381@example.invalid,Germany,2025-06-04,Standard,2857.90
3382,Synthetic Customer 03382,customer03382@example.invalid,Germany,2021-11-07,Premium,3969.06
3383,Synthetic Customer 03383,customer03383@example.invalid,Singapore,2025-10-31,Standard,6706.52
3384,Synthetic Customer 03384,customer03384@example.invalid,Canada,2020-10-18,Premium,13777.82
3385,Synthetic Customer 03385,customer03385@example.invalid,USA,2022-07-29,Standard,7029.76
3386,Synthetic Customer 03386,customer03386@example.invalid,Australia,2022-01-18,Basic,15450.82
3387,Synthetic Customer 03387,customer03387@example.invalid,Australia,2022-11-14,Standard,5906.40
3388,Synthetic Customer 03388,customer03388@example.invalid,Australia,2025-02-26,Standard,14933.08
3389,Synthetic Customer 03389,customer03389@example.invalid,Singapore,2021-11-15,Premium,11931.10
3390,Synthetic Customer 03390,customer03390@example.invalid,USA,2025-03-06,Standard,9104.62
3391,Synthetic Customer 03391,customer03391@example.invalid,India,2025-03-11,Basic,5686.00
3392,Synthetic Customer 03392,customer03392@example.invalid,Canada,2020-12-01,Premium,9775.23
3393,Synthetic Customer 03393,customer03393@example.invalid,Germany,2022-03-17,Premium,7303.94
3394,Synthetic Customer 03394,customer03394@example.invalid,Germany,2021-04-02,Premium,18032.18
3395,Synthetic Customer 03395,customer03395@example.invalid,Australia,2025-02-20,Basic,1297.65
3396,Synthetic Customer 03396,customer03396@example.invalid,Australia,2023-10-06,Standard,9350.72
3397,Synthetic Customer 03397,customer03397@example.invalid,USA,2020-11-05,Basic,4666.83
3398,Synthetic Customer 03398,customer03398@example.invalid,Canada,2020-09-19,Basic,8194.44
3399,Synthetic Customer 03399,customer03399@example.invalid,Singapore,2022-01-26,Basic,2590.71
3400,Synthetic Customer 03400,customer03400@example.invalid,USA,2021-07-21,Standard,13887.91
3401,Synthetic Customer 03401,customer03401@example.invalid,Canada,2022-01-11,Premium,11498.48
3402,Synthetic Customer 03402,customer03402@example.invalid,Germany,2022-05-16,Premium,-100.00
3403,Synthetic Customer 03403,customer03403@example.invalid,Germany,2020-02-17,Premium,18250.05
3404,Synthetic Customer 03404,customer03404@example.invalid,Germany,2024-03-30,Standard,5699.66
3405,Synthetic Customer 03405,customer03405@example.invalid,UK,2023-01-10,Premium,302.77
3406,Synthetic Customer 03406,customer03406@example.invalid,Canada,2021-04-07,Premium,12529.50
3407,Synthetic Customer 03407,customer03407@example.invalid,Australia,2022-11-25,Premium,17137.65
3408,Synthetic Customer 03408,customer03408@example.invalid,Germany,2020-06-18,Basic,615.99
3409,Synthetic Customer 03409,customer03409@example.invalid,Germany,2020-04-10,Standard,6630.71
3410,Synthetic Customer 03410,customer03410@example.invalid,India,2024-05-12,Standard,15769.25
3411,Synthetic Customer 03411,customer03411@example.invalid,India,2021-03-31,Premium,2828.83
3412,Synthetic Customer 03412,customer03412@example.invalid,Germany,2021-10-06,Basic,10137.98
3413,Synthetic Customer 03413,customer03413@example.invalid,UK,2023-07-15,Premium,9400.85
3414,Synthetic Customer 03414,customer03414@example.invalid,Germany,2022-03-28,Premium,12492.94
3415,Synthetic Customer 03415,customer03415@example.invalid,Singapore,2020-06-30,Standard,9853.67
3416,Synthetic Customer 03416,customer03416@example.invalid,USA,2024-05-16,Premium,5972.63
3417,Synthetic Customer 03417,customer03417@example.invalid,Singapore,2023-10-04,Premium,8954.37
3418,Synthetic Customer 03418,customer03418@example.invalid,UK,2024-08-30,Premium,11184.96
3419,Synthetic Customer 03419,customer03419@example.invalid,India,2021-10-23,Premium,5153.38
3420,Synthetic Customer 03420,customer03420@example.invalid,Canada,2021-03-30,Basic,13330.65
3421,Synthetic Customer 03421,customer03421@example.invalid,Australia,2025-12-12,Standard,14308.92
3422,Synthetic Customer 03422,customer03422@example.invalid,UK,2023-06-09,Basic,11044.41
3423,Synthetic Customer 03423,customer03423@example.invalid,India,2020-06-01,Premium,3260.92
3424,Synthetic Customer 03424,customer03424@example.invalid,USA,2023-08-14,Premium,3607.53
3425,Synthetic Customer 03425,customer03425@example.invalid,Germany,2021-02-25,Premium,16762.18
3426,Synthetic Customer 03426,customer03426@example.invalid,Singapore,2025-12-26,Premium,13716.04
3427,Synthetic Customer 03427,customer03427@example.invalid,Canada,2022-10-11,Basic,16431.20
3428,Synthetic Customer 03428,customer03428@example.invalid,UK,2021-10-24,Premium,4470.94
3429,Synthetic Customer 03429,customer03429@example.invalid,UK,2020-09-20,Premium,7345.74
3430,Synthetic Customer 03430,customer03430@example.invalid,Canada,2023-01-30,Basic,13139.57
3431,Synthetic Customer 03431,customer03431@example.invalid,UK,2020-12-10,Premium,5736.99
3432,Synthetic Customer 03432,customer03432@example.invalid,Canada,2020-12-31,Standard,7340.99
3433,Synthetic Customer 03433,customer03433@example.invalid,Australia,2025-12-24,Basic,5836.37
3434,Synthetic Customer 03434,customer03434@example.invalid,Canada,2025-11-11,Standard,16259.14
3435,Synthetic Customer 03435,customer03435@example.invalid,Australia,2020-06-15,Premium,1554.87
3436,Synthetic Customer 03436,customer03436@example.invalid,Germany,2025-06-12,Basic,12140.00
3437,Synthetic Customer 03437,customer03437@example.invalid,USA,2022-06-15,Standard,4405.45
3438,Synthetic Customer 03438,customer03438@example.invalid,UK,2022-04-17,Basic,11888.20
3439,Synthetic Customer 03439,customer03439@example.invalid,Australia,2021-01-21,Basic,17665.33
3440,Synthetic Customer 03440,customer03440@example.invalid,Australia,2020-05-05,Standard,3383.01
3441,Synthetic Customer 03441,customer03441@example.invalid,Canada,2020-02-05,Basic,5023.20
3442,Synthetic Customer 03442,customer03442@example.invalid,India,2024-11-22,Premium,14344.60
3443,Synthetic Customer 03443,customer03443@example.invalid,Germany,2023-07-22,Basic,10720.18
3444,Synthetic Customer 03444,customer03444@example.invalid,USA,2022-02-20,Premium,10575.32
3445,Synthetic Customer 03445,customer03445@example.invalid,Germany,2023-06-22,Basic,12293.87
3446,Synthetic Customer 03446,customer03446@example.invalid,Germany,2020-02-28,Premium,14483.88
3447,Synthetic Customer 03447,customer03447@example.invalid,Canada,2023-06-07,Basic,9226.31
3448,Synthetic Customer 03448,customer03448@example.invalid,Germany,2022-09-27,Premium,6854.73
3449,Synthetic Customer 03449,customer03449@example.invalid,India,2023-07-10,Premium,7912.40
3450,Synthetic Customer 03450,customer03450@example.invalid,Canada,2022-11-29,Basic,11938.65
3451,Synthetic Customer 03451,customer03451@example.invalid,UK,2020-05-11,Premium,14854.14
3452,Synthetic Customer 03452,customer03452@example.invalid,USA,2020-08-23,Premium,4170.66
3453,Synthetic Customer 03453,customer03453@example.invalid,USA,2022-06-26,Basic,12859.08
3454,Synthetic Customer 03454,customer03454@example.invalid,Singapore,2021-12-06,Premium,8889.81
3455,Synthetic Customer 03455,customer03455@example.invalid,Germany,2022-05-26,Standard,978.78
3456,Synthetic Customer 03456,customer03456@example.invalid,India,2025-10-14,Premium,10487.45
3457,Synthetic Customer 03457,customer03457@example.invalid,Singapore,2024-05-20,Basic,1723.62
3458,Synthetic Customer 03458,customer03458@example.invalid,Australia,2023-06-03,Standard,5872.21
3459,Synthetic Customer 03459,customer03459@example.invalid,Singapore,2023-10-08,Standard,17459.85
3460,Synthetic Customer 03460,customer03460@example.invalid,Canada,2021-03-05,Standard,15983.24
3461,Synthetic Customer 03461,customer03461@example.invalid,Canada,2021-03-13,Basic,912.23
3462,Synthetic Customer 03462,customer03462@example.invalid,Canada,2020-01-07,Standard,8221.96
3463,Synthetic Customer 03463,customer03463@example.invalid,UK,2022-11-07,Standard,5585.48
3464,Synthetic Customer 03464,customer03464@example.invalid,India,2023-03-05,Premium,15696.11
3465,Synthetic Customer 03465,customer03465@example.invalid,India,2022-04-26,Basic,3855.10
3466,Synthetic Customer 03466,customer03466@example.invalid,Canada,2023-12-22,Standard,6048.64
3467,Synthetic Customer 03467,customer03467@example.invalid,Canada,2022-04-14,Standard,8203.41
3468,Synthetic Customer 03468,customer03468@example.invalid,Singapore,2023-09-03,Premium,15329.36
3469,Synthetic Customer 03469,customer03469@example.invalid,Singapore,2024-05-04,Standard,13251.07
3470,Synthetic Customer 03470,customer03470@example.invalid,Germany,2020-05-23,Basic,9550.78
3471,Synthetic Customer 03471,customer03471@example.invalid,Canada,2024-06-28,Basic,8346.51
3472,Synthetic Customer 03472,customer03472@example.invalid,Germany,2022-05-21,Premium,16069.11
3473,Synthetic Customer 03473,customer03473@example.invalid,UK,2020-10-31,Premium,3175.53
3474,Synthetic Customer 03474,customer03474@example.invalid,USA,2021-03-25,Premium,15907.63
3475,Synthetic Customer 03475,customer03475@example.invalid,Canada,2020-06-19,Basic,8363.55
3476,Synthetic Customer 03476,customer03476@example.invalid,Germany,2022-08-29,Premium,11131.80
3477,Synthetic Customer 03477,customer03477@example.invalid,India,2025-06-19,Standard,2997.76
3478,Synthetic Customer 03478,customer03478@example.invalid,USA,2021-10-31,Standard,7826.18
3479,Synthetic Customer 03479,customer03479@example.invalid,Canada,2023-08-14,Basic,694.73
3480,Synthetic Customer 03480,customer03480@example.invalid,Singapore,2023-08-27,Standard,1560.22
3481,Synthetic Customer 03481,customer03481@example.invalid,India,2021-11-29,Premium,4597.34
3482,Synthetic Customer 03482,customer03482@example.invalid,Germany,2021-09-05,Standard,13854.24
3483,Synthetic Customer 03483,customer03483@example.invalid,Singapore,2025-01-18,Standard,8173.54
3484,Synthetic Customer 03484,customer03484@example.invalid,UK,2023-01-02,Premium,2953.08
3485,Synthetic Customer 03485,customer03485@example.invalid,Canada,2022-11-03,Basic,12812.23
3486,Synthetic Customer 03486,customer03486@example.invalid,India,2021-08-27,Premium,15873.35
3487,Synthetic Customer 03487,customer03487@example.invalid,UK,2020-07-06,Premium,16162.32
3488,Synthetic Customer 03488,customer03488@example.invalid,Australia,2022-10-03,Basic,17019.11
3489,Synthetic Customer 03489,customer03489@example.invalid,Singapore,2020-10-14,Basic,5649.10
3490,Synthetic Customer 03490,customer03490@example.invalid,Germany,2020-06-04,Premium,18418.80
3491,Synthetic Customer 03491,customer03491@example.invalid,India,2020-06-24,Premium,16936.05
3492,Synthetic Customer 03492,customer03492@example.invalid,USA,2021-06-10,Premium,4387.01
3493,Synthetic Customer 03493,customer03493@example.invalid,India,2025-12-06,Premium,15547.93
3494,Synthetic Customer 03494,customer03494@example.invalid,Germany,2023-02-20,Basic,5648.15
3495,Synthetic Customer 03495,customer03495@example.invalid,India,2021-05-15,Premium,3203.06
3496,Synthetic Customer 03496,customer03496@example.invalid,USA,2022-10-21,Premium,17215.33
3497,Synthetic Customer 03497,customer03497@example.invalid,Australia,2025-08-04,Premium,614.87
3498,Synthetic Customer 03498,customer03498@example.invalid,Canada,2024-02-09,Standard,13735.90
3499,Synthetic Customer 03499,customer03499@example.invalid,USA,2025-09-18,Basic,16797.91
3500,Synthetic Customer 03500,customer03500@example.invalid,India,2022-10-28,Standard,3604.93
3501,Synthetic Customer 03501,customer03501@example.invalid,Singapore,2020-04-28,Standard,13327.18
3502,Synthetic Customer 03502,customer03502@example.invalid,USA,2020-06-03,Basic,17134.51
3503,Synthetic Customer 03503,customer03503@example.invalid,Australia,2022-04-30,Basic,6284.63
3504,Synthetic Customer 03504,customer03504@example.invalid,Australia,2020-10-24,Standard,18618.27
3505,Synthetic Customer 03505,customer03505@example.invalid,Australia,2025-02-24,Basic,17689.10
3506,Synthetic Customer 03506,customer03506@example.invalid,Canada,2024-11-27,Basic,8023.95
3507,Synthetic Customer 03507,customer03507@example.invalid,Singapore,2023-10-03,Premium,12447.94
3508,Synthetic Customer 03508,customer03508@example.invalid,Germany,2025-05-31,Premium,6424.73
3509,Synthetic Customer 03509,customer03509@example.invalid,Canada,2020-08-06,Premium,651.98
3510,Synthetic Customer 03510,customer03510@example.invalid,Canada,2024-12-04,Basic,5900.17
3511,Synthetic Customer 03511,customer03511@example.invalid,Germany,2025-08-15,Basic,10422.03
3512,Synthetic Customer 03512,customer03512@example.invalid,UK,2022-05-15,Standard,692.35
3513,Synthetic Customer 03513,customer03513@example.invalid,Australia,2025-10-15,Basic,19058.49
3514,Synthetic Customer 03514,customer03514@example.invalid,USA,2021-06-14,Premium,57.53
3515,Synthetic Customer 03515,customer03515@example.invalid,Australia,2025-01-26,Basic,5058.55
3516,Synthetic Customer 03516,customer03516@example.invalid,Germany,2020-02-07,Premium,17594.58
3517,Synthetic Customer 03517,customer03517@example.invalid,Australia,2023-07-21,Premium,12794.38
3518,Synthetic Customer 03518,customer03518@example.invalid,Singapore,2020-08-26,Standard,18358.44
3519,Synthetic Customer 03519,customer03519@example.invalid,Germany,2025-08-05,Standard,10201.04
3520,Synthetic Customer 03520,customer03520@example.invalid,Canada,2023-02-01,Basic,9547.77
3521,Synthetic Customer 03521,customer03521@example.invalid,India,2024-07-28,Basic,94.56
3522,Synthetic Customer 03522,customer03522@example.invalid,Australia,2025-04-09,Premium,18536.14
3523,Synthetic Customer 03523,customer03523@example.invalid,India,2020-03-27,Basic,3459.42
3524,Synthetic Customer 03524,customer03524@example.invalid,Singapore,2022-09-14,Basic,11737.53
3525,Synthetic Customer 03525,customer03525@example.invalid,India,2023-11-16,Standard,6741.55
3526,Synthetic Customer 03526,customer03526@example.invalid,Germany,2023-08-18,Basic,8260.39
3527,Synthetic Customer 03527,customer03527@example.invalid,UK,2022-02-08,Basic,19450.31
3528,Synthetic Customer 03528,customer03528@example.invalid,USA,2021-04-12,Premium,3392.86
3529,Synthetic Customer 03529,customer03529@example.invalid,Singapore,2020-12-27,Standard,4272.70
3530,Synthetic Customer 03530,customer03530@example.invalid,Singapore,2020-04-09,Standard,17330.40
3531,Synthetic Customer 03531,customer03531@example.invalid,Singapore,2022-06-29,Standard,14832.34
3532,Synthetic Customer 03532,customer03532@example.invalid,UK,2023-12-20,Standard,16913.93
3533,Synthetic Customer 03533,customer03533@example.invalid,Germany,2025-02-22,Basic,4075.51
3534,Synthetic Customer 03534,customer03534@example.invalid,USA,2023-12-14,Premium,17119.54
3535,Synthetic Customer 03535,customer03535@example.invalid,India,2024-08-18,Standard,17991.34
3536,Synthetic Customer 03536,customer03536@example.invalid,UK,2021-10-02,Premium,3965.65
3537,Synthetic Customer 03537,customer03537@example.invalid,USA,2022-03-03,Basic,9955.22
3538,Synthetic Customer 03538,customer03538@example.invalid,India,2024-03-26,Basic,2901.64
3539,Synthetic Customer 03539,customer03539@example.invalid,UK,2025-09-24,Standard,12530.66
3540,Synthetic Customer 03540,customer03540@example.invalid,India,2025-11-08,Premium,8584.13
3541,Synthetic Customer 03541,customer03541@example.invalid,Australia,2024-01-19,Basic,5188.46
3542,Synthetic Customer 03542,customer03542@example.invalid,USA,2020-03-17,Standard,10732.11
3543,Synthetic Customer 03543,customer03543@example.invalid,Australia,2022-02-22,Basic,18669.23
3544,Synthetic Customer 03544,customer03544@example.invalid,Singapore,2022-06-05,Standard,11766.17
3545,Synthetic Customer 03545,customer03545@example.invalid,USA,2023-11-14,Basic,11694.58
3546,Synthetic Customer 03546,customer03546@example.invalid,USA,2022-01-22,Premium,4112.17
3547,Synthetic Customer 03547,customer03547@example.invalid,UK,2022-08-07,Premium,19953.27
3548,Synthetic Customer 03548,customer03548@example.invalid,India,2021-04-08,Basic,8039.87
3549,Synthetic Customer 03549,customer03549@example.invalid,Australia,2024-06-09,Premium,6896.11
3550,Synthetic Customer 03550,customer03550@example.invalid,India,2022-03-22,Standard,2111.02
3551,Synthetic Customer 03551,customer03551@example.invalid,USA,2021-08-25,Premium,3932.96
3552,Synthetic Customer 03552,customer03552@example.invalid,Australia,2023-12-25,Premium,11482.11
3553,Synthetic Customer 03553,customer03553@example.invalid,Australia,2025-05-23,Basic,7066.75
3554,Synthetic Customer 03554,customer03554@example.invalid,India,2021-11-13,Premium,12448.13
3555,Synthetic Customer 03555,customer03555@example.invalid,Australia,2024-05-15,Standard,8442.11
3556,Synthetic Customer 03556,customer03556@example.invalid,Australia,2025-10-03,Basic,15307.12
3557,Synthetic Customer 03557,customer03557@example.invalid,USA,2020-07-25,Premium,11747.11
3558,Synthetic Customer 03558,customer03558@example.invalid,Singapore,2024-11-17,Premium,5950.04
3559,Synthetic Customer 03559,customer03559@example.invalid,India,2021-12-11,Basic,9971.17
3560,Synthetic Customer 03560,customer03560@example.invalid,Singapore,2022-04-30,Premium,6366.75
3561,Synthetic Customer 03561,customer03561@example.invalid,Australia,2023-10-17,Basic,9476.32
3562,Synthetic Customer 03562,customer03562@example.invalid,Singapore,2024-07-24,Standard,5025.95
3563,Synthetic Customer 03563,customer03563@example.invalid,Canada,2023-07-09,Premium,2807.06
3564,Synthetic Customer 03564,customer03564@example.invalid,India,2023-08-13,Premium,1545.02
3565,Synthetic Customer 03565,customer03565@example.invalid,India,2020-12-22,Premium,5107.76
3566,Synthetic Customer 03566,customer03566@example.invalid,UK,2024-02-10,Premium,7038.13
3567,Synthetic Customer 03567,customer03567@example.invalid,Singapore,2021-10-26,Basic,4395.75
3568,Synthetic Customer 03568,customer03568@example.invalid,Singapore,2020-08-01,Premium,4483.44
3569,Synthetic Customer 03569,customer03569@example.invalid,Germany,2023-09-11,Standard,1997.91
3570,Synthetic Customer 03570,customer03570@example.invalid,Canada,2023-05-28,Standard,15975.19
3571,Synthetic Customer 03571,customer03571@example.invalid,Canada,2024-01-16,Standard,16492.39
3572,Synthetic Customer 03572,customer03572@example.invalid,Australia,2021-07-09,Basic,11352.87
3573,Synthetic Customer 03573,customer03573@example.invalid,Canada,2024-11-30,Premium,4360.21
3574,Synthetic Customer 03574,customer03574@example.invalid,Germany,2025-11-03,Basic,11194.30
3575,Synthetic Customer 03575,customer03575@example.invalid,UK,2021-07-25,Standard,10990.05
3576,Synthetic Customer 03576,customer03576@example.invalid,Australia,2021-02-12,Premium,18562.30
3577,Synthetic Customer 03577,customer03577@example.invalid,India,2020-10-08,Basic,17969.00
3578,Synthetic Customer 03578,customer03578@example.invalid,UK,2021-02-25,Premium,18256.52
3579,Synthetic Customer 03579,customer03579@example.invalid,Germany,2025-06-19,Basic,14310.62
3580,Synthetic Customer 03580,customer03580@example.invalid,USA,2022-10-02,Premium,17529.05
3581,Synthetic Customer 03581,customer03581@example.invalid,UK,2020-04-21,Standard,17288.68
3582,Synthetic Customer 03582,customer03582@example.invalid,Canada,2025-11-08,Premium,11435.88
3583,Synthetic Customer 03583,customer03583@example.invalid,Australia,2024-03-30,Premium,7622.06
3584,Synthetic Customer 03584,customer03584@example.invalid,India,2023-04-01,Standard,7464.64
3585,Synthetic Customer 03585,customer03585@example.invalid,USA,2023-08-08,Premium,4700.85
3586,Synthetic Customer 03586,customer03586@example.invalid,India,2025-07-22,Premium,12806.12
3587,Synthetic Customer 03587,customer03587@example.invalid,Australia,2024-03-01,Basic,8756.73
3588,Synthetic Customer 03588,customer03588@example.invalid,India,2025-04-24,Basic,4577.84
3589,Synthetic Customer 03589,customer03589@example.invalid,USA,2024-02-02,Premium,6494.53
3590,Synthetic Customer 03590,customer03590@example.invalid,Canada,2023-01-06,Basic,3536.55
3591,Synthetic Customer 03591,customer03591@example.invalid,India,2023-11-04,Basic,13000.18
3592,Synthetic Customer 03592,customer03592@example.invalid,Germany,2022-09-01,Basic,16935.27
3593,Synthetic Customer 03593,customer03593@example.invalid,Germany,2024-06-07,Premium,5517.98
3594,Synthetic Customer 03594,customer03594@example.invalid,Singapore,2025-05-15,Standard,13492.69
3595,Synthetic Customer 03595,customer03595@example.invalid,India,2023-06-12,Standard,3520.19
3596,Synthetic Customer 03596,customer03596@example.invalid,Australia,2023-06-12,Basic,16616.58
3597,Synthetic Customer 03597,customer03597@example.invalid,India,2021-01-22,Premium,7487.66
3598,Synthetic Customer 03598,customer03598@example.invalid,USA,2024-03-08,Premium,14353.68
3599,Synthetic Customer 03599,customer03599@example.invalid,Germany,2020-02-14,Standard,3677.99
3600,Synthetic Customer 03600,customer03600@example.invalid,Canada,2024-03-12,Premium,3705.81
3601,Synthetic Customer 03601,customer03601@example.invalid,Australia,2025-06-02,Premium,7121.50
3602,Synthetic Customer 03602,customer03602@example.invalid,UK,2024-05-11,Basic,1454.79
3603,Synthetic Customer 03603,customer03603@example.invalid,Australia,2021-04-01,Basic,5011.03
3604,Synthetic Customer 03604,customer03604@example.invalid,UK,2020-03-03,Premium,15576.03
3605,Synthetic Customer 03605,customer03605@example.invalid,Singapore,2023-05-25,Basic,15692.35
3606,Synthetic Customer 03606,customer03606@example.invalid,India,2020-09-14,Standard,4534.69
3607,Synthetic Customer 03607,customer03607@example.invalid,Singapore,2024-10-15,Basic,7549.04
3608,Synthetic Customer 03608,customer03608@example.invalid,UK,2022-03-11,Premium,5750.86
3609,Synthetic Customer 03609,customer03609@example.invalid,Singapore,2024-11-27,Premium,16776.42
3610,Synthetic Customer 03610,customer03610@example.invalid,Canada,2023-03-06,Basic,14896.20
3611,Synthetic Customer 03611,customer03611@example.invalid,USA,2021-08-28,Basic,15053.13
3612,Synthetic Customer 03612,customer03612@example.invalid,Canada,2023-06-10,Premium,17808.08
3613,Synthetic Customer 03613,customer03613@example.invalid,Canada,2025-02-22,Basic,5814.59
3614,Synthetic Customer 03614,customer03614@example.invalid,USA,2024-09-16,Basic,18420.98
3615,Synthetic Customer 03615,customer03615@example.invalid,Germany,2025-10-02,Standard,16281.57
3616,Synthetic Customer 03616,customer03616@example.invalid,UK,2022-08-17,Basic,1117.22
3617,Synthetic Customer 03617,customer03617@example.invalid,Germany,2024-01-26,Premium,2900.58
3618,Synthetic Customer 03618,customer03618@example.invalid,Germany,2023-11-20,Standard,18453.57
3619,Synthetic Customer 03619,customer03619@example.invalid,UK,2025-04-18,Basic,13096.97
3620,Synthetic Customer 03620,customer03620@example.invalid,Singapore,2024-10-12,Premium,929.62
3621,Synthetic Customer 03621,customer03621@example.invalid,India,2022-06-17,Standard,3487.43
3622,Synthetic Customer 03622,customer03622@example.invalid,Canada,2022-06-07,Basic,14816.58
3623,Synthetic Customer 03623,customer03623@example.invalid,Canada,2021-05-02,Standard,12348.15
3624,Synthetic Customer 03624,customer03624@example.invalid,UK,2025-11-17,Premium,14987.59
3625,Synthetic Customer 03625,customer03625@example.invalid,Germany,2024-01-02,Premium,7386.57
3626,Synthetic Customer 03626,customer03626@example.invalid,UK,2021-07-17,Standard,6814.55
3627,Synthetic Customer 03627,customer03627@example.invalid,India,2020-01-01,Basic,6158.18
3628,Synthetic Customer 03628,customer03628@example.invalid,UK,2025-02-17,Premium,2264.40
3629,Synthetic Customer 03629,customer03629@example.invalid,Singapore,2021-08-12,Premium,10158.14
3630,Synthetic Customer 03630,customer03630@example.invalid,Germany,2025-12-01,Standard,13840.42
3631,Synthetic Customer 03631,customer03631@example.invalid,Australia,2020-08-12,Premium,13878.92
3632,Synthetic Customer 03632,customer03632@example.invalid,Singapore,2024-02-14,Basic,640.39
3633,Synthetic Customer 03633,customer03633@example.invalid,Germany,2025-10-27,Premium,17513.85
3634,Synthetic Customer 03634,customer03634@example.invalid,UK,2023-03-27,Premium,1539.88
3635,Synthetic Customer 03635,customer03635@example.invalid,India,2024-04-11,Standard,8838.72
3636,Synthetic Customer 03636,customer03636@example.invalid,India,2025-11-18,Standard,3300.98
3637,Synthetic Customer 03637,customer03637@example.invalid,Australia,2024-10-11,Premium,17422.27
3638,Synthetic Customer 03638,customer03638@example.invalid,UK,2021-06-23,Premium,17848.64
3639,Synthetic Customer 03639,customer03639@example.invalid,Singapore,2025-12-25,Standard,17154.26
3640,Synthetic Customer 03640,customer03640@example.invalid,Singapore,2022-07-04,Basic,7759.64
3641,Synthetic Customer 03641,customer03641@example.invalid,Canada,2024-11-12,Standard,4967.98
3642,Synthetic Customer 03642,customer03642@example.invalid,Germany,2021-04-18,Premium,17004.13
3643,Synthetic Customer 03643,customer03643@example.invalid,Singapore,2022-07-19,Standard,11751.43
3644,Synthetic Customer 03644,customer03644@example.invalid,Canada,2025-03-23,Basic,9200.04
3645,Synthetic Customer 03645,customer03645@example.invalid,USA,2021-03-06,Premium,559.47
3646,Synthetic Customer 03646,customer03646@example.invalid,Australia,2021-06-12,Standard,9816.13
3647,Synthetic Customer 03647,customer03647@example.invalid,USA,2022-12-12,Basic,5940.99
3648,Synthetic Customer 03648,customer03648@example.invalid,India,2025-11-08,Premium,10106.48
3649,Synthetic Customer 03649,customer03649@example.invalid,UK,2023-07-20,Standard,18939.09
3650,Synthetic Customer 03650,customer03650@example.invalid,Canada,2025-02-21,Basic,8428.60
3651,Synthetic Customer 03651,customer03651@example.invalid,Australia,2025-08-09,Basic,6136.34
3652,Synthetic Customer 03652,customer03652@example.invalid,UK,2022-03-06,Standard,17922.08
3653,Synthetic Customer 03653,customer03653@example.invalid,India,2022-05-02,Basic,2193.17
3654,Synthetic Customer 03654,customer03654@example.invalid,Australia,2024-09-10,Standard,13206.16
3655,Synthetic Customer 03655,customer03655@example.invalid,Australia,2024-01-18,Premium,2096.03
3656,Synthetic Customer 03656,customer03656@example.invalid,Australia,2025-04-21,Standard,10594.80
3657,Synthetic Customer 03657,customer03657@example.invalid,Australia,2024-12-07,Premium,11911.46
3658,Synthetic Customer 03658,customer03658@example.invalid,India,2022-12-07,Standard,10801.76
3659,Synthetic Customer 03659,customer03659@example.invalid,Canada,2021-09-05,Standard,16670.52
3660,Synthetic Customer 03660,customer03660@example.invalid,Singapore,2020-02-16,Basic,11541.59
3661,Synthetic Customer 03661,customer03661@example.invalid,USA,2022-03-26,Standard,2615.55
3662,Synthetic Customer 03662,customer03662@example.invalid,India,2021-11-21,Premium,16630.83
3663,Synthetic Customer 03663,customer03663@example.invalid,Australia,2021-11-28,Standard,2624.20
3664,Synthetic Customer 03664,customer03664@example.invalid,Singapore,2022-03-14,Basic,2868.79
3665,Synthetic Customer 03665,customer03665@example.invalid,UK,2021-05-30,Premium,2111.24
3666,Synthetic Customer 03666,customer03666@example.invalid,India,2024-03-02,Standard,6056.93
3667,Synthetic Customer 03667,customer03667@example.invalid,India,2024-07-14,Standard,16724.47
3668,Synthetic Customer 03668,customer03668@example.invalid,Germany,2024-04-12,Premium,16875.18
3669,Synthetic Customer 03669,customer03669@example.invalid,Singapore,2023-04-26,Standard,7974.27
3670,Synthetic Customer 03670,customer03670@example.invalid,USA,2022-12-18,Basic,14602.33
3671,Synthetic Customer 03671,customer03671@example.invalid,Singapore,2023-09-18,Basic,15045.15
3672,Synthetic Customer 03672,customer03672@example.invalid,Canada,2023-05-26,Basic,17655.80
3673,Synthetic Customer 03673,customer03673@example.invalid,India,2020-01-25,Basic,15382.92
3674,Synthetic Customer 03674,customer03674@example.invalid,Germany,2023-01-19,Standard,11164.15
3675,Synthetic Customer 03675,customer03675@example.invalid,Germany,2021-07-15,Basic,6146.91
3676,Synthetic Customer 03676,customer03676@example.invalid,Canada,2020-06-13,Premium,13864.82
3677,Synthetic Customer 03677,customer03677@example.invalid,USA,2021-02-03,Standard,18761.06
3678,Synthetic Customer 03678,customer03678@example.invalid,UK,2025-06-26,Basic,9040.88
3679,Synthetic Customer 03679,customer03679@example.invalid,Singapore,2021-07-25,Basic,18478.44
3680,Synthetic Customer 03680,customer03680@example.invalid,USA,2020-01-02,Standard,969.52
3681,Synthetic Customer 03681,customer03681@example.invalid,Germany,2025-10-15,Premium,476.12
3682,Synthetic Customer 03682,customer03682@example.invalid,India,2021-12-01,Premium,15268.62
3683,Synthetic Customer 03683,customer03683@example.invalid,Canada,2020-11-16,Basic,12481.16
3684,Synthetic Customer 03684,customer03684@example.invalid,UK,2024-02-20,Standard,19919.61
3685,Synthetic Customer 03685,customer03685@example.invalid,India,2021-03-28,Premium,12610.29
3686,Synthetic Customer 03686,customer03686@example.invalid,Canada,2020-05-01,Basic,18061.79
3687,Synthetic Customer 03687,customer03687@example.invalid,USA,2022-12-17,Basic,2439.58
3688,Synthetic Customer 03688,customer03688@example.invalid,Germany,2024-08-21,Basic,10729.84
3689,Synthetic Customer 03689,customer03689@example.invalid,Australia,2023-07-31,Premium,19988.72
3690,Synthetic Customer 03690,customer03690@example.invalid,UK,2021-08-22,Basic,742.07
3691,Synthetic Customer 03691,customer03691@example.invalid,Canada,2024-08-11,Standard,4507.68
3692,Synthetic Customer 03692,customer03692@example.invalid,India,2025-09-23,Standard,14308.16
3693,Synthetic Customer 03693,customer03693@example.invalid,USA,2021-11-02,Basic,795.78
3694,Synthetic Customer 03694,customer03694@example.invalid,Australia,2020-05-25,Basic,3365.59
3695,Synthetic Customer 03695,customer03695@example.invalid,India,2024-04-28,Basic,1477.95
3696,Synthetic Customer 03696,customer03696@example.invalid,India,2024-04-29,Basic,10820.58
3697,Synthetic Customer 03697,customer03697@example.invalid,India,2025-01-12,Premium,15959.06
3698,Synthetic Customer 03698,customer03698@example.invalid,Germany,2023-07-13,Standard,15991.45
3699,Synthetic Customer 03699,customer03699@example.invalid,Singapore,2020-11-02,Basic,7719.98
3700,Synthetic Customer 03700,customer03700@example.invalid,Canada,2021-09-18,Standard,194.88
3701,Synthetic Customer 03701,customer03701@example.invalid,UK,2022-05-02,Premium,2577.80
3702,Synthetic Customer 03702,customer03702@example.invalid,Singapore,2022-02-13,Standard,9631.56
3703,Synthetic Customer 03703,customer03703@example.invalid,Germany,2021-12-12,Standard,9695.49
3704,Synthetic Customer 03704,customer03704@example.invalid,Australia,2024-01-11,Basic,4350.29
3705,Synthetic Customer 03705,customer03705@example.invalid,Singapore,2025-12-24,Standard,11424.00
3706,Synthetic Customer 03706,customer03706@example.invalid,USA,2025-12-08,Standard,4719.23
3707,Synthetic Customer 03707,customer03707@example.invalid,USA,2020-03-12,Premium,10027.71
3708,Synthetic Customer 03708,customer03708@example.invalid,India,2025-07-27,Basic,18539.05
3709,Synthetic Customer 03709,customer03709@example.invalid,Australia,2025-05-03,Premium,2125.98
3710,Synthetic Customer 03710,customer03710@example.invalid,Germany,2025-07-27,Basic,5009.37
3711,Synthetic Customer 03711,customer03711@example.invalid,USA,2024-02-06,Standard,3064.12
3712,Synthetic Customer 03712,customer03712@example.invalid,UK,2020-03-13,Basic,18416.80
3713,Synthetic Customer 03713,customer03713@example.invalid,USA,2024-11-23,Standard,8623.25
3714,Synthetic Customer 03714,customer03714@example.invalid,Australia,2020-07-05,Premium,4054.49
3715,Synthetic Customer 03715,customer03715@example.invalid,Australia,2025-06-14,Premium,12329.74
3716,Synthetic Customer 03716,customer03716@example.invalid,USA,2020-10-17,Basic,12694.89
3717,Synthetic Customer 03717,customer03717@example.invalid,USA,2024-06-17,Basic,12209.26
3718,Synthetic Customer 03718,customer03718@example.invalid,Canada,invalid-date,Standard,13094.34
3719,Synthetic Customer 03719,customer03719@example.invalid,Canada,2023-10-09,Basic,950.48
3720,Synthetic Customer 03720,customer03720@example.invalid,USA,2025-05-16,Basic,11049.10
3721,Synthetic Customer 03721,customer03721@example.invalid,USA,2020-10-29,Premium,19455.76
3722,Synthetic Customer 03722,customer03722@example.invalid,India,2023-01-08,Basic,18115.52
3723,Synthetic Customer 03723,customer03723@example.invalid,Singapore,2024-12-26,Premium,16300.63
3724,Synthetic Customer 03724,customer03724@example.invalid,UK,2021-03-09,Standard,4741.77
3725,Synthetic Customer 03725,customer03725@example.invalid,Australia,2022-05-14,Basic,16758.02
3726,Synthetic Customer 03726,customer03726@example.invalid,UK,2023-03-05,Premium,16193.06
3727,Synthetic Customer 03727,customer03727@example.invalid,Singapore,2024-07-07,Standard,2720.28
3728,Synthetic Customer 03728,customer03728@example.invalid,Australia,2023-02-07,Basic,14654.29
3729,Synthetic Customer 03729,customer03729@example.invalid,India,2025-03-28,Standard,13428.67
3730,Synthetic Customer 03730,customer03730@example.invalid,Canada,2025-09-01,Premium,118.75
3731,Synthetic Customer 03731,customer03731@example.invalid,USA,2024-01-04,Standard,15400.28
3732,Synthetic Customer 03732,customer03732@example.invalid,UK,2021-07-16,Standard,11370.30
3733,Synthetic Customer 03733,customer03733@example.invalid,Canada,2023-04-06,Basic,12098.17
3734,Synthetic Customer 03734,customer03734@example.invalid,India,2023-09-29,Standard,6141.91
3735,Synthetic Customer 03735,customer03735@example.invalid,Germany,2025-03-20,Premium,15216.78
3736,Synthetic Customer 03736,customer03736@example.invalid,UK,2022-08-04,Standard,4727.61
3737,Synthetic Customer 03737,customer03737@example.invalid,USA,2020-06-15,Standard,6376.62
3738,Synthetic Customer 03738,customer03738@example.invalid,Canada,2022-03-07,Standard,2079.85
3739,Synthetic Customer 03739,customer03739@example.invalid,USA,2024-05-23,Premium,9311.94
3740,Synthetic Customer 03740,customer03740@example.invalid,UK,2022-02-10,Standard,16312.55
3741,Synthetic Customer 03741,customer03741@example.invalid,Canada,2022-07-30,Premium,19658.62
3742,Synthetic Customer 03742,customer03742@example.invalid,Singapore,2021-04-19,Basic,16496.94
3743,Synthetic Customer 03743,customer03743@example.invalid,UK,2025-02-13,Basic,13012.94
3744,Synthetic Customer 03744,customer03744@example.invalid,India,2020-07-10,Premium,4152.18
3745,Synthetic Customer 03745,customer03745@example.invalid,Australia,2025-01-07,Basic,17706.92
3746,Synthetic Customer 03746,customer03746@example.invalid,Singapore,2021-08-30,Premium,14056.85
3747,Synthetic Customer 03747,customer03747@example.invalid,India,2024-11-20,Standard,16602.20
3748,Synthetic Customer 03748,customer03748@example.invalid,USA,2021-08-27,Premium,9764.92
3749,Synthetic Customer 03749,customer03749@example.invalid,Australia,2021-01-16,Premium,963.22
3750,Synthetic Customer 03750,customer03750@example.invalid,USA,2023-11-30,Basic,1448.67
3751,Synthetic Customer 03751,,USA,2022-04-18,Standard,17501.68
3752,Synthetic Customer 03752,customer03752@example.invalid,Australia,2022-05-24,Premium,1827.04
3753,Synthetic Customer 03753,customer03753@example.invalid,Australia,2024-08-06,Premium,9885.09
3754,Synthetic Customer 03754,customer03754@example.invalid,USA,2020-05-29,Basic,16004.16
3755,Synthetic Customer 03755,customer03755@example.invalid,Australia,2020-04-30,Basic,5227.07
3756,Synthetic Customer 03756,customer03756@example.invalid,Singapore,2024-07-07,Standard,1582.45
3757,Synthetic Customer 03757,customer03757@example.invalid,Canada,2020-10-08,Premium,4879.40
3758,Synthetic Customer 03758,customer03758@example.invalid,India,2023-02-20,Basic,15834.50
3759,Synthetic Customer 03759,customer03759@example.invalid,Singapore,2022-10-07,Standard,6086.01
3760,Synthetic Customer 03760,customer03760@example.invalid,Singapore,2024-12-18,Premium,8913.61
3761,Synthetic Customer 03761,customer03761@example.invalid,India,2023-05-15,Standard,15810.81
3762,Synthetic Customer 03762,customer03762@example.invalid,USA,2020-10-24,Standard,5930.45
3763,Synthetic Customer 03763,customer03763@example.invalid,USA,2025-12-27,Basic,602.69
3764,Synthetic Customer 03764,customer03764@example.invalid,Germany,2024-03-29,Premium,12626.35
3765,Synthetic Customer 03765,customer03765@example.invalid,India,2024-06-26,Standard,9239.66
3766,Synthetic Customer 03766,customer03766@example.invalid,USA,2025-06-20,Standard,16542.14
3767,Synthetic Customer 03767,customer03767@example.invalid,USA,2025-06-23,Standard,15995.00
3768,Synthetic Customer 03768,customer03768@example.invalid,Germany,2025-07-26,Standard,16198.30
3769,Synthetic Customer 03769,customer03769@example.invalid,India,2021-04-09,Standard,3579.09
3770,Synthetic Customer 03770,customer03770@example.invalid,Canada,2022-02-07,Standard,14899.94
3771,Synthetic Customer 03771,customer03771@example.invalid,Germany,2021-04-07,Basic,3174.92
3772,Synthetic Customer 03772,customer03772@example.invalid,USA,2023-06-25,Standard,15534.72
3773,Synthetic Customer 03773,customer03773@example.invalid,Germany,2025-11-14,Premium,749.87
3774,Synthetic Customer 03774,customer03774@example.invalid,Germany,2021-02-14,Basic,13278.67
3775,Synthetic Customer 03775,customer03775@example.invalid,Australia,2023-02-16,Basic,19315.97
3776,Synthetic Customer 03776,customer03776@example.invalid,Australia,2024-10-04,Premium,10090.21
3777,Synthetic Customer 03777,customer03777@example.invalid,Canada,2022-10-13,Standard,16533.20
3778,Synthetic Customer 03778,customer03778@example.invalid,Germany,2021-08-19,Basic,12580.87
3779,Synthetic Customer 03779,customer03779@example.invalid,UK,2024-11-16,Basic,8433.62
3780,Synthetic Customer 03780,customer03780@example.invalid,Australia,2023-09-04,Basic,1804.53
3781,Synthetic Customer 03781,customer03781@example.invalid,Germany,2024-11-15,Premium,3971.65
3782,Synthetic Customer 03782,customer03782@example.invalid,India,2020-04-02,Standard,2619.03
3783,Synthetic Customer 03783,customer03783@example.invalid,Germany,2025-03-01,Basic,7770.94
3784,Synthetic Customer 03784,customer03784@example.invalid,Germany,2022-07-05,Premium,14985.49
3785,Synthetic Customer 03785,customer03785@example.invalid,Australia,2025-11-13,Basic,2931.50
3786,Synthetic Customer 03786,customer03786@example.invalid,Australia,2020-03-20,Basic,163.96
3787,Synthetic Customer 03787,customer03787@example.invalid,UK,2021-09-22,Standard,4230.52
3788,Synthetic Customer 03788,customer03788@example.invalid,USA,2022-02-16,Basic,6437.03
3789,Synthetic Customer 03789,customer03789@example.invalid,Germany,2023-06-09,Premium,5911.18
3790,Synthetic Customer 03790,customer03790@example.invalid,India,2022-08-12,Basic,153.07
3791,Synthetic Customer 03791,customer03791@example.invalid,Canada,2021-03-12,Standard,5206.50
3792,Synthetic Customer 03792,customer03792@example.invalid,Canada,2020-03-15,Premium,1913.54
3793,Synthetic Customer 03793,customer03793@example.invalid,Australia,2024-04-01,Basic,13450.94
3794,Synthetic Customer 03794,customer03794@example.invalid,India,2022-07-17,Basic,10066.34
3795,Synthetic Customer 03795,customer03795@example.invalid,UK,2024-10-26,Basic,13816.71
3796,Synthetic Customer 03796,customer03796@example.invalid,Germany,2021-05-31,Basic,14806.82
3797,Synthetic Customer 03797,customer03797@example.invalid,USA,2020-12-10,Basic,13170.97
3798,Synthetic Customer 03798,customer03798@example.invalid,India,2025-05-06,Basic,349.49
3799,Synthetic Customer 03799,customer03799@example.invalid,UK,2020-11-18,Basic,4631.49
3800,Synthetic Customer 03800,customer03800@example.invalid,USA,2023-02-15,Premium,601.63
3801,Synthetic Customer 03801,customer03801@example.invalid,Australia,2023-04-12,Premium,6380.04
3802,Synthetic Customer 03802,customer03802@example.invalid,USA,2023-11-04,Premium,13949.10
3803,Synthetic Customer 03803,customer03803@example.invalid,USA,2023-05-11,Standard,19242.76
3804,Synthetic Customer 03804,customer03804@example.invalid,Canada,2021-07-13,Premium,13429.41
3805,Synthetic Customer 03805,customer03805@example.invalid,UK,2024-05-03,Standard,12889.58
3806,Synthetic Customer 03806,customer03806@example.invalid,Australia,2025-03-05,Basic,10134.06
3807,Synthetic Customer 03807,customer03807@example.invalid,Germany,2023-04-18,Basic,17734.66
3808,Synthetic Customer 03808,customer03808@example.invalid,Germany,2025-06-11,Premium,6714.52
3809,Synthetic Customer 03809,customer03809@example.invalid,India,2020-02-22,Premium,17282.49
3810,Synthetic Customer 03810,customer03810@example.invalid,Canada,2021-11-24,Basic,9676.58
3811,Synthetic Customer 03811,customer03811@example.invalid,Canada,2025-08-18,Premium,14731.14
3812,Synthetic Customer 03812,customer03812@example.invalid,USA,2024-01-17,Standard,3483.93
3813,Synthetic Customer 03813,customer03813@example.invalid,Canada,2025-10-30,Premium,3512.67
3814,Synthetic Customer 03814,customer03814@example.invalid,Australia,2025-07-01,Basic,5835.91
3815,Synthetic Customer 03815,customer03815@example.invalid,Singapore,2020-06-19,Basic,9548.48
3816,Synthetic Customer 03816,customer03816@example.invalid,UK,2022-02-06,Premium,18326.52
3817,Synthetic Customer 03817,customer03817@example.invalid,Singapore,2022-01-26,Basic,12023.93
3818,Synthetic Customer 03818,customer03818@example.invalid,UK,2023-06-21,Standard,6706.71
3819,Synthetic Customer 03819,customer03819@example.invalid,Canada,2024-04-06,Standard,5090.10
3820,Synthetic Customer 03820,customer03820@example.invalid,India,2024-05-17,Standard,12777.84
3821,Synthetic Customer 03821,customer03821@example.invalid,Canada,2023-04-02,Standard,9068.55
3822,Synthetic Customer 03822,customer03822@example.invalid,Singapore,2020-12-25,Basic,17077.60
3823,Synthetic Customer 03823,customer03823@example.invalid,UK,2023-09-28,Basic,1296.78
3824,Synthetic Customer 03824,customer03824@example.invalid,India,2021-03-25,Basic,6242.15
3825,Synthetic Customer 03825,customer03825@example.invalid,Canada,2025-05-08,Standard,19301.07
3826,Synthetic Customer 03826,customer03826@example.invalid,Australia,2025-03-11,Basic,113.59
3827,Synthetic Customer 03827,customer03827@example.invalid,Canada,2024-12-13,Standard,15074.10
3828,Synthetic Customer 03828,customer03828@example.invalid,Australia,2022-03-07,Basic,14746.13
3829,Synthetic Customer 03829,customer03829@example.invalid,UK,2024-11-12,Basic,19194.09
3830,Synthetic Customer 03830,customer03830@example.invalid,UK,2020-11-07,Premium,17390.68
3831,Synthetic Customer 03831,customer03831@example.invalid,Germany,2023-04-06,Premium,8388.46
3832,Synthetic Customer 03832,customer03832@example.invalid,USA,2024-06-08,Premium,14820.49
3833,Synthetic Customer 03833,customer03833@example.invalid,Singapore,2020-11-18,Basic,4233.99
3834,Synthetic Customer 03834,customer03834@example.invalid,UK,2020-02-07,Standard,835.82
3835,Synthetic Customer 03835,customer03835@example.invalid,Canada,2020-08-22,Premium,7817.34
3836,Synthetic Customer 03836,customer03836@example.invalid,Germany,2023-07-29,Standard,9017.27
3837,Synthetic Customer 03837,customer03837@example.invalid,Australia,2024-12-21,Basic,13175.53
3838,Synthetic Customer 03838,customer03838@example.invalid,Germany,2020-02-18,Premium,11766.62
3839,Synthetic Customer 03839,customer03839@example.invalid,Singapore,2020-05-22,Basic,9697.98
3840,Synthetic Customer 03840,customer03840@example.invalid,Australia,2024-10-16,Basic,15018.35
3841,Synthetic Customer 03841,customer03841@example.invalid,India,2021-01-10,Premium,8013.59
3842,Synthetic Customer 03842,customer03842@example.invalid,India,2023-01-18,Standard,12292.88
3843,Synthetic Customer 03843,customer03843@example.invalid,Australia,2022-01-11,Premium,9778.84
3844,Synthetic Customer 03844,customer03844@example.invalid,Germany,2022-11-15,Basic,12687.82
3845,Synthetic Customer 03845,customer03845@example.invalid,USA,2020-05-12,Basic,18174.85
3846,Synthetic Customer 03846,customer03846@example.invalid,Germany,2025-05-02,Standard,10974.41
3847,Synthetic Customer 03847,customer03847@example.invalid,USA,2025-01-28,Basic,16412.74
3848,Synthetic Customer 03848,customer03848@example.invalid,UK,2025-12-10,Basic,7772.76
3849,Synthetic Customer 03849,customer03849@example.invalid,UK,2025-11-03,Basic,16375.92
3850,Synthetic Customer 03850,customer03850@example.invalid,Singapore,2023-06-05,Standard,6412.86
3851,Synthetic Customer 03851,customer03851@example.invalid,India,2020-12-31,Standard,10170.43
3852,Synthetic Customer 03852,customer03852@example.invalid,Australia,2020-11-08,Standard,13385.64
3853,Synthetic Customer 03853,customer03853@example.invalid,India,2020-03-28,Premium,18362.81
3854,Synthetic Customer 03854,customer03854@example.invalid,USA,2023-05-09,Basic,16390.61
3855,Synthetic Customer 03855,customer03855@example.invalid,UK,2024-12-28,Standard,13828.52
3856,Synthetic Customer 03856,customer03856@example.invalid,Germany,2021-10-21,Basic,1172.34
3857,Synthetic Customer 03857,customer03857@example.invalid,Australia,2025-03-21,Standard,14614.40
3858,Synthetic Customer 03858,customer03858@example.invalid,India,2024-05-29,Standard,16487.57
3859,Synthetic Customer 03859,customer03859@example.invalid,Australia,2020-01-27,Basic,5802.00
3860,Synthetic Customer 03860,customer03860@example.invalid,India,2024-05-20,Basic,9190.66
3861,Synthetic Customer 03861,customer03861@example.invalid,Germany,2022-06-27,Basic,323.08
3862,Synthetic Customer 03862,customer03862@example.invalid,India,2024-10-16,Premium,2373.49
3863,Synthetic Customer 03863,customer03863@example.invalid,UK,2022-08-21,Premium,10256.07
3864,Synthetic Customer 03864,customer03864@example.invalid,Singapore,2022-10-03,Standard,1177.87
3865,Synthetic Customer 03865,customer03865@example.invalid,India,2021-08-26,Basic,9674.28
3866,Synthetic Customer 03866,customer03866@example.invalid,Australia,2021-02-10,Premium,15209.63
3867,Synthetic Customer 03867,customer03867@example.invalid,USA,2023-04-26,Premium,19399.25
3868,Synthetic Customer 03868,customer03868@example.invalid,UK,2021-11-30,Basic,3937.72
3869,Synthetic Customer 03869,customer03869@example.invalid,India,2021-05-16,Basic,11299.89
3870,Synthetic Customer 03870,customer03870@example.invalid,USA,2025-10-24,Standard,4038.48
3871,Synthetic Customer 03871,customer03871@example.invalid,Australia,2020-04-29,Standard,14110.50
3872,Synthetic Customer 03872,customer03872@example.invalid,Singapore,2021-04-14,Basic,18922.19
3873,Synthetic Customer 03873,customer03873@example.invalid,Germany,2024-01-19,Basic,14620.84
3874,Synthetic Customer 03874,customer03874@example.invalid,USA,2021-05-28,Premium,1574.57
3875,Synthetic Customer 03875,customer03875@example.invalid,USA,2021-07-29,Basic,9834.29
3876,Synthetic Customer 03876,customer03876@example.invalid,Australia,2021-11-04,Standard,4402.02
3877,Synthetic Customer 03877,customer03877@example.invalid,Singapore,2023-05-14,Premium,1412.52
3878,Synthetic Customer 03878,customer03878@example.invalid,USA,2025-01-17,Standard,5959.36
3879,Synthetic Customer 03879,customer03879@example.invalid,Singapore,2021-11-16,Basic,15778.78
3880,Synthetic Customer 03880,customer03880@example.invalid,Germany,2020-12-10,Premium,14483.36
3881,Synthetic Customer 03881,customer03881@example.invalid,UK,2023-08-22,Standard,11468.48
3882,Synthetic Customer 03882,customer03882@example.invalid,Canada,2022-04-02,Premium,13598.81
3883,Synthetic Customer 03883,customer03883@example.invalid,Singapore,2022-06-29,Basic,12027.91
3884,Synthetic Customer 03884,customer03884@example.invalid,Australia,2024-04-09,Premium,3633.44
3885,Synthetic Customer 03885,customer03885@example.invalid,Germany,2022-07-09,Premium,3969.91
3886,Synthetic Customer 03886,customer03886@example.invalid,Singapore,2024-07-05,Premium,12244.51
3887,Synthetic Customer 03887,customer03887@example.invalid,Germany,2025-04-14,Standard,5976.25
3888,Synthetic Customer 03888,customer03888@example.invalid,India,2020-10-03,Premium,13527.62
3889,Synthetic Customer 03889,customer03889@example.invalid,Germany,2022-04-30,Standard,17397.50
3890,Synthetic Customer 03890,customer03890@example.invalid,Singapore,2020-09-15,Premium,4179.97
3891,Synthetic Customer 03891,customer03891@example.invalid,Singapore,2025-05-27,Standard,4646.82
3892,Synthetic Customer 03892,customer03892@example.invalid,UK,2024-03-17,Standard,2346.84
3893,Synthetic Customer 03893,customer03893@example.invalid,Canada,2024-12-31,Standard,19254.63
3894,Synthetic Customer 03894,customer03894@example.invalid,USA,2020-12-27,Standard,1870.72
3895,Synthetic Customer 03895,customer03895@example.invalid,Canada,2025-05-26,Premium,573.78
3896,Synthetic Customer 03896,customer03896@example.invalid,Singapore,2022-12-24,Basic,7003.62
3897,Synthetic Customer 03897,customer03897@example.invalid,USA,2024-08-01,Premium,909.09
3898,Synthetic Customer 03898,customer03898@example.invalid,Australia,2024-04-22,Basic,2100.88
3899,Synthetic Customer 03899,customer03899@example.invalid,Germany,2025-07-28,Premium,8499.42
3900,Synthetic Customer 03900,customer03900@example.invalid,Singapore,2022-12-22,Premium,15421.66
3901,Synthetic Customer 03901,customer03901@example.invalid,Singapore,2023-12-25,Standard,9399.20
3902,Synthetic Customer 03902,customer03902@example.invalid,USA,2023-11-05,Premium,13473.32
3903,Synthetic Customer 03903,customer03903@example.invalid,Canada,2021-09-26,Basic,18619.66
3904,Synthetic Customer 03904,customer03904@example.invalid,Canada,2025-10-26,Standard,7808.05
3905,Synthetic Customer 03905,customer03905@example.invalid,Germany,2024-09-25,Standard,660.66
3906,Synthetic Customer 03906,customer03906@example.invalid,Singapore,2020-12-18,Basic,4503.68
3907,Synthetic Customer 03907,customer03907@example.invalid,USA,2024-04-05,Standard,3462.34
3908,Synthetic Customer 03908,customer03908@example.invalid,Germany,2024-03-25,Standard,17927.33
3909,Synthetic Customer 03909,customer03909@example.invalid,Australia,2020-09-03,Premium,15133.92
3910,Synthetic Customer 03910,customer03910@example.invalid,UK,2023-10-13,Standard,8984.59
3911,Synthetic Customer 03911,customer03911@example.invalid,India,2021-11-17,Standard,3421.67
3912,Synthetic Customer 03912,customer03912@example.invalid,India,2024-04-15,Premium,7429.21
3913,Synthetic Customer 03913,customer03913@example.invalid,Australia,2025-05-18,Basic,654.85
3914,Synthetic Customer 03914,customer03914@example.invalid,Singapore,2021-04-16,Basic,14486.96
3915,Synthetic Customer 03915,customer03915@example.invalid,India,2023-11-13,Standard,15203.47
3916,Synthetic Customer 03916,customer03916@example.invalid,Australia,2024-03-27,Standard,8417.16
3917,Synthetic Customer 03917,customer03917@example.invalid,USA,2020-10-25,Premium,8331.21
3918,Synthetic Customer 03918,customer03918@example.invalid,Australia,2024-10-10,Basic,3452.27
3919,Synthetic Customer 03919,customer03919@example.invalid,India,2021-09-23,Standard,8791.12
3920,Synthetic Customer 03920,customer03920@example.invalid,Canada,2022-12-24,Standard,1428.78
3921,Synthetic Customer 03921,customer03921@example.invalid,India,2020-01-24,Standard,17281.11
3922,Synthetic Customer 03922,customer03922@example.invalid,Australia,2023-03-04,Standard,13545.83
3923,Synthetic Customer 03923,customer03923@example.invalid,India,2021-04-16,Basic,10497.91
3924,Synthetic Customer 03924,customer03924@example.invalid,Canada,2022-08-26,Premium,3851.70
3925,Synthetic Customer 03925,customer03925@example.invalid,Germany,2020-06-29,Basic,15138.82
3926,Synthetic Customer 03926,customer03926@example.invalid,India,2021-07-31,Premium,9696.31
3927,Synthetic Customer 03927,customer03927@example.invalid,India,2025-04-21,Premium,13209.30
3928,Synthetic Customer 03928,customer03928@example.invalid,Canada,2024-04-14,Premium,9963.52
3929,Synthetic Customer 03929,customer03929@example.invalid,India,2025-09-10,Basic,4654.95
3930,Synthetic Customer 03930,customer03930@example.invalid,Germany,2020-07-19,Premium,9951.52
3931,Synthetic Customer 03931,customer03931@example.invalid,USA,2023-10-31,Premium,19416.80
3932,Synthetic Customer 03932,customer03932@example.invalid,Singapore,2020-12-26,Standard,4101.32
3933,Synthetic Customer 03933,customer03933@example.invalid,USA,2020-06-08,Standard,19694.92
3934,Synthetic Customer 03934,customer03934@example.invalid,UK,2025-05-02,Standard,445.28
3935,Synthetic Customer 03935,,India,2022-04-15,Premium,1163.23
3936,Synthetic Customer 03936,customer03936@example.invalid,Singapore,2020-04-06,Basic,19631.36
3937,Synthetic Customer 03937,customer03937@example.invalid,India,2024-04-18,Premium,2144.49
3938,Synthetic Customer 03938,customer03938@example.invalid,Singapore,2021-12-23,Premium,6279.34
3939,Synthetic Customer 03939,customer03939@example.invalid,Singapore,2020-04-20,Standard,16793.98
3940,Synthetic Customer 03940,customer03940@example.invalid,UK,2023-02-21,Standard,10896.55
3941,Synthetic Customer 03941,customer03941@example.invalid,USA,2022-11-17,Basic,17249.09
3942,Synthetic Customer 03942,customer03942@example.invalid,USA,2020-11-30,Standard,4872.47
3943,Synthetic Customer 03943,customer03943@example.invalid,USA,2025-08-10,Standard,9743.11
3944,Synthetic Customer 03944,customer03944@example.invalid,India,2021-09-28,Basic,19059.71
3945,Synthetic Customer 03945,customer03945@example.invalid,Germany,2021-11-19,Premium,1219.05
3946,Synthetic Customer 03946,customer03946@example.invalid,UK,2020-03-16,Premium,14315.39
3947,Synthetic Customer 03947,customer03947@example.invalid,USA,2024-01-15,Basic,3329.60
3948,Synthetic Customer 03948,customer03948@example.invalid,Canada,2025-02-24,Standard,3190.13
3949,Synthetic Customer 03949,customer03949@example.invalid,Germany,2025-07-24,Basic,6767.80
3950,Synthetic Customer 03950,,Australia,2021-10-17,Premium,17953.53
3951,Synthetic Customer 03951,customer03951@example.invalid,UK,2021-01-13,Standard,9993.28
3952,Synthetic Customer 03952,customer03952@example.invalid,Australia,2024-08-24,Basic,17888.60
3953,Synthetic Customer 03953,customer03953@example.invalid,Germany,2022-01-13,Standard,1907.10
3954,Synthetic Customer 03954,customer03954@example.invalid,Australia,2024-08-18,Premium,18477.55
3955,Synthetic Customer 03955,customer03955@example.invalid,USA,2025-09-10,Standard,6013.18
3956,Synthetic Customer 03956,customer03956@example.invalid,Australia,2022-10-04,Standard,16589.13
3957,Synthetic Customer 03957,customer03957@example.invalid,Singapore,2024-07-21,Standard,18880.49
3958,Synthetic Customer 03958,customer03958@example.invalid,UK,2020-10-16,Basic,15468.52
3959,Synthetic Customer 03959,customer03959@example.invalid,India,2021-11-29,Premium,19493.88
3960,Synthetic Customer 03960,customer03960@example.invalid,Australia,2020-02-07,Premium,8585.81
3961,Synthetic Customer 03961,customer03961@example.invalid,UK,2023-05-13,Standard,10738.91
3962,Synthetic Customer 03962,customer03962@example.invalid,USA,2021-04-06,Premium,983.21
3963,Synthetic Customer 03963,customer03963@example.invalid,USA,2025-12-29,Standard,7756.61
3964,Synthetic Customer 03964,customer03964@example.invalid,USA,2020-06-02,Standard,9149.19
3965,Synthetic Customer 03965,customer03965@example.invalid,Germany,2024-09-14,Premium,5390.06
3966,Synthetic Customer 03966,customer03966@example.invalid,India,2023-12-06,Basic,1518.26
3967,Synthetic Customer 03967,customer03967@example.invalid,Canada,2020-03-19,Standard,4477.19
3968,Synthetic Customer 03968,customer03968@example.invalid,UK,2023-01-05,Basic,11067.27
3969,Synthetic Customer 03969,customer03969@example.invalid,Germany,2023-01-08,Basic,311.80
3970,Synthetic Customer 03970,customer03970@example.invalid,India,2025-06-07,Standard,8368.24
3971,Synthetic Customer 03971,customer03971@example.invalid,Canada,2021-09-25,Standard,14042.99
3972,Synthetic Customer 03972,customer03972@example.invalid,Australia,2022-05-15,Basic,18686.73
3973,Synthetic Customer 03973,customer03973@example.invalid,Canada,2024-03-05,Basic,10257.00
3974,Synthetic Customer 03974,customer03974@example.invalid,UK,2020-01-16,Basic,5117.34
3975,Synthetic Customer 03975,customer03975@example.invalid,Australia,2023-09-10,Standard,14083.43
3976,Synthetic Customer 03976,customer03976@example.invalid,USA,2023-05-09,Basic,1167.69
3977,Synthetic Customer 03977,customer03977@example.invalid,UK,2023-09-16,Standard,13253.90
3978,Synthetic Customer 03978,customer03978@example.invalid,Singapore,2025-01-17,Standard,4963.98
3979,Synthetic Customer 03979,customer03979@example.invalid,Australia,2023-04-12,Premium,11342.76
3980,Synthetic Customer 03980,customer03980@example.invalid,India,2020-04-17,Standard,7078.39
3981,Synthetic Customer 03981,customer03981@example.invalid,UK,2024-01-08,Premium,17789.89
3982,Synthetic Customer 03982,customer03982@example.invalid,Germany,2025-05-20,Premium,1258.28
3983,Synthetic Customer 03983,customer03983@example.invalid,USA,2022-05-23,Basic,17833.38
3984,Synthetic Customer 03984,customer03984@example.invalid,India,2020-07-17,Premium,5375.84
3985,Synthetic Customer 03985,customer03985@example.invalid,Australia,2020-08-08,Basic,16145.12
3986,Synthetic Customer 03986,customer03986@example.invalid,India,2020-10-05,Premium,4988.92
3987,Synthetic Customer 03987,customer03987@example.invalid,USA,2023-10-15,Premium,19887.11
3988,Synthetic Customer 03988,customer03988@example.invalid,Singapore,2025-11-10,Premium,10675.47
3989,Synthetic Customer 03989,customer03989@example.invalid,USA,2025-03-31,Standard,6244.10
3990,Synthetic Customer 03990,customer03990@example.invalid,Canada,2022-04-12,Basic,12712.19
3991,Synthetic Customer 03991,customer03991@example.invalid,India,2023-06-19,Premium,14709.40
3992,Synthetic Customer 03992,customer03992@example.invalid,UK,2024-08-20,Standard,12903.37
3993,Synthetic Customer 03993,customer03993@example.invalid,India,2023-05-04,Premium,6059.70
3994,Synthetic Customer 03994,customer03994@example.invalid,Germany,2022-01-31,Basic,841.82
3995,Synthetic Customer 03995,customer03995@example.invalid,India,2022-12-06,Standard,1692.73
3996,Synthetic Customer 03996,customer03996@example.invalid,Singapore,2023-02-03,Standard,18393.55
3997,Synthetic Customer 03997,customer03997@example.invalid,Singapore,2025-10-07,Premium,17182.26
3998,Synthetic Customer 03998,customer03998@example.invalid,USA,2020-05-11,Standard,10923.76
3999,Synthetic Customer 03999,customer03999@example.invalid,Singapore,2023-10-14,Basic,13365.85
4000,Synthetic Customer 04000,customer04000@example.invalid,USA,2021-11-02,Basic,16286.07
4001,Synthetic Customer 04001,customer04001@example.invalid,Germany,2021-02-22,Premium,1777.42
4002,Synthetic Customer 04002,customer04002@example.invalid,Germany,2020-06-10,Standard,17958.06
4003,Synthetic Customer 04003,customer04003@example.invalid,Singapore,2023-11-22,Standard,3612.23
4004,Synthetic Customer 04004,customer04004@example.invalid,Australia,2023-10-04,Premium,5633.29
4005,Synthetic Customer 04005,customer04005@example.invalid,UK,2022-11-07,Standard,18922.04
4006,Synthetic Customer 04006,customer04006@example.invalid,Australia,2020-12-25,Standard,19080.58
4007,Synthetic Customer 04007,customer04007@example.invalid,India,2020-09-27,Basic,7708.29
4008,Synthetic Customer 04008,customer04008@example.invalid,Australia,2025-09-02,Premium,8928.26
4009,Synthetic Customer 04009,customer04009@example.invalid,Canada,2022-05-29,Basic,16279.67
4010,Synthetic Customer 04010,customer04010@example.invalid,Singapore,2023-09-10,Basic,3145.43
4011,Synthetic Customer 04011,customer04011@example.invalid,Canada,2023-07-20,Premium,11102.06
4012,Synthetic Customer 04012,customer04012@example.invalid,Germany,2022-05-22,Premium,3484.59
4013,Synthetic Customer 04013,customer04013@example.invalid,UK,2022-04-02,Standard,18127.47
4014,Synthetic Customer 04014,customer04014@example.invalid,Germany,2020-06-18,Premium,15737.67
4015,Synthetic Customer 04015,customer04015@example.invalid,USA,2020-03-11,Premium,4144.73
4016,Synthetic Customer 04016,customer04016@example.invalid,USA,2024-03-03,Standard,11999.91
4017,Synthetic Customer 04017,customer04017@example.invalid,Singapore,2022-08-01,Standard,18347.82
4018,Synthetic Customer 04018,customer04018@example.invalid,UK,2023-09-05,Premium,12692.08
4019,Synthetic Customer 04019,customer04019@example.invalid,Canada,2020-10-27,Basic,15561.92
4020,Synthetic Customer 04020,customer04020@example.invalid,India,2024-03-02,Basic,17524.71
4021,Synthetic Customer 04021,customer04021@example.invalid,India,2022-01-19,Standard,2036.34
4022,Synthetic Customer 04022,customer04022@example.invalid,Canada,2025-05-27,Premium,12684.15
4023,Synthetic Customer 04023,customer04023@example.invalid,Canada,2025-03-05,Basic,755.16
4024,Synthetic Customer 04024,customer04024@example.invalid,Germany,2022-07-11,Basic,9392.84
4025,Synthetic Customer 04025,customer04025@example.invalid,Canada,2023-08-22,Basic,12506.37
4026,Synthetic Customer 04026,customer04026@example.invalid,Singapore,2022-03-18,Standard,8519.74
4027,Synthetic Customer 04027,customer04027@example.invalid,Singapore,2024-04-22,Basic,15744.18
4028,Synthetic Customer 04028,customer04028@example.invalid,Australia,2021-07-07,Standard,7812.11
4029,Synthetic Customer 04029,customer04029@example.invalid,Canada,2025-04-12,Basic,4216.88
4030,Synthetic Customer 04030,customer04030@example.invalid,India,2024-01-04,Basic,2618.75
4031,Synthetic Customer 04031,customer04031@example.invalid,Germany,2021-08-16,Premium,9208.20
4032,Synthetic Customer 04032,customer04032@example.invalid,Germany,2020-05-31,Premium,6681.99
4033,Synthetic Customer 04033,customer04033@example.invalid,Germany,2022-12-19,Premium,6255.85
4034,Synthetic Customer 04034,customer04034@example.invalid,Singapore,2023-02-02,Basic,16482.16
4035,Synthetic Customer 04035,customer04035@example.invalid,India,2025-07-04,Basic,5405.01
4036,Synthetic Customer 04036,customer04036@example.invalid,Canada,2020-12-03,Standard,9712.89
4037,Synthetic Customer 04037,customer04037@example.invalid,Singapore,2020-03-31,Premium,5913.41
4038,Synthetic Customer 04038,customer04038@example.invalid,Germany,2025-04-29,Basic,11382.30
4039,Synthetic Customer 04039,customer04039@example.invalid,Australia,2024-11-16,Standard,10943.36
4040,Synthetic Customer 04040,customer04040@example.invalid,Canada,2022-02-07,Basic,1065.50
4041,Synthetic Customer 04041,customer04041@example.invalid,Canada,2025-12-29,Premium,4631.12
4042,Synthetic Customer 04042,customer04042@example.invalid,India,2023-01-22,Basic,5385.81
4043,Synthetic Customer 04043,customer04043@example.invalid,India,2024-03-06,Basic,10656.89
4044,Synthetic Customer 04044,customer04044@example.invalid,Canada,2022-11-01,Basic,18890.57
4045,Synthetic Customer 04045,customer04045@example.invalid,Singapore,2025-09-03,Standard,7250.49
4046,Synthetic Customer 04046,customer04046@example.invalid,Canada,2025-12-16,Basic,15876.12
4047,Synthetic Customer 04047,customer04047@example.invalid,USA,2024-02-29,Premium,7277.11
4048,Synthetic Customer 04048,customer04048@example.invalid,Singapore,2024-02-06,Basic,4989.45
4049,Synthetic Customer 04049,customer04049@example.invalid,Singapore,2023-03-27,Premium,9799.08
4050,Synthetic Customer 04050,customer04050@example.invalid,India,2021-06-28,Premium,4684.11
4051,Synthetic Customer 04051,customer04051@example.invalid,Singapore,2025-06-08,Standard,19358.12
4052,Synthetic Customer 04052,customer04052@example.invalid,India,2025-11-01,Basic,17404.69
4053,Synthetic Customer 04053,customer04053@example.invalid,USA,2020-07-24,Premium,19344.90
4054,Synthetic Customer 04054,customer04054@example.invalid,UK,2024-11-17,Standard,8269.39
4055,Synthetic Customer 04055,customer04055@example.invalid,Canada,2024-12-25,Premium,4301.44
4056,Synthetic Customer 04056,customer04056@example.invalid,India,2020-09-11,Basic,10792.99
4057,Synthetic Customer 04057,customer04057@example.invalid,Australia,2021-02-07,Basic,2638.29
4058,Synthetic Customer 04058,customer04058@example.invalid,USA,2024-07-08,Standard,8492.05
4059,Synthetic Customer 04059,customer04059@example.invalid,Australia,2023-09-29,Standard,1131.13
4060,Synthetic Customer 04060,customer04060@example.invalid,UK,2021-10-19,Basic,10099.08
4061,Synthetic Customer 04061,customer04061@example.invalid,Germany,2022-08-02,Basic,10480.79
4062,Synthetic Customer 04062,customer04062@example.invalid,Germany,2020-05-22,Premium,11039.14
4063,Synthetic Customer 04063,customer04063@example.invalid,UK,2023-11-21,Premium,17495.96
4064,Synthetic Customer 04064,customer04064@example.invalid,Singapore,2022-05-30,Basic,9673.64
4065,Synthetic Customer 04065,customer04065@example.invalid,Germany,2024-12-31,Standard,14456.96
4066,Synthetic Customer 04066,customer04066@example.invalid,Singapore,2022-08-31,Premium,838.08
4067,Synthetic Customer 04067,customer04067@example.invalid,India,2025-04-12,Basic,9864.89
4068,Synthetic Customer 04068,customer04068@example.invalid,Germany,2021-02-24,Premium,6223.41
4069,Synthetic Customer 04069,customer04069@example.invalid,Canada,2021-06-26,Premium,2810.83
4070,Synthetic Customer 04070,customer04070@example.invalid,Canada,2022-01-26,Standard,1459.41
4071,Synthetic Customer 04071,customer04071@example.invalid,Canada,2024-05-26,Basic,19170.45
4072,Synthetic Customer 04072,customer04072@example.invalid,Singapore,2022-01-24,Basic,2671.45
4073,Synthetic Customer 04073,customer04073@example.invalid,UK,2025-01-18,Basic,10936.37
4074,Synthetic Customer 04074,customer04074@example.invalid,USA,2021-08-31,Standard,15943.73
4075,Synthetic Customer 04075,customer04075@example.invalid,Australia,2023-02-17,Standard,12128.77
4076,Synthetic Customer 04076,customer04076@example.invalid,Germany,2022-09-23,Premium,4238.57
4077,Synthetic Customer 04077,customer04077@example.invalid,Singapore,2023-06-09,Standard,3693.13
4078,Synthetic Customer 04078,customer04078@example.invalid,Canada,2020-06-22,Standard,2888.78
4079,Synthetic Customer 04079,customer04079@example.invalid,Singapore,2022-08-13,Premium,7481.39
4080,Synthetic Customer 04080,customer04080@example.invalid,Australia,2022-12-23,Basic,712.65
4081,Synthetic Customer 04081,customer04081@example.invalid,Singapore,2021-11-23,Standard,19991.98
4082,Synthetic Customer 04082,customer04082@example.invalid,Germany,2025-11-26,Premium,15153.82
4083,Synthetic Customer 04083,customer04083@example.invalid,Singapore,2021-07-10,Premium,6338.52
4084,Synthetic Customer 04084,customer04084@example.invalid,India,2024-09-24,Standard,15189.48
4085,Synthetic Customer 04085,customer04085@example.invalid,Australia,2020-08-06,Basic,7026.57
4086,Synthetic Customer 04086,customer04086@example.invalid,Singapore,2022-11-15,Standard,18210.95
4087,Synthetic Customer 04087,customer04087@example.invalid,UK,2024-02-22,Premium,1172.70
4088,Synthetic Customer 04088,customer04088@example.invalid,Australia,2023-10-01,Basic,9040.86
4089,Synthetic Customer 04089,customer04089@example.invalid,Australia,2021-06-30,Premium,2348.66
4090,Synthetic Customer 04090,customer04090@example.invalid,UK,2021-07-31,Premium,7511.03
4091,Synthetic Customer 04091,customer04091@example.invalid,Singapore,2023-06-24,Standard,2256.95
4092,Synthetic Customer 04092,customer04092@example.invalid,Canada,2024-09-08,Basic,1287.93
4093,Synthetic Customer 04093,customer04093@example.invalid,India,2021-03-05,Standard,8263.21
4094,Synthetic Customer 04094,customer04094@example.invalid,Germany,2021-10-12,Basic,61.71
4095,Synthetic Customer 04095,customer04095@example.invalid,USA,2023-08-29,Standard,10900.16
4096,Synthetic Customer 04096,customer04096@example.invalid,Singapore,2022-01-12,Standard,1615.66
4097,Synthetic Customer 04097,customer04097@example.invalid,India,2025-06-20,Premium,13285.34
4098,Synthetic Customer 04098,customer04098@example.invalid,UK,2024-03-19,Basic,19134.27
4099,Synthetic Customer 04099,customer04099@example.invalid,Singapore,2020-02-09,Standard,4604.69
4100,Synthetic Customer 04100,customer04100@example.invalid,India,2020-05-31,Standard,18365.68
4101,Synthetic Customer 04101,customer04101@example.invalid,India,2023-04-29,Premium,7075.94
4102,Synthetic Customer 04102,customer04102@example.invalid,Australia,2023-06-29,Premium,16402.53
4103,Synthetic Customer 04103,customer04103@example.invalid,Australia,2022-04-15,Premium,17078.90
4104,Synthetic Customer 04104,customer04104@example.invalid,USA,2025-04-12,Basic,14498.65
4105,Synthetic Customer 04105,customer04105@example.invalid,India,2023-02-09,Basic,16276.24
4106,Synthetic Customer 04106,customer04106@example.invalid,India,2021-08-10,Premium,2169.08
4107,Synthetic Customer 04107,customer04107@example.invalid,Canada,2021-12-15,Standard,10980.96
4108,Synthetic Customer 04108,customer04108@example.invalid,India,2021-12-21,Standard,18593.67
4109,Synthetic Customer 04109,customer04109@example.invalid,Canada,2024-01-14,Premium,19153.44
4110,Synthetic Customer 04110,customer04110@example.invalid,Australia,2024-01-17,Standard,11761.71
4111,Synthetic Customer 04111,customer04111@example.invalid,USA,2024-05-09,Basic,10962.90
4112,Synthetic Customer 04112,customer04112@example.invalid,USA,2024-12-20,Premium,19205.00
4113,Synthetic Customer 04113,customer04113@example.invalid,Singapore,2025-04-09,Standard,9138.67
4114,Synthetic Customer 04114,customer04114@example.invalid,Singapore,2024-11-16,Premium,8935.74
4115,Synthetic Customer 04115,customer04115@example.invalid,India,2021-09-24,Standard,5655.32
4116,Synthetic Customer 04116,customer04116@example.invalid,Germany,2023-03-19,Standard,16824.23
4117,Synthetic Customer 04117,customer04117@example.invalid,Canada,2020-07-10,Basic,16243.94
4118,Synthetic Customer 04118,customer04118@example.invalid,Singapore,2021-12-12,Premium,8983.07
4119,Synthetic Customer 04119,customer04119@example.invalid,UK,2023-02-16,Basic,18547.97
4120,Synthetic Customer 04120,customer04120@example.invalid,India,2025-07-23,Premium,16516.36
4121,Synthetic Customer 04121,customer04121@example.invalid,Canada,2023-07-14,Premium,16606.53
4122,Synthetic Customer 04122,customer04122@example.invalid,Canada,2023-01-27,Standard,6020.23
4123,Synthetic Customer 04123,customer04123@example.invalid,India,2024-09-15,Basic,19020.45
4124,Synthetic Customer 04124,customer04124@example.invalid,Canada,2025-08-12,Premium,17127.70
4125,Synthetic Customer 04125,customer04125@example.invalid,India,2022-02-19,Standard,6714.04
4126,Synthetic Customer 04126,customer04126@example.invalid,India,2020-02-19,Premium,16101.14
4127,Synthetic Customer 04127,customer04127@example.invalid,UK,2020-12-18,Premium,10151.97
4128,Synthetic Customer 04128,customer04128@example.invalid,UK,2020-09-07,Standard,4214.57
4129,Synthetic Customer 04129,customer04129@example.invalid,Australia,2022-02-10,Premium,9772.63
4130,Synthetic Customer 04130,customer04130@example.invalid,UK,2021-06-07,Standard,12290.74
4131,Synthetic Customer 04131,customer04131@example.invalid,UK,2023-09-04,Basic,16424.59
4132,Synthetic Customer 04132,customer04132@example.invalid,USA,2024-11-12,Premium,10395.76
4133,Synthetic Customer 04133,customer04133@example.invalid,USA,2025-11-14,Basic,13013.45
4134,Synthetic Customer 04134,customer04134@example.invalid,Singapore,2023-09-12,Basic,1168.83
4135,Synthetic Customer 04135,customer04135@example.invalid,USA,2020-04-19,Basic,18208.74
4136,Synthetic Customer 04136,customer04136@example.invalid,UK,2021-04-05,Premium,2411.46
4137,Synthetic Customer 04137,customer04137@example.invalid,UK,2025-03-16,Premium,14466.36
4138,Synthetic Customer 04138,customer04138@example.invalid,India,2021-03-15,Basic,17466.89
4139,Synthetic Customer 04139,customer04139@example.invalid,USA,2020-12-27,Standard,16468.72
4140,Synthetic Customer 04140,customer04140@example.invalid,Germany,2020-07-05,Premium,16802.42
4141,Synthetic Customer 04141,customer04141@example.invalid,India,2023-08-11,Standard,10663.73
4142,Synthetic Customer 04142,customer04142@example.invalid,Canada,2021-08-04,Basic,10036.60
4143,Synthetic Customer 04143,customer04143@example.invalid,Singapore,2021-04-24,Basic,7398.88
4144,Synthetic Customer 04144,customer04144@example.invalid,Singapore,2020-01-04,Premium,1097.52
4145,Synthetic Customer 04145,customer04145@example.invalid,USA,2025-04-26,Premium,9360.01
4146,Synthetic Customer 04146,customer04146@example.invalid,Germany,2022-05-24,Basic,17912.00
4147,Synthetic Customer 04147,customer04147@example.invalid,Germany,2024-12-05,Standard,13638.11
4148,Synthetic Customer 04148,customer04148@example.invalid,India,2024-02-05,Premium,9814.25
4149,Synthetic Customer 04149,customer04149@example.invalid,USA,2021-11-18,Standard,7054.64
4150,Synthetic Customer 04150,customer04150@example.invalid,USA,2023-12-20,Standard,2002.86
4151,Synthetic Customer 04151,customer04151@example.invalid,Singapore,2020-09-29,Premium,11329.08
4152,Synthetic Customer 04152,customer04152@example.invalid,Singapore,2024-04-20,Basic,16490.88
4153,Synthetic Customer 04153,customer04153@example.invalid,USA,2024-02-19,Basic,2632.02
4154,Synthetic Customer 04154,customer04154@example.invalid,Germany,2020-04-19,Premium,13984.68
4155,Synthetic Customer 04155,customer04155@example.invalid,Canada,2025-05-12,Basic,16366.56
4156,Synthetic Customer 04156,customer04156@example.invalid,UK,2023-01-13,Standard,19398.23
4157,Synthetic Customer 04157,customer04157@example.invalid,Australia,2020-05-12,Standard,12530.18
4158,Synthetic Customer 04158,customer04158@example.invalid,India,2021-02-21,Basic,4986.13
4159,Synthetic Customer 04159,customer04159@example.invalid,Australia,2025-02-21,Standard,3740.99
4160,Synthetic Customer 04160,customer04160@example.invalid,USA,2025-07-08,Premium,13867.81
4161,Synthetic Customer 04161,customer04161@example.invalid,UK,2025-08-17,Basic,5604.42
4162,Synthetic Customer 04162,customer04162@example.invalid,Australia,2020-05-31,Premium,10927.53
4163,Synthetic Customer 04163,customer04163@example.invalid,USA,2023-08-31,Basic,6023.39
4164,Synthetic Customer 04164,customer04164@example.invalid,Canada,2025-02-16,Standard,1365.27
4165,Synthetic Customer 04165,customer04165@example.invalid,India,2023-11-06,Standard,16544.62
4166,Synthetic Customer 04166,customer04166@example.invalid,Singapore,2020-12-19,Premium,4324.85
4167,Synthetic Customer 04167,customer04167@example.invalid,Singapore,2025-03-10,Premium,5583.43
4168,Synthetic Customer 04168,customer04168@example.invalid,Singapore,2023-11-17,Premium,959.84
4169,Synthetic Customer 04169,customer04169@example.invalid,UK,2025-07-16,Basic,9890.60
4170,Synthetic Customer 04170,customer04170@example.invalid,Australia,2021-11-24,Premium,2951.46
4171,Synthetic Customer 04171,customer04171@example.invalid,Canada,2022-06-04,Premium,14102.31
4172,Synthetic Customer 04172,customer04172@example.invalid,Singapore,2021-10-27,Standard,17012.76
4173,Synthetic Customer 04173,customer04173@example.invalid,Australia,2023-04-11,Basic,13442.95
4174,Synthetic Customer 04174,customer04174@example.invalid,India,2023-05-15,Standard,7986.83
4175,Synthetic Customer 04175,customer04175@example.invalid,Singapore,2025-10-16,Premium,15339.26
4176,Synthetic Customer 04176,customer04176@example.invalid,India,2023-05-01,Standard,11829.34
4177,Synthetic Customer 04177,customer04177@example.invalid,USA,2020-12-05,Basic,14232.20
4178,Synthetic Customer 04178,customer04178@example.invalid,Singapore,2023-10-06,Standard,12634.42
4179,Synthetic Customer 04179,customer04179@example.invalid,Canada,2024-11-26,Premium,19360.86
4180,Synthetic Customer 04180,customer04180@example.invalid,UK,2024-06-02,Basic,11269.07
4181,Synthetic Customer 04181,customer04181@example.invalid,Canada,2020-11-19,Standard,964.21
4182,Synthetic Customer 04182,customer04182@example.invalid,Australia,2023-12-19,Basic,17595.16
4183,Synthetic Customer 04183,customer04183@example.invalid,Germany,2020-12-19,Premium,5359.44
4184,Synthetic Customer 04184,customer04184@example.invalid,India,2023-09-08,Premium,1622.16
4185,Synthetic Customer 04185,customer04185@example.invalid,India,2025-10-31,Standard,17135.43
4186,Synthetic Customer 04186,customer04186@example.invalid,UK,2021-07-19,Premium,13489.01
4187,Synthetic Customer 04187,customer04187@example.invalid,Singapore,2022-01-27,Basic,3601.51
4188,Synthetic Customer 04188,customer04188@example.invalid,UK,2020-08-30,Standard,5247.07
4189,Synthetic Customer 04189,customer04189@example.invalid,Australia,2021-03-16,Premium,7357.24
4190,Synthetic Customer 04190,customer04190@example.invalid,USA,2025-05-17,Premium,17683.31
4191,Synthetic Customer 04191,customer04191@example.invalid,USA,2021-04-17,Premium,13192.28
4192,Synthetic Customer 04192,customer04192@example.invalid,UK,2023-12-30,Premium,19616.00
4193,Synthetic Customer 04193,customer04193@example.invalid,Germany,2020-07-07,Basic,6241.33
4194,Synthetic Customer 04194,customer04194@example.invalid,Singapore,2024-12-10,Standard,6066.51
4195,Synthetic Customer 04195,customer04195@example.invalid,Singapore,2023-05-10,Standard,6340.75
4196,Synthetic Customer 04196,customer04196@example.invalid,UK,2025-11-27,Basic,19260.20
4197,Synthetic Customer 04197,customer04197@example.invalid,UK,2021-09-14,Premium,16031.78
4198,Synthetic Customer 04198,customer04198@example.invalid,Singapore,2021-04-17,Standard,1542.14
4199,Synthetic Customer 04199,customer04199@example.invalid,UK,2021-04-26,Standard,4461.95
4200,Synthetic Customer 04200,customer04200@example.invalid,USA,2024-01-02,Premium,19783.51
4201,Synthetic Customer 04201,customer04201@example.invalid,Germany,2024-04-19,Standard,13251.34
4202,Synthetic Customer 04202,customer04202@example.invalid,UK,2021-08-01,Basic,8645.84
4203,Synthetic Customer 04203,customer04203@example.invalid,Canada,2022-12-27,Premium,18439.66
4204,Synthetic Customer 04204,customer04204@example.invalid,Germany,2021-07-08,Premium,4751.93
4205,Synthetic Customer 04205,customer04205@example.invalid,UK,2024-11-04,Standard,4158.37
4206,Synthetic Customer 04206,customer04206@example.invalid,USA,2025-12-19,Standard,16392.44
4207,Synthetic Customer 04207,customer04207@example.invalid,USA,2022-02-17,Premium,15439.64
4208,Synthetic Customer 04208,customer04208@example.invalid,Singapore,2021-01-05,Premium,3641.03
4209,Synthetic Customer 04209,customer04209@example.invalid,Singapore,2021-08-04,Standard,1100.42
4210,Synthetic Customer 04210,customer04210@example.invalid,Germany,2023-03-06,Standard,10749.39
4211,Synthetic Customer 04211,customer04211@example.invalid,USA,2023-12-19,Standard,8296.33
4212,Synthetic Customer 04212,customer04212@example.invalid,UK,2025-07-02,Premium,16433.96
4213,Synthetic Customer 04213,customer04213@example.invalid,Singapore,2025-10-14,Premium,15833.11
4214,Synthetic Customer 04214,customer04214@example.invalid,Singapore,2021-05-09,Standard,2776.35
4215,Synthetic Customer 04215,customer04215@example.invalid,Canada,2021-06-22,Premium,17260.70
4216,Synthetic Customer 04216,customer04216@example.invalid,UK,2025-01-09,Standard,10845.36
4217,Synthetic Customer 04217,customer04217@example.invalid,Germany,2021-04-13,Premium,19910.49
4218,Synthetic Customer 04218,customer04218@example.invalid,UK,2020-11-24,Premium,11498.75
4219,Synthetic Customer 04219,customer04219@example.invalid,USA,2020-06-17,Standard,708.70
4220,Synthetic Customer 04220,customer04220@example.invalid,Germany,2022-12-31,Premium,18405.86
4221,Synthetic Customer 04221,customer04221@example.invalid,Germany,2025-11-28,Premium,8097.95
4222,Synthetic Customer 04222,customer04222@example.invalid,USA,2020-12-10,Premium,19080.19
4223,Synthetic Customer 04223,customer04223@example.invalid,Singapore,2023-10-30,Standard,9247.83
4224,Synthetic Customer 04224,customer04224@example.invalid,Australia,2024-06-17,Standard,16107.10
4225,Synthetic Customer 04225,customer04225@example.invalid,Singapore,2021-11-07,Premium,8879.57
4226,Synthetic Customer 04226,customer04226@example.invalid,Australia,2020-10-04,Premium,2953.51
4227,Synthetic Customer 04227,customer04227@example.invalid,Germany,2023-11-02,Premium,9544.10
4228,Synthetic Customer 04228,customer04228@example.invalid,UK,2024-08-22,Premium,6186.38
4229,Synthetic Customer 04229,customer04229@example.invalid,Singapore,2022-08-29,Basic,18201.81
4230,Synthetic Customer 04230,customer04230@example.invalid,Canada,2022-10-31,Basic,11909.23
4231,Synthetic Customer 04231,customer04231@example.invalid,Singapore,2021-08-30,Basic,9935.63
4232,Synthetic Customer 04232,customer04232@example.invalid,Singapore,2024-05-06,Basic,2315.89
4233,Synthetic Customer 04233,customer04233@example.invalid,Australia,2024-03-14,Standard,26.18
4234,Synthetic Customer 04234,customer04234@example.invalid,Australia,2024-07-22,Basic,1258.42
4235,Synthetic Customer 04235,customer04235@example.invalid,Canada,2025-12-21,Premium,14143.53
4236,Synthetic Customer 04236,customer04236@example.invalid,Germany,2021-06-25,Premium,3912.57
4237,Synthetic Customer 04237,customer04237@example.invalid,Canada,2023-07-25,Basic,14320.74
4238,Synthetic Customer 04238,customer04238@example.invalid,Canada,2020-07-31,Standard,9255.85
4239,Synthetic Customer 04239,customer04239@example.invalid,India,2021-08-06,Basic,7169.39
4240,Synthetic Customer 04240,customer04240@example.invalid,USA,2025-08-20,Standard,16797.19
4241,Synthetic Customer 04241,customer04241@example.invalid,Australia,2025-05-16,Standard,19927.28
4242,Synthetic Customer 04242,customer04242@example.invalid,India,2022-04-12,Standard,18230.47
4243,Synthetic Customer 04243,customer04243@example.invalid,India,2023-06-15,Standard,1984.59
4244,Synthetic Customer 04244,customer04244@example.invalid,UK,2021-08-18,Premium,1253.40
4245,Synthetic Customer 04245,customer04245@example.invalid,Australia,2023-10-23,Basic,8619.85
4246,Synthetic Customer 04246,customer04246@example.invalid,Singapore,2020-04-02,Basic,18627.97
4247,Synthetic Customer 04247,customer04247@example.invalid,Germany,2021-12-18,Premium,7114.40
4248,Synthetic Customer 04248,customer04248@example.invalid,USA,2025-10-13,Premium,7878.72
4249,Synthetic Customer 04249,customer04249@example.invalid,USA,2025-01-06,Basic,7725.75
4250,Synthetic Customer 04250,customer04250@example.invalid,India,2021-07-10,Premium,8950.78
4251,Synthetic Customer 04251,customer04251@example.invalid,India,2024-02-15,Basic,8717.08
4252,Synthetic Customer 04252,customer04252@example.invalid,Singapore,2023-05-09,Standard,19826.19
4253,Synthetic Customer 04253,customer04253@example.invalid,UK,2024-11-22,Standard,783.43
4254,Synthetic Customer 04254,customer04254@example.invalid,Canada,2024-09-19,Basic,388.07
4255,Synthetic Customer 04255,customer04255@example.invalid,Germany,2024-02-21,Standard,1032.45
4256,Synthetic Customer 04256,customer04256@example.invalid,Germany,2025-01-03,Basic,18779.49
4257,Synthetic Customer 04257,customer04257@example.invalid,Canada,2020-07-11,Basic,2726.18
4258,Synthetic Customer 04258,customer04258@example.invalid,UK,2024-01-15,Basic,966.61
4259,Synthetic Customer 04259,customer04259@example.invalid,India,2022-02-10,Premium,8187.01
4260,Synthetic Customer 04260,customer04260@example.invalid,UK,2024-11-23,Standard,5040.82
4261,Synthetic Customer 04261,customer04261@example.invalid,India,2024-10-31,Basic,13963.45
4262,Synthetic Customer 04262,customer04262@example.invalid,Canada,2022-07-25,Standard,3675.14
4263,Synthetic Customer 04263,customer04263@example.invalid,Australia,2023-05-18,Basic,15244.03
4264,Synthetic Customer 04264,customer04264@example.invalid,USA,2024-09-28,Standard,6845.21
4265,Synthetic Customer 04265,customer04265@example.invalid,Germany,2024-07-05,Standard,9051.27
4266,Synthetic Customer 04266,customer04266@example.invalid,USA,2021-07-12,Premium,7693.46
4267,Synthetic Customer 04267,customer04267@example.invalid,Canada,2022-09-07,Premium,2763.62
4268,Synthetic Customer 04268,customer04268@example.invalid,Germany,2024-11-15,Basic,11170.81
4269,Synthetic Customer 04269,customer04269@example.invalid,Australia,2023-12-30,Premium,7201.42
4270,Synthetic Customer 04270,customer04270@example.invalid,India,2021-04-04,Premium,865.63
4271,Synthetic Customer 04271,customer04271@example.invalid,USA,2025-12-18,Basic,13785.35
4272,Synthetic Customer 04272,customer04272@example.invalid,UK,2021-09-11,Standard,10169.54
4273,Synthetic Customer 04273,customer04273@example.invalid,Australia,2024-09-24,Premium,11769.49
4274,Synthetic Customer 04274,customer04274@example.invalid,Australia,2022-05-12,Premium,18106.23
4275,Synthetic Customer 04275,customer04275@example.invalid,UK,2021-11-19,Premium,681.32
4276,Synthetic Customer 04276,customer04276@example.invalid,Germany,2022-07-07,Basic,10871.80
4277,Synthetic Customer 04277,customer04277@example.invalid,Australia,2024-04-11,Basic,13565.70
4278,Synthetic Customer 04278,customer04278@example.invalid,USA,2021-05-30,Standard,4458.37
4279,Synthetic Customer 04279,customer04279@example.invalid,Singapore,2021-06-24,Premium,3625.56
4280,Synthetic Customer 04280,customer04280@example.invalid,Australia,2022-01-02,Basic,9634.44
4281,Synthetic Customer 04281,customer04281@example.invalid,Germany,2025-06-17,Standard,1928.10
4282,Synthetic Customer 04282,,Singapore,2023-05-18,Basic,11568.76
4283,Synthetic Customer 04283,customer04283@example.invalid,Canada,2023-09-17,Basic,3599.63
4284,Synthetic Customer 04284,customer04284@example.invalid,Canada,2021-10-20,Standard,19279.33
4285,Synthetic Customer 04285,customer04285@example.invalid,Australia,2023-10-01,Premium,7550.76
4286,Synthetic Customer 04286,customer04286@example.invalid,Germany,2023-06-07,Basic,13877.17
4287,Synthetic Customer 04287,customer04287@example.invalid,Australia,2020-12-11,Standard,9823.59
4288,Synthetic Customer 04288,customer04288@example.invalid,Singapore,2022-05-12,Standard,13672.44
4289,Synthetic Customer 04289,customer04289@example.invalid,USA,2020-04-16,Standard,2465.28
4290,Synthetic Customer 04290,customer04290@example.invalid,Singapore,2025-06-17,Basic,16613.21
4291,Synthetic Customer 04291,customer04291@example.invalid,Germany,2021-12-17,Standard,8706.57
4292,Synthetic Customer 04292,customer04292@example.invalid,Canada,2022-08-03,Standard,9353.24
4293,Synthetic Customer 04293,customer04293@example.invalid,Germany,2023-12-17,Premium,2995.18
4294,Synthetic Customer 04294,customer04294@example.invalid,Singapore,2024-06-09,Standard,9355.27
4295,Synthetic Customer 04295,customer04295@example.invalid,Singapore,2020-04-09,Standard,14376.26
4296,Synthetic Customer 04296,customer04296@example.invalid,UK,2022-01-05,Premium,19817.16
4297,Synthetic Customer 04297,customer04297@example.invalid,Germany,2025-10-28,Basic,13846.03
4298,Synthetic Customer 04298,customer04298@example.invalid,Germany,2020-09-15,Premium,1849.80
4299,Synthetic Customer 04299,customer04299@example.invalid,Australia,2025-02-18,Basic,7095.58
4300,Synthetic Customer 04300,customer04300@example.invalid,USA,2025-12-11,Standard,11403.06
4301,Synthetic Customer 04301,customer04301@example.invalid,USA,2025-10-28,Basic,8587.33
4302,Synthetic Customer 04302,customer04302@example.invalid,Canada,2022-07-29,Basic,5534.15
4303,Synthetic Customer 04303,customer04303@example.invalid,UK,2023-01-01,Standard,14114.82
4304,Synthetic Customer 04304,customer04304@example.invalid,India,2021-03-28,Premium,999.67
4305,Synthetic Customer 04305,customer04305@example.invalid,Singapore,2023-01-11,Basic,9387.70
4306,Synthetic Customer 04306,customer04306@example.invalid,Germany,2023-03-17,Standard,3084.07
4307,Synthetic Customer 04307,customer04307@example.invalid,Germany,2025-06-20,Premium,4456.66
4308,Synthetic Customer 04308,customer04308@example.invalid,Germany,2024-11-18,Standard,6484.56
4309,Synthetic Customer 04309,customer04309@example.invalid,India,2024-04-27,Standard,17709.55
4310,Synthetic Customer 04310,customer04310@example.invalid,Australia,2023-03-17,Standard,18611.26
4311,Synthetic Customer 04311,customer04311@example.invalid,India,2023-11-05,Premium,1807.54
4312,Synthetic Customer 04312,customer04312@example.invalid,India,2022-09-26,Basic,12531.05
4313,Synthetic Customer 04313,customer04313@example.invalid,India,2021-12-14,Standard,15164.11
4314,Synthetic Customer 04314,customer04314@example.invalid,UK,2020-10-04,Basic,18892.46
4315,Synthetic Customer 04315,customer04315@example.invalid,Germany,2024-08-11,Basic,1182.85
4316,Synthetic Customer 04316,customer04316@example.invalid,UK,2022-06-03,Premium,4650.96
4317,Synthetic Customer 04317,customer04317@example.invalid,Australia,2025-02-13,Basic,16606.87
4318,Synthetic Customer 04318,customer04318@example.invalid,USA,2024-02-07,Premium,17129.23
4319,Synthetic Customer 04319,customer04319@example.invalid,Australia,2023-08-26,Standard,3440.89
4320,Synthetic Customer 04320,customer04320@example.invalid,Canada,2020-12-13,Standard,13749.19
4321,Synthetic Customer 04321,customer04321@example.invalid,Singapore,2023-02-15,Premium,12132.89
4322,Synthetic Customer 04322,customer04322@example.invalid,India,2024-09-06,Basic,2536.61
4323,Synthetic Customer 04323,customer04323@example.invalid,USA,2020-05-05,Standard,19234.69
4324,Synthetic Customer 04324,customer04324@example.invalid,Singapore,2020-02-11,Premium,4904.07
4325,Synthetic Customer 04325,customer04325@example.invalid,Australia,2025-08-15,Premium,11696.41
4326,Synthetic Customer 04326,customer04326@example.invalid,Australia,2024-04-02,Standard,10216.49
4327,Synthetic Customer 04327,customer04327@example.invalid,India,2024-06-05,Basic,18853.67
4328,Synthetic Customer 04328,customer04328@example.invalid,Singapore,2023-02-16,Basic,7485.17
4329,Synthetic Customer 04329,customer04329@example.invalid,USA,2023-12-07,Standard,258.80
4330,Synthetic Customer 04330,customer04330@example.invalid,USA,2024-02-12,Standard,8935.86
4331,Synthetic Customer 04331,customer04331@example.invalid,UK,2021-12-08,Basic,1844.80
4332,Synthetic Customer 04332,customer04332@example.invalid,UK,2020-07-19,Premium,10503.49
4333,Synthetic Customer 04333,customer04333@example.invalid,Canada,2023-09-04,Basic,12330.84
4334,Synthetic Customer 04334,customer04334@example.invalid,UK,2020-06-02,Basic,2843.88
4335,Synthetic Customer 04335,customer04335@example.invalid,UK,2022-12-20,Standard,10070.80
4336,Synthetic Customer 04336,customer04336@example.invalid,India,2021-07-16,Standard,10011.13
4337,Synthetic Customer 04337,customer04337@example.invalid,Australia,2023-06-12,Premium,7153.23
4338,Synthetic Customer 04338,customer04338@example.invalid,Canada,2020-06-09,Standard,6029.83
4339,Synthetic Customer 04339,customer04339@example.invalid,India,2021-06-19,Basic,4733.21
4340,Synthetic Customer 04340,customer04340@example.invalid,Germany,2024-01-04,Standard,10973.07
4341,Synthetic Customer 04341,customer04341@example.invalid,UK,2020-10-05,Basic,6994.62
4342,Synthetic Customer 04342,customer04342@example.invalid,Singapore,2020-11-16,Premium,3614.36
4343,Synthetic Customer 04343,customer04343@example.invalid,UK,2023-12-01,Standard,4402.63
4344,Synthetic Customer 04344,customer04344@example.invalid,Australia,2023-04-17,Standard,15384.35
4345,Synthetic Customer 04345,customer04345@example.invalid,USA,2025-08-06,Basic,18004.58
4346,Synthetic Customer 04346,customer04346@example.invalid,Australia,2023-02-02,Premium,7574.60
4347,Synthetic Customer 04347,customer04347@example.invalid,India,2022-10-01,Basic,18330.48
4348,Synthetic Customer 04348,customer04348@example.invalid,UK,2024-10-16,Standard,4462.57
4349,Synthetic Customer 04349,customer04349@example.invalid,Australia,2023-01-27,Basic,13220.19
4350,Synthetic Customer 04350,customer04350@example.invalid,India,2024-07-17,Standard,4462.50
4351,Synthetic Customer 04351,customer04351@example.invalid,USA,2024-04-16,Premium,17939.09
4352,Synthetic Customer 04352,customer04352@example.invalid,USA,2020-09-25,Standard,18544.12
4353,Synthetic Customer 04353,customer04353@example.invalid,UK,2020-08-19,Basic,15194.00
4354,Synthetic Customer 04354,customer04354@example.invalid,USA,2020-11-30,Basic,6221.56
4355,Synthetic Customer 04355,customer04355@example.invalid,UK,2020-01-13,Standard,12058.60
4356,Synthetic Customer 04356,customer04356@example.invalid,UK,2025-05-02,Premium,18216.10
4357,Synthetic Customer 04357,customer04357@example.invalid,UK,2022-06-10,Premium,11877.53
4358,Synthetic Customer 04358,customer04358@example.invalid,Australia,2022-03-21,Basic,15916.99
4359,Synthetic Customer 04359,customer04359@example.invalid,Australia,2024-03-26,Standard,9722.20
4360,Synthetic Customer 04360,customer04360@example.invalid,India,2022-06-14,Basic,16788.08
4361,Synthetic Customer 04361,customer04361@example.invalid,India,2023-08-04,Premium,17519.99
4362,Synthetic Customer 04362,customer04362@example.invalid,Singapore,2022-08-16,Basic,15361.73
4363,Synthetic Customer 04363,customer04363@example.invalid,Australia,2020-02-19,Standard,18362.41
4364,Synthetic Customer 04364,customer04364@example.invalid,Germany,2025-05-31,Standard,18551.76
4365,Synthetic Customer 04365,customer04365@example.invalid,Singapore,2023-11-06,Basic,16474.89
4366,Synthetic Customer 04366,customer04366@example.invalid,UK,2025-12-26,Basic,13824.66
4367,Synthetic Customer 04367,customer04367@example.invalid,UK,2023-02-14,Basic,1347.66
4368,Synthetic Customer 04368,customer04368@example.invalid,Australia,2020-08-11,Standard,1634.49
4369,Synthetic Customer 04369,customer04369@example.invalid,Canada,2023-05-10,Standard,13712.35
4370,Synthetic Customer 04370,customer04370@example.invalid,UK,2025-11-11,Standard,13184.13
4371,Synthetic Customer 04371,customer04371@example.invalid,UK,2024-05-18,Standard,17502.41
4372,Synthetic Customer 04372,customer04372@example.invalid,Canada,2024-01-24,Standard,15235.04
4373,Synthetic Customer 04373,customer04373@example.invalid,Germany,2024-05-06,Basic,4668.11
4374,Synthetic Customer 04374,customer04374@example.invalid,USA,2023-01-01,Basic,15549.26
4375,Synthetic Customer 04375,customer04375@example.invalid,UK,2021-05-05,Premium,4087.10
4376,Synthetic Customer 04376,customer04376@example.invalid,Singapore,2025-07-17,Premium,11981.41
4377,Synthetic Customer 04377,customer04377@example.invalid,Germany,2022-11-20,Premium,10034.72
4378,Synthetic Customer 04378,customer04378@example.invalid,UK,2025-01-13,Premium,16392.53
4379,Synthetic Customer 04379,customer04379@example.invalid,UK,2022-06-19,Basic,1805.89
4380,Synthetic Customer 04380,customer04380@example.invalid,Canada,2021-03-02,Basic,10102.90
4381,Synthetic Customer 04381,customer04381@example.invalid,Singapore,2020-12-10,Standard,3230.63
4382,Synthetic Customer 04382,customer04382@example.invalid,UK,2020-02-11,Standard,7998.25
4383,Synthetic Customer 04383,customer04383@example.invalid,India,2020-11-28,Standard,18681.40
4384,Synthetic Customer 04384,customer04384@example.invalid,USA,2025-06-19,Basic,15126.59
4385,Synthetic Customer 04385,customer04385@example.invalid,UK,2023-11-28,Premium,1337.80
4386,Synthetic Customer 04386,customer04386@example.invalid,India,2021-11-28,Standard,14403.91
4387,Synthetic Customer 04387,customer04387@example.invalid,Australia,2021-08-01,Standard,12682.84
4388,Synthetic Customer 04388,customer04388@example.invalid,USA,2025-01-08,Basic,18336.51
4389,Synthetic Customer 04389,customer04389@example.invalid,Singapore,2022-10-28,Standard,168.15
4390,Synthetic Customer 04390,customer04390@example.invalid,USA,2023-07-20,Premium,8394.04
4391,Synthetic Customer 04391,customer04391@example.invalid,Germany,2022-07-28,Premium,2684.81
4392,Synthetic Customer 04392,customer04392@example.invalid,USA,2022-05-14,Premium,1518.93
4393,Synthetic Customer 04393,customer04393@example.invalid,Singapore,2021-10-12,Basic,9858.33
4394,Synthetic Customer 04394,customer04394@example.invalid,UK,2024-06-08,Premium,8151.69
4395,Synthetic Customer 04395,customer04395@example.invalid,UK,2020-10-01,Premium,3844.52
4396,Synthetic Customer 04396,customer04396@example.invalid,USA,2023-05-09,Premium,12340.76
4397,Synthetic Customer 04397,customer04397@example.invalid,Singapore,2022-09-25,Standard,15098.21
4398,Synthetic Customer 04398,customer04398@example.invalid,USA,2022-07-16,Standard,8779.46
4399,Synthetic Customer 04399,customer04399@example.invalid,Australia,2025-03-01,Standard,10132.32
4400,Synthetic Customer 04400,customer04400@example.invalid,Singapore,2022-09-24,Premium,17742.63
4401,Synthetic Customer 04401,customer04401@example.invalid,Australia,2025-11-23,Premium,19967.04
4402,Synthetic Customer 04402,customer04402@example.invalid,Germany,2022-06-18,Basic,4295.29
4403,Synthetic Customer 04403,customer04403@example.invalid,India,2021-11-08,Premium,16283.19
4404,Synthetic Customer 04404,customer04404@example.invalid,USA,2021-03-04,Standard,9114.26
4405,Synthetic Customer 04405,customer04405@example.invalid,Singapore,2020-02-19,Standard,17331.74
4406,Synthetic Customer 04406,customer04406@example.invalid,Australia,2024-05-30,Premium,7788.66
4407,Synthetic Customer 04407,customer04407@example.invalid,India,2020-09-07,Basic,15512.66
4408,Synthetic Customer 04408,customer04408@example.invalid,Germany,2022-01-27,Premium,5699.66
4409,Synthetic Customer 04409,customer04409@example.invalid,India,2020-06-05,Standard,3133.09
4410,Synthetic Customer 04410,customer04410@example.invalid,USA,2022-03-05,Standard,10938.91
4411,Synthetic Customer 04411,customer04411@example.invalid,Canada,2021-12-15,Standard,14544.94
4412,Synthetic Customer 04412,customer04412@example.invalid,Canada,2023-02-04,Basic,8160.77
4413,Synthetic Customer 04413,customer04413@example.invalid,India,2022-11-19,Premium,6065.02
4414,Synthetic Customer 04414,customer04414@example.invalid,Canada,2024-12-22,Standard,16376.15
4415,Synthetic Customer 04415,customer04415@example.invalid,India,2021-01-15,Basic,8648.13
4416,Synthetic Customer 04416,customer04416@example.invalid,Singapore,2021-07-01,Standard,14825.18
4417,Synthetic Customer 04417,customer04417@example.invalid,Singapore,2023-02-09,Basic,10175.84
4418,Synthetic Customer 04418,customer04418@example.invalid,Canada,2025-06-04,Basic,7086.77
4419,Synthetic Customer 04419,customer04419@example.invalid,USA,2020-02-17,Basic,6418.33
4420,Synthetic Customer 04420,customer04420@example.invalid,Singapore,2020-04-24,Basic,16590.47
4421,Synthetic Customer 04421,customer04421@example.invalid,Singapore,2023-04-10,Premium,19166.11
4422,Synthetic Customer 04422,customer04422@example.invalid,USA,2022-10-28,Basic,2260.12
4423,Synthetic Customer 04423,customer04423@example.invalid,USA,2025-04-19,Basic,13972.02
4424,Synthetic Customer 04424,customer04424@example.invalid,India,2023-09-03,Premium,2687.79
4425,Synthetic Customer 04425,customer04425@example.invalid,India,2020-08-28,Basic,14153.82
4426,Synthetic Customer 04426,customer04426@example.invalid,Canada,2022-12-22,Basic,14714.46
4427,Synthetic Customer 04427,customer04427@example.invalid,Canada,2021-12-01,Premium,567.51
4428,Synthetic Customer 04428,customer04428@example.invalid,UK,2023-10-26,Basic,5999.78
4429,Synthetic Customer 04429,customer04429@example.invalid,Australia,2024-02-04,Standard,2725.82
4430,Synthetic Customer 04430,customer04430@example.invalid,Germany,2022-08-30,Basic,6674.35
4431,Synthetic Customer 04431,customer04431@example.invalid,Singapore,2022-06-10,Basic,6295.17
4432,Synthetic Customer 04432,customer04432@example.invalid,UK,2020-09-20,Basic,14647.75
4433,Synthetic Customer 04433,customer04433@example.invalid,Canada,2023-05-22,Premium,9139.80
4434,Synthetic Customer 04434,customer04434@example.invalid,Singapore,2021-06-27,Premium,16622.08
4435,Synthetic Customer 04435,customer04435@example.invalid,India,2025-08-28,Premium,9059.23
4436,Synthetic Customer 04436,customer04436@example.invalid,Australia,2022-04-30,Standard,19328.46
4437,Synthetic Customer 04437,customer04437@example.invalid,Singapore,2025-09-20,Premium,18596.22
4438,Synthetic Customer 04438,customer04438@example.invalid,Australia,2024-03-27,Premium,5803.35
4439,Synthetic Customer 04439,customer04439@example.invalid,UK,2022-08-24,Basic,6783.66
4440,Synthetic Customer 04440,customer04440@example.invalid,Singapore,2024-04-06,Standard,1180.54
4441,Synthetic Customer 04441,customer04441@example.invalid,UK,2022-03-08,Basic,10933.16
4442,Synthetic Customer 04442,customer04442@example.invalid,Singapore,2020-12-31,Premium,13392.45
4443,Synthetic Customer 04443,customer04443@example.invalid,Germany,2021-09-21,Premium,6765.95
4444,Synthetic Customer 04444,customer04444@example.invalid,Singapore,2021-10-03,Basic,15505.28
4445,Synthetic Customer 04445,customer04445@example.invalid,India,2023-07-25,Standard,8450.69
4446,Synthetic Customer 04446,customer04446@example.invalid,Singapore,2020-01-15,Basic,18268.41
4447,Synthetic Customer 04447,customer04447@example.invalid,Germany,2021-10-17,Premium,3317.51
4448,Synthetic Customer 04448,customer04448@example.invalid,UK,2024-02-19,Standard,740.16
4449,Synthetic Customer 04449,customer04449@example.invalid,Australia,2023-06-12,Standard,18181.80
4450,Synthetic Customer 04450,customer04450@example.invalid,Singapore,2022-08-17,Standard,5685.74
4451,Synthetic Customer 04451,customer04451@example.invalid,USA,2021-02-16,Standard,8053.81
4452,Synthetic Customer 04452,customer04452@example.invalid,Singapore,2025-05-04,Basic,9866.84
4453,Synthetic Customer 04453,customer04453@example.invalid,India,2020-08-01,Premium,15781.46
4454,Synthetic Customer 04454,customer04454@example.invalid,Canada,2022-09-06,Premium,16969.45
4455,Synthetic Customer 04455,customer04455@example.invalid,USA,2025-03-09,Basic,1998.40
4456,Synthetic Customer 04456,customer04456@example.invalid,Singapore,2020-06-27,Premium,9804.34
4457,Synthetic Customer 04457,customer04457@example.invalid,USA,2024-07-11,Premium,5057.66
4458,Synthetic Customer 04458,customer04458@example.invalid,Germany,2020-07-06,Premium,13321.52
4459,Synthetic Customer 04459,customer04459@example.invalid,UK,2020-04-26,Standard,30.46
4460,Synthetic Customer 04460,customer04460@example.invalid,Canada,2023-10-15,Basic,3459.12
4461,Synthetic Customer 04461,customer04461@example.invalid,Canada,2020-08-07,Standard,11739.67
4462,Synthetic Customer 04462,customer04462@example.invalid,India,2020-11-16,Premium,14786.55
4463,Synthetic Customer 04463,customer04463@example.invalid,Canada,2024-11-11,Basic,2640.02
4464,Synthetic Customer 04464,customer04464@example.invalid,USA,2024-09-16,Premium,9405.51
4465,Synthetic Customer 04465,customer04465@example.invalid,Canada,2022-04-06,Basic,19778.77
4466,Synthetic Customer 04466,customer04466@example.invalid,UK,2021-03-08,Basic,6162.24
4467,Synthetic Customer 04467,customer04467@example.invalid,USA,2020-05-03,Basic,13704.71
4468,Synthetic Customer 04468,customer04468@example.invalid,USA,2020-09-06,Standard,6562.34
4469,Synthetic Customer 04469,customer04469@example.invalid,India,2025-07-14,Basic,13234.12
4470,Synthetic Customer 04470,customer04470@example.invalid,Germany,2023-10-06,Premium,8315.70
4471,Synthetic Customer 04471,customer04471@example.invalid,Singapore,2025-12-14,Standard,11101.84
4472,Synthetic Customer 04472,customer04472@example.invalid,India,2024-04-26,Premium,12776.29
4473,Synthetic Customer 04473,customer04473@example.invalid,Canada,invalid-date,Standard,13316.40
4474,Synthetic Customer 04474,customer04474@example.invalid,Australia,2025-01-19,Premium,14456.47
4475,Synthetic Customer 04475,customer04475@example.invalid,Germany,2020-10-28,Basic,9059.54
4476,Synthetic Customer 04476,customer04476@example.invalid,Germany,2025-06-09,Premium,521.85
4477,Synthetic Customer 04477,customer04477@example.invalid,Australia,2025-10-10,Premium,16475.24
4478,Synthetic Customer 04478,customer04478@example.invalid,UK,2023-06-08,Basic,8623.01
4479,Synthetic Customer 04479,customer04479@example.invalid,UK,2025-05-25,Standard,14683.02
4480,Synthetic Customer 04480,customer04480@example.invalid,Australia,2025-02-06,Basic,9069.25
4481,Synthetic Customer 04481,customer04481@example.invalid,Germany,2025-07-20,Standard,13853.51
4482,Synthetic Customer 04482,customer04482@example.invalid,Australia,2023-05-17,Premium,14134.55
4483,Synthetic Customer 04483,customer04483@example.invalid,Germany,2020-04-16,Standard,7557.11
4484,Synthetic Customer 04484,customer04484@example.invalid,UK,2020-08-13,Basic,5634.05
4485,Synthetic Customer 04485,customer04485@example.invalid,Singapore,2020-03-29,Premium,15562.71
4486,Synthetic Customer 04486,customer04486@example.invalid,Singapore,2020-10-26,Premium,8634.21
4487,Synthetic Customer 04487,customer04487@example.invalid,Singapore,2025-05-21,Standard,518.90
4488,Synthetic Customer 04488,customer04488@example.invalid,India,2020-05-12,Standard,1557.36
4489,Synthetic Customer 04489,customer04489@example.invalid,India,2025-03-24,Basic,12669.98
4490,Synthetic Customer 04490,customer04490@example.invalid,USA,2020-05-08,Standard,17223.04
4491,Synthetic Customer 04491,customer04491@example.invalid,Singapore,2020-07-31,Premium,1063.91
4492,Synthetic Customer 04492,customer04492@example.invalid,Australia,2025-08-07,Standard,15108.43
4493,Synthetic Customer 04493,customer04493@example.invalid,UK,2024-10-25,Basic,4265.56
4494,Synthetic Customer 04494,customer04494@example.invalid,Germany,2022-01-25,Premium,19103.86
4495,Synthetic Customer 04495,customer04495@example.invalid,Germany,2023-07-27,Premium,8728.97
4496,Synthetic Customer 04496,customer04496@example.invalid,Singapore,2022-03-12,Basic,13334.06
4497,Synthetic Customer 04497,customer04497@example.invalid,India,2022-03-10,Basic,12769.18
4498,Synthetic Customer 04498,customer04498@example.invalid,USA,2024-02-19,Premium,5116.13
4499,Synthetic Customer 04499,customer04499@example.invalid,Singapore,2023-04-18,Basic,3319.45
4500,Synthetic Customer 04500,customer04500@example.invalid,Singapore,2020-02-11,Basic,5305.39
4501,Synthetic Customer 04501,customer04501@example.invalid,Canada,2024-12-13,Premium,17655.57
4502,Synthetic Customer 04502,customer04502@example.invalid,India,2025-11-26,Premium,1007.78
4503,Synthetic Customer 04503,customer04503@example.invalid,Australia,2021-03-27,Standard,9202.79
4504,Synthetic Customer 04504,customer04504@example.invalid,Canada,2023-09-23,Standard,15249.11
4505,Synthetic Customer 04505,customer04505@example.invalid,USA,2023-03-07,Basic,16381.65
4506,Synthetic Customer 04506,customer04506@example.invalid,Australia,2021-06-26,Premium,9172.63
4507,Synthetic Customer 04507,customer04507@example.invalid,Canada,2025-04-03,Standard,7890.57
4508,Synthetic Customer 04508,customer04508@example.invalid,Canada,2020-04-11,Premium,-100.00
4509,Synthetic Customer 04509,customer04509@example.invalid,India,2020-01-22,Standard,18959.92
4510,Synthetic Customer 04510,customer04510@example.invalid,Australia,2022-06-09,Premium,8901.10
4511,Synthetic Customer 04511,customer04511@example.invalid,India,2025-11-19,Premium,16227.52
4512,Synthetic Customer 04512,customer04512@example.invalid,Singapore,2021-03-07,Premium,9747.37
4513,Synthetic Customer 04513,customer04513@example.invalid,Germany,2022-06-22,Basic,10993.70
4514,Synthetic Customer 04514,customer04514@example.invalid,Germany,2021-10-30,Standard,8093.90
4515,Synthetic Customer 04515,customer04515@example.invalid,UK,2025-01-28,Standard,9972.96
4516,Synthetic Customer 04516,customer04516@example.invalid,Singapore,2023-08-15,Premium,19267.91
4517,Synthetic Customer 04517,customer04517@example.invalid,Australia,2022-03-19,Basic,2028.12
4518,Synthetic Customer 04518,customer04518@example.invalid,Australia,2020-09-29,Basic,10621.98
4519,Synthetic Customer 04519,customer04519@example.invalid,India,2023-10-01,Premium,8940.13
4520,Synthetic Customer 04520,customer04520@example.invalid,USA,2025-09-07,Premium,3393.75
4521,Synthetic Customer 04521,customer04521@example.invalid,Germany,2025-07-23,Standard,10267.80
4522,Synthetic Customer 04522,customer04522@example.invalid,Singapore,2021-10-15,Premium,8752.69
4523,Synthetic Customer 04523,customer04523@example.invalid,Canada,2022-07-30,Premium,17346.61
4524,Synthetic Customer 04524,customer04524@example.invalid,India,2023-01-29,Premium,19777.43
4525,Synthetic Customer 04525,customer04525@example.invalid,Canada,2024-11-05,Premium,19304.65
4526,Synthetic Customer 04526,customer04526@example.invalid,India,2020-03-02,Premium,89.13
4527,Synthetic Customer 04527,customer04527@example.invalid,Australia,2022-11-25,Standard,7545.05
4528,Synthetic Customer 04528,customer04528@example.invalid,Australia,2024-10-17,Premium,6779.37
4529,Synthetic Customer 04529,customer04529@example.invalid,UK,2025-06-18,Basic,16658.37
4530,Synthetic Customer 04530,customer04530@example.invalid,Singapore,2025-05-03,Basic,15913.05
4531,Synthetic Customer 04531,customer04531@example.invalid,Singapore,2021-01-29,Standard,2684.57
4532,Synthetic Customer 04532,customer04532@example.invalid,India,2021-08-28,Premium,9824.10
4533,Synthetic Customer 04533,customer04533@example.invalid,Australia,2023-12-19,Basic,18398.41
4534,Synthetic Customer 04534,customer04534@example.invalid,USA,2023-06-23,Basic,10873.54
4535,Synthetic Customer 04535,customer04535@example.invalid,USA,2023-02-07,Premium,11390.65
4536,Synthetic Customer 04536,customer04536@example.invalid,Canada,2023-04-28,Standard,1392.84
4537,Synthetic Customer 04537,customer04537@example.invalid,India,2024-06-08,Premium,237.82
4538,Synthetic Customer 04538,customer04538@example.invalid,Germany,2022-09-16,Basic,19906.88
4539,Synthetic Customer 04539,customer04539@example.invalid,UK,2021-05-09,Premium,17623.50
4540,Synthetic Customer 04540,customer04540@example.invalid,Australia,2021-03-29,Standard,15945.20
4541,Synthetic Customer 04541,customer04541@example.invalid,India,2022-02-15,Basic,7796.09
4542,Synthetic Customer 04542,customer04542@example.invalid,Canada,2024-10-28,Standard,10963.36
4543,Synthetic Customer 04543,customer04543@example.invalid,India,2025-09-26,Premium,3393.05
4544,Synthetic Customer 04544,customer04544@example.invalid,USA,2021-05-22,Premium,15415.59
4545,Synthetic Customer 04545,customer04545@example.invalid,Germany,2022-02-28,Premium,3589.03
4546,Synthetic Customer 04546,customer04546@example.invalid,UK,2023-04-04,Premium,15308.03
4547,Synthetic Customer 04547,customer04547@example.invalid,Singapore,2025-06-28,Basic,7627.32
4548,Synthetic Customer 04548,customer04548@example.invalid,USA,2023-05-29,Premium,9178.08
4549,Synthetic Customer 04549,customer04549@example.invalid,Canada,2024-03-29,Standard,4930.87
4550,Synthetic Customer 04550,customer04550@example.invalid,India,2024-03-07,Standard,1561.62
4551,Synthetic Customer 04551,customer04551@example.invalid,USA,2020-10-29,Basic,16304.51
4552,Synthetic Customer 04552,customer04552@example.invalid,UK,2024-08-13,Basic,8580.75
4553,Synthetic Customer 04553,customer04553@example.invalid,Singapore,2020-01-11,Standard,8405.14
4554,Synthetic Customer 04554,customer04554@example.invalid,Singapore,2020-07-11,Basic,12708.88
4555,Synthetic Customer 04555,customer04555@example.invalid,USA,2025-04-30,Standard,2435.08
4556,Synthetic Customer 04556,customer04556@example.invalid,Australia,2023-12-03,Standard,4662.59
4557,Synthetic Customer 04557,customer04557@example.invalid,Germany,2021-11-22,Standard,7945.32
4558,Synthetic Customer 04558,customer04558@example.invalid,Australia,2021-02-01,Basic,17392.38
4559,Synthetic Customer 04559,customer04559@example.invalid,USA,2024-02-09,Premium,15142.54
4560,Synthetic Customer 04560,customer04560@example.invalid,USA,2025-07-21,Basic,11000.87
4561,Synthetic Customer 04561,customer04561@example.invalid,India,2023-02-03,Premium,10840.86
4562,Synthetic Customer 04562,customer04562@example.invalid,USA,2024-04-04,Basic,16587.84
4563,Synthetic Customer 04563,customer04563@example.invalid,Canada,2020-03-21,Premium,18484.01
4564,Synthetic Customer 04564,customer04564@example.invalid,Canada,2024-03-18,Standard,4256.84
4565,Synthetic Customer 04565,customer04565@example.invalid,Canada,2020-11-01,Basic,18970.96
4566,Synthetic Customer 04566,customer04566@example.invalid,UK,2020-03-21,Standard,6413.97
4567,Synthetic Customer 04567,customer04567@example.invalid,Singapore,2022-08-03,Standard,11364.44
4568,Synthetic Customer 04568,customer04568@example.invalid,Singapore,2025-03-21,Premium,17874.30
4569,Synthetic Customer 04569,customer04569@example.invalid,Singapore,2025-11-15,Basic,3102.09
4570,Synthetic Customer 04570,customer04570@example.invalid,Singapore,2024-09-07,Standard,16051.09
4571,Synthetic Customer 04571,customer04571@example.invalid,Germany,2020-07-25,Basic,15239.89
4572,Synthetic Customer 04572,customer04572@example.invalid,Singapore,2025-02-15,Premium,16994.97
4573,Synthetic Customer 04573,customer04573@example.invalid,Singapore,2020-09-02,Premium,5319.75
4574,Synthetic Customer 04574,customer04574@example.invalid,Germany,2025-06-22,Standard,16021.04
4575,Synthetic Customer 04575,customer04575@example.invalid,USA,2023-12-20,Basic,6820.29
4576,Synthetic Customer 04576,customer04576@example.invalid,India,2024-08-27,Basic,11168.29
4577,Synthetic Customer 04577,customer04577@example.invalid,UK,2022-11-02,Standard,11694.88
4578,Synthetic Customer 04578,customer04578@example.invalid,Canada,2025-10-26,Basic,18383.13
4579,Synthetic Customer 04579,customer04579@example.invalid,India,2022-02-20,Standard,12060.81
4580,Synthetic Customer 04580,customer04580@example.invalid,Australia,2025-12-26,Standard,14288.82
4581,Synthetic Customer 04581,customer04581@example.invalid,India,2025-08-12,Premium,1753.52
4582,Synthetic Customer 04582,customer04582@example.invalid,UK,2022-01-04,Premium,16302.92
4583,Synthetic Customer 04583,customer04583@example.invalid,India,2022-09-07,Basic,16984.39
4584,Synthetic Customer 04584,customer04584@example.invalid,India,2025-12-08,Basic,10361.02
4585,Synthetic Customer 04585,customer04585@example.invalid,Australia,2025-02-04,Basic,10685.03
4586,Synthetic Customer 04586,customer04586@example.invalid,Canada,2020-04-18,Premium,17118.91
4587,Synthetic Customer 04587,customer04587@example.invalid,Australia,2021-06-21,Standard,16454.68
4588,Synthetic Customer 04588,customer04588@example.invalid,UK,2020-10-31,Standard,4542.21
4589,Synthetic Customer 04589,customer04589@example.invalid,USA,2023-05-29,Standard,9969.61
4590,Synthetic Customer 04590,customer04590@example.invalid,Germany,2022-03-29,Premium,3412.94
4591,Synthetic Customer 04591,customer04591@example.invalid,Australia,2020-10-19,Premium,3881.58
4592,Synthetic Customer 04592,,Germany,2021-09-20,Basic,1732.17
4593,Synthetic Customer 04593,customer04593@example.invalid,India,2020-08-19,Standard,16572.34
4594,Synthetic Customer 04594,customer04594@example.invalid,Australia,2022-05-10,Premium,6011.66
4595,Synthetic Customer 04595,customer04595@example.invalid,India,2024-02-16,Standard,12157.40
4596,Synthetic Customer 04596,customer04596@example.invalid,UK,2021-11-21,Basic,1121.98
4597,Synthetic Customer 04597,customer04597@example.invalid,Canada,2025-06-30,Basic,996.42
4598,Synthetic Customer 04598,customer04598@example.invalid,UK,2021-01-28,Standard,14634.66
4599,Synthetic Customer 04599,customer04599@example.invalid,Germany,2020-04-25,Premium,9591.16
4600,Synthetic Customer 04600,customer04600@example.invalid,Australia,2020-03-07,Basic,100.41
4601,Synthetic Customer 04601,customer04601@example.invalid,Singapore,2020-02-28,Premium,14282.82
4602,Synthetic Customer 04602,customer04602@example.invalid,UK,2025-04-13,Basic,8397.02
4603,Synthetic Customer 04603,customer04603@example.invalid,UK,2022-03-01,Standard,2909.30
4604,Synthetic Customer 04604,customer04604@example.invalid,UK,2023-07-28,Standard,6578.05
4605,Synthetic Customer 04605,customer04605@example.invalid,Singapore,2020-12-23,Standard,17371.40
4606,Synthetic Customer 04606,customer04606@example.invalid,Germany,2025-02-07,Basic,3270.99
4607,Synthetic Customer 04607,customer04607@example.invalid,Australia,2023-03-14,Premium,17271.32
4608,Synthetic Customer 04608,customer04608@example.invalid,USA,2023-07-25,Premium,3778.85
4609,Synthetic Customer 04609,customer04609@example.invalid,India,2023-04-09,Standard,17295.25
4610,Synthetic Customer 04610,customer04610@example.invalid,Australia,2025-01-25,Premium,15424.46
4611,Synthetic Customer 04611,,Canada,2024-05-15,Standard,4837.35
4612,Synthetic Customer 04612,customer04612@example.invalid,Singapore,2022-07-28,Premium,7866.69
4613,Synthetic Customer 04613,customer04613@example.invalid,Australia,2023-05-21,Premium,11427.46
4614,Synthetic Customer 04614,customer04614@example.invalid,USA,2022-06-26,Standard,13120.42
4615,Synthetic Customer 04615,customer04615@example.invalid,India,2025-06-06,Basic,15860.46
4616,Synthetic Customer 04616,customer04616@example.invalid,Australia,2021-12-05,Standard,4568.59
4617,Synthetic Customer 04617,customer04617@example.invalid,Canada,2022-06-18,Standard,5760.79
4618,Synthetic Customer 04618,customer04618@example.invalid,Germany,2022-07-19,Premium,6943.10
4619,Synthetic Customer 04619,customer04619@example.invalid,Germany,2024-08-11,Premium,3318.11
4620,Synthetic Customer 04620,customer04620@example.invalid,Canada,2023-03-24,Standard,5536.88
4621,Synthetic Customer 04621,customer04621@example.invalid,Singapore,2023-12-30,Premium,7613.13
4622,Synthetic Customer 04622,customer04622@example.invalid,USA,2023-03-18,Basic,11815.40
4623,Synthetic Customer 04623,customer04623@example.invalid,Australia,2020-12-10,Premium,12416.80
4624,Synthetic Customer 04624,customer04624@example.invalid,UK,2020-02-06,Basic,11680.12
4625,Synthetic Customer 04625,customer04625@example.invalid,Australia,2023-05-31,Premium,10903.21
4626,Synthetic Customer 04626,customer04626@example.invalid,Singapore,2022-10-17,Premium,18538.44
4627,Synthetic Customer 04627,customer04627@example.invalid,India,2022-12-04,Premium,11771.68
4628,Synthetic Customer 04628,customer04628@example.invalid,Canada,2020-05-23,Basic,12758.80
4629,Synthetic Customer 04629,customer04629@example.invalid,UK,2024-04-25,Premium,8773.41
4630,Synthetic Customer 04630,customer04630@example.invalid,USA,2025-09-05,Basic,12670.94
4631,Synthetic Customer 04631,customer04631@example.invalid,Germany,2020-03-13,Standard,19760.32
4632,Synthetic Customer 04632,customer04632@example.invalid,Australia,2022-12-04,Basic,1365.70
4633,Synthetic Customer 04633,customer04633@example.invalid,India,2022-05-08,Standard,18140.21
4634,Synthetic Customer 04634,customer04634@example.invalid,India,2024-06-12,Standard,698.53
4635,Synthetic Customer 04635,customer04635@example.invalid,USA,2023-05-26,Premium,1961.99
4636,Synthetic Customer 04636,,Canada,2024-09-08,Premium,16612.52
4637,Synthetic Customer 04637,customer04637@example.invalid,UK,2020-02-15,Standard,19968.30
4638,Synthetic Customer 04638,customer04638@example.invalid,Germany,2022-05-22,Standard,1407.00
4639,Synthetic Customer 04639,customer04639@example.invalid,Singapore,2025-12-12,Standard,7521.94
4640,Synthetic Customer 04640,customer04640@example.invalid,Germany,2023-12-27,Basic,7458.73
4641,Synthetic Customer 04641,customer04641@example.invalid,Germany,2021-10-18,Standard,9460.91
4642,Synthetic Customer 04642,customer04642@example.invalid,USA,2023-05-13,Basic,6151.62
4643,Synthetic Customer 04643,customer04643@example.invalid,UK,2021-12-16,Standard,12429.59
4644,Synthetic Customer 04644,customer04644@example.invalid,Australia,2025-08-30,Standard,7926.36
4645,Synthetic Customer 04645,customer04645@example.invalid,India,2022-05-11,Basic,3611.91
4646,Synthetic Customer 04646,customer04646@example.invalid,India,2022-05-18,Standard,4878.62
4647,Synthetic Customer 04647,customer04647@example.invalid,Germany,2021-09-18,Basic,6810.07
4648,Synthetic Customer 04648,customer04648@example.invalid,UK,2023-05-22,Basic,4223.00
4649,Synthetic Customer 04649,customer04649@example.invalid,Canada,2021-10-03,Premium,15559.65
4650,Synthetic Customer 04650,customer04650@example.invalid,UK,2025-06-21,Standard,13114.22
4651,Synthetic Customer 04651,customer04651@example.invalid,Singapore,2021-09-19,Basic,4891.40
4652,Synthetic Customer 04652,customer04652@example.invalid,Germany,2022-09-12,Basic,416.76
4653,Synthetic Customer 04653,customer04653@example.invalid,Germany,2021-08-27,Standard,5703.87
4654,Synthetic Customer 04654,customer04654@example.invalid,Germany,2023-09-08,Standard,18498.58
4655,Synthetic Customer 04655,customer04655@example.invalid,India,2021-10-04,Premium,13324.94
4656,Synthetic Customer 04656,customer04656@example.invalid,USA,2023-01-20,Standard,10468.56
4657,Synthetic Customer 04657,customer04657@example.invalid,Singapore,2025-02-10,Standard,7465.58
4658,Synthetic Customer 04658,customer04658@example.invalid,Germany,2020-04-16,Standard,697.30
4659,Synthetic Customer 04659,customer04659@example.invalid,India,2024-12-24,Basic,10402.52
4660,Synthetic Customer 04660,customer04660@example.invalid,Canada,2023-03-30,Standard,7532.09
4661,Synthetic Customer 04661,customer04661@example.invalid,Canada,2021-05-11,Standard,19065.31
4662,Synthetic Customer 04662,customer04662@example.invalid,Singapore,2022-10-02,Standard,300.12
4663,Synthetic Customer 04663,customer04663@example.invalid,Australia,2020-04-26,Standard,7399.43
4664,Synthetic Customer 04664,customer04664@example.invalid,UK,2021-12-17,Premium,17710.97
4665,Synthetic Customer 04665,customer04665@example.invalid,India,2022-08-09,Premium,12140.23
4666,Synthetic Customer 04666,customer04666@example.invalid,Singapore,2022-01-14,Basic,12493.85
4667,Synthetic Customer 04667,customer04667@example.invalid,UK,2020-12-03,Premium,1279.60
4668,Synthetic Customer 04668,customer04668@example.invalid,Germany,2021-03-23,Basic,3306.83
4669,Synthetic Customer 04669,customer04669@example.invalid,India,2021-05-13,Standard,2699.76
4670,Synthetic Customer 04670,customer04670@example.invalid,Canada,2025-05-24,Standard,8563.22
4671,Synthetic Customer 04671,customer04671@example.invalid,India,2022-09-21,Standard,17362.02
4672,Synthetic Customer 04672,customer04672@example.invalid,UK,2020-10-24,Basic,9747.98
4673,Synthetic Customer 04673,customer04673@example.invalid,Germany,2021-09-14,Standard,12498.33
4674,Synthetic Customer 04674,customer04674@example.invalid,India,2021-10-20,Premium,6063.71
4675,Synthetic Customer 04675,customer04675@example.invalid,Australia,2020-10-03,Standard,10211.86
4676,Synthetic Customer 04676,customer04676@example.invalid,India,2025-11-02,Basic,10388.94
4677,Synthetic Customer 04677,customer04677@example.invalid,India,2022-07-24,Basic,13031.14
4678,Synthetic Customer 04678,customer04678@example.invalid,Singapore,2024-03-07,Basic,13368.83
4679,Synthetic Customer 04679,customer04679@example.invalid,Germany,2024-11-16,Basic,5660.86
4680,Synthetic Customer 04680,customer04680@example.invalid,USA,2025-08-08,Premium,2892.96
4681,Synthetic Customer 04681,customer04681@example.invalid,Germany,2020-03-07,Basic,9351.78
4682,Synthetic Customer 04682,customer04682@example.invalid,USA,2020-02-11,Premium,14592.10
4683,Synthetic Customer 04683,customer04683@example.invalid,Australia,2025-06-13,Premium,3658.74
4684,Synthetic Customer 04684,customer04684@example.invalid,USA,2021-10-27,Basic,16534.86
4685,Synthetic Customer 04685,customer04685@example.invalid,Germany,2020-07-11,Standard,3844.90
4686,Synthetic Customer 04686,customer04686@example.invalid,USA,2025-08-18,Basic,12985.69
4687,Synthetic Customer 04687,customer04687@example.invalid,Canada,2021-03-25,Premium,10792.28
4688,Synthetic Customer 04688,customer04688@example.invalid,UK,2020-02-11,Premium,13749.28
4689,Synthetic Customer 04689,customer04689@example.invalid,Germany,2023-07-14,Premium,8672.96
4690,Synthetic Customer 04690,customer04690@example.invalid,USA,2020-07-05,Premium,14823.85
4691,Synthetic Customer 04691,customer04691@example.invalid,UK,2024-04-09,Premium,914.28
4692,Synthetic Customer 04692,customer04692@example.invalid,Singapore,2021-10-27,Standard,18253.77
4693,Synthetic Customer 04693,customer04693@example.invalid,USA,2022-02-24,Standard,15900.96
4694,Synthetic Customer 04694,customer04694@example.invalid,USA,2024-12-24,Premium,3739.83
4695,Synthetic Customer 04695,customer04695@example.invalid,USA,2022-11-25,Basic,9110.11
4696,Synthetic Customer 04696,customer04696@example.invalid,UK,2021-01-22,Premium,4481.07
4697,Synthetic Customer 04697,customer04697@example.invalid,Germany,2025-03-03,Basic,19936.52
4698,Synthetic Customer 04698,customer04698@example.invalid,Canada,2020-05-12,Standard,7548.04
4699,Synthetic Customer 04699,customer04699@example.invalid,USA,2023-07-09,Premium,4549.78
4700,Synthetic Customer 04700,customer04700@example.invalid,Singapore,2023-12-13,Standard,6634.66
4701,Synthetic Customer 04701,customer04701@example.invalid,Singapore,2024-11-11,Premium,8716.77
4702,Synthetic Customer 04702,customer04702@example.invalid,Singapore,2021-01-05,Premium,6587.54
4703,Synthetic Customer 04703,customer04703@example.invalid,Singapore,2020-01-06,Basic,5799.71
4704,Synthetic Customer 04704,customer04704@example.invalid,Singapore,2021-04-01,Standard,14714.88
4705,Synthetic Customer 04705,customer04705@example.invalid,Canada,2024-01-02,Standard,1606.28
4706,Synthetic Customer 04706,customer04706@example.invalid,Australia,2020-11-03,Premium,17207.81
4707,Synthetic Customer 04707,customer04707@example.invalid,Singapore,2025-09-13,Basic,11563.80
4708,Synthetic Customer 04708,customer04708@example.invalid,Singapore,2024-05-13,Premium,16798.74
4709,Synthetic Customer 04709,customer04709@example.invalid,India,2024-12-18,Basic,15407.83
4710,Synthetic Customer 04710,customer04710@example.invalid,UK,2024-10-10,Basic,1058.49
4711,Synthetic Customer 04711,customer04711@example.invalid,Singapore,2023-10-17,Standard,9923.51
4712,Synthetic Customer 04712,customer04712@example.invalid,Singapore,2021-04-17,Premium,13997.60
4713,Synthetic Customer 04713,customer04713@example.invalid,Canada,2022-02-08,Standard,9974.03
4714,Synthetic Customer 04714,customer04714@example.invalid,India,2021-03-15,Standard,7540.47
4715,Synthetic Customer 04715,customer04715@example.invalid,Canada,2023-08-02,Premium,9540.26
4716,Synthetic Customer 04716,customer04716@example.invalid,UK,2025-11-06,Standard,9694.22
4717,Synthetic Customer 04717,customer04717@example.invalid,India,2024-03-12,Premium,12930.37
4718,Synthetic Customer 04718,customer04718@example.invalid,Canada,2024-06-27,Basic,40.23
4719,Synthetic Customer 04719,customer04719@example.invalid,USA,2020-08-15,Basic,16949.27
4720,Synthetic Customer 04720,customer04720@example.invalid,Germany,2022-11-17,Basic,14713.00
4721,Synthetic Customer 04721,customer04721@example.invalid,Germany,2024-03-01,Basic,4275.18
4722,Synthetic Customer 04722,customer04722@example.invalid,Australia,2023-10-04,Basic,4369.19
4723,Synthetic Customer 04723,customer04723@example.invalid,Singapore,2020-07-27,Basic,12122.50
4724,Synthetic Customer 04724,customer04724@example.invalid,India,2020-08-19,Standard,5610.47
4725,Synthetic Customer 04725,customer04725@example.invalid,USA,2022-03-05,Standard,1827.53
4726,Synthetic Customer 04726,customer04726@example.invalid,Singapore,2025-09-12,Standard,6253.75
4727,Synthetic Customer 04727,customer04727@example.invalid,Canada,2023-01-28,Basic,14566.40
4728,Synthetic Customer 04728,customer04728@example.invalid,Canada,2022-07-03,Basic,12035.73
4729,Synthetic Customer 04729,customer04729@example.invalid,UK,2022-06-26,Standard,18095.46
4730,Synthetic Customer 04730,customer04730@example.invalid,UK,2023-01-02,Standard,7064.01
4731,Synthetic Customer 04731,customer04731@example.invalid,Australia,2022-12-03,Standard,invalid-decimal
4732,Synthetic Customer 04732,customer04732@example.invalid,India,2024-05-02,Premium,16102.46
4733,Synthetic Customer 04733,customer04733@example.invalid,India,2024-07-19,Premium,2628.09
4734,Synthetic Customer 04734,customer04734@example.invalid,Germany,2021-08-31,Premium,2131.78
4735,Synthetic Customer 04735,customer04735@example.invalid,Canada,2025-10-16,Standard,11518.51
4736,Synthetic Customer 04736,customer04736@example.invalid,Singapore,2023-09-27,Premium,19810.51
4737,Synthetic Customer 04737,customer04737@example.invalid,UK,2020-09-26,Basic,2041.22
4738,Synthetic Customer 04738,customer04738@example.invalid,Singapore,2025-08-21,Premium,13799.97
4739,Synthetic Customer 04739,customer04739@example.invalid,Singapore,2024-09-30,Basic,17973.02
4740,Synthetic Customer 04740,customer04740@example.invalid,UK,2025-06-11,Basic,19235.66
4741,Synthetic Customer 04741,customer04741@example.invalid,India,2020-06-23,Standard,5082.86
4742,Synthetic Customer 04742,customer04742@example.invalid,UK,2024-05-19,Standard,17946.62
4743,Synthetic Customer 04743,customer04743@example.invalid,India,2025-01-06,Basic,18453.10
4744,Synthetic Customer 04744,customer04744@example.invalid,Australia,2023-09-23,Standard,4988.13
4745,Synthetic Customer 04745,customer04745@example.invalid,India,2025-09-30,Basic,9783.65
4746,Synthetic Customer 04746,customer04746@example.invalid,USA,2024-02-15,Standard,17333.23
4747,Synthetic Customer 04747,customer04747@example.invalid,USA,2025-10-11,Premium,14611.73
4748,Synthetic Customer 04748,customer04748@example.invalid,Australia,2022-03-14,Basic,4697.18
4749,Synthetic Customer 04749,customer04749@example.invalid,USA,2022-02-24,Standard,19655.33
4750,Synthetic Customer 04750,customer04750@example.invalid,Canada,2024-12-01,Standard,13260.25
4751,Synthetic Customer 04751,customer04751@example.invalid,India,2025-02-12,Standard,9939.47
4752,Synthetic Customer 04752,customer04752@example.invalid,Australia,2020-02-02,Basic,19794.95
4753,Synthetic Customer 04753,customer04753@example.invalid,Singapore,2020-06-09,Premium,568.47
4754,Synthetic Customer 04754,customer04754@example.invalid,Canada,2020-02-03,Premium,4153.09
4755,Synthetic Customer 04755,customer04755@example.invalid,India,2022-06-10,Standard,16980.55
4756,Synthetic Customer 04756,customer04756@example.invalid,UK,2022-04-20,Premium,14059.75
4757,Synthetic Customer 04757,customer04757@example.invalid,Singapore,2023-11-27,Standard,12509.66
4758,Synthetic Customer 04758,customer04758@example.invalid,India,2025-07-06,Standard,1994.20
4759,Synthetic Customer 04759,customer04759@example.invalid,Singapore,2025-01-18,Standard,11946.89
4760,Synthetic Customer 04760,,Germany,2021-05-26,Standard,13412.73
4761,Synthetic Customer 04761,customer04761@example.invalid,Australia,2022-06-26,Basic,12291.09
4762,Synthetic Customer 04762,customer04762@example.invalid,Canada,2023-08-02,Premium,9732.37
4763,Synthetic Customer 04763,customer04763@example.invalid,USA,2021-05-28,Premium,5089.59
4764,Synthetic Customer 04764,customer04764@example.invalid,India,2024-02-02,Premium,14571.10
4765,Synthetic Customer 04765,customer04765@example.invalid,USA,2021-03-31,Basic,9578.86
4766,Synthetic Customer 04766,customer04766@example.invalid,Canada,2024-08-12,Standard,5529.21
4767,Synthetic Customer 04767,customer04767@example.invalid,USA,2024-12-21,Basic,945.68
4768,Synthetic Customer 04768,customer04768@example.invalid,Germany,2020-04-16,Premium,772.29
4769,Synthetic Customer 04769,customer04769@example.invalid,Germany,2025-02-26,Basic,4812.25
4770,Synthetic Customer 04770,customer04770@example.invalid,Canada,2023-02-26,Standard,8445.60
4771,Synthetic Customer 04771,customer04771@example.invalid,Germany,2025-09-08,Basic,2475.25
4772,Synthetic Customer 04772,customer04772@example.invalid,Canada,2020-09-03,Standard,19986.96
4773,Synthetic Customer 04773,customer04773@example.invalid,Canada,2022-01-24,Premium,5580.20
4774,Synthetic Customer 04774,customer04774@example.invalid,USA,2022-01-10,Premium,10382.21
4775,Synthetic Customer 04775,customer04775@example.invalid,Canada,2025-05-22,Standard,19407.72
4776,Synthetic Customer 04776,customer04776@example.invalid,USA,2023-01-30,Premium,13007.71
4777,Synthetic Customer 04777,customer04777@example.invalid,UK,2024-05-27,Standard,8942.54
4778,Synthetic Customer 04778,customer04778@example.invalid,Singapore,2023-11-21,Premium,17385.11
4779,Synthetic Customer 04779,customer04779@example.invalid,Germany,2022-08-04,Basic,invalid-decimal
4780,Synthetic Customer 04780,customer04780@example.invalid,Australia,2021-04-05,Premium,13835.63
4781,Synthetic Customer 04781,customer04781@example.invalid,India,2025-08-16,Basic,14496.34
4782,Synthetic Customer 04782,customer04782@example.invalid,USA,2024-05-29,Standard,3710.96
4783,Synthetic Customer 04783,customer04783@example.invalid,USA,2021-02-10,Premium,15576.56
4784,Synthetic Customer 04784,customer04784@example.invalid,UK,2024-03-21,Basic,8169.76
4785,Synthetic Customer 04785,customer04785@example.invalid,Singapore,2020-10-30,Basic,4350.66
4786,Synthetic Customer 04786,customer04786@example.invalid,USA,2024-03-03,Premium,1308.22
4787,Synthetic Customer 04787,customer04787@example.invalid,Germany,2022-01-17,Standard,4950.98
4788,Synthetic Customer 04788,customer04788@example.invalid,Singapore,2023-04-28,Premium,8787.72
4789,Synthetic Customer 04789,customer04789@example.invalid,India,2021-11-09,Standard,11012.17
4790,Synthetic Customer 04790,customer04790@example.invalid,USA,2020-01-29,Basic,17156.55
4791,Synthetic Customer 04791,customer04791@example.invalid,Singapore,2022-02-13,Premium,12308.01
4792,Synthetic Customer 04792,customer04792@example.invalid,Australia,2022-12-08,Standard,12739.94
4793,Synthetic Customer 04793,customer04793@example.invalid,USA,2023-11-14,Standard,13783.96
4794,Synthetic Customer 04794,customer04794@example.invalid,Australia,2020-05-12,Basic,2458.56
4795,Synthetic Customer 04795,customer04795@example.invalid,USA,2021-05-28,Premium,17707.53
4796,Synthetic Customer 04796,customer04796@example.invalid,India,2022-05-01,Basic,13787.24
4797,Synthetic Customer 04797,customer04797@example.invalid,India,2021-10-11,Standard,7711.84
4798,Synthetic Customer 04798,customer04798@example.invalid,Australia,2025-03-09,Premium,7744.90
4799,Synthetic Customer 04799,customer04799@example.invalid,India,2025-06-13,Premium,14554.66
4800,Synthetic Customer 04800,customer04800@example.invalid,Germany,2023-05-25,Standard,2431.18
4801,Synthetic Customer 04801,customer04801@example.invalid,Germany,2023-08-06,Basic,12156.97
4802,Synthetic Customer 04802,customer04802@example.invalid,Australia,2023-10-16,Basic,10026.99
4803,Synthetic Customer 04803,customer04803@example.invalid,USA,2024-06-13,Standard,19337.85
4804,Synthetic Customer 04804,customer04804@example.invalid,USA,2024-07-14,Premium,8669.49
4805,Synthetic Customer 04805,customer04805@example.invalid,India,2025-09-22,Premium,4783.80
4806,Synthetic Customer 04806,customer04806@example.invalid,Germany,2025-12-15,Standard,16793.13
4807,Synthetic Customer 04807,customer04807@example.invalid,India,2024-04-22,Basic,7740.12
4808,Synthetic Customer 04808,customer04808@example.invalid,Germany,2024-07-05,Basic,8925.23
4809,Synthetic Customer 04809,customer04809@example.invalid,Canada,2025-06-10,Basic,17156.55
4810,Synthetic Customer 04810,customer04810@example.invalid,Singapore,2022-01-05,Standard,18974.22
4811,Synthetic Customer 04811,customer04811@example.invalid,UK,2023-01-20,Basic,16646.84
4812,Synthetic Customer 04812,customer04812@example.invalid,USA,2021-04-22,Premium,16772.85
4813,Synthetic Customer 04813,customer04813@example.invalid,Germany,2025-09-22,Standard,18729.90
4814,Synthetic Customer 04814,customer04814@example.invalid,Germany,2020-02-18,Basic,8623.40
4815,Synthetic Customer 04815,customer04815@example.invalid,Australia,2022-10-01,Premium,12759.67
4816,Synthetic Customer 04816,customer04816@example.invalid,Australia,2020-07-15,Basic,12382.54
4817,Synthetic Customer 04817,customer04817@example.invalid,UK,2020-09-22,Premium,571.33
4818,Synthetic Customer 04818,customer04818@example.invalid,India,2020-01-11,Premium,10289.99
4819,Synthetic Customer 04819,customer04819@example.invalid,India,2020-03-27,Basic,14570.83
4820,Synthetic Customer 04820,customer04820@example.invalid,UK,2023-10-02,Premium,11403.84
4821,Synthetic Customer 04821,customer04821@example.invalid,Australia,2020-12-10,Premium,6829.67
4822,Synthetic Customer 04822,customer04822@example.invalid,Canada,2024-12-06,Standard,12740.02
4823,Synthetic Customer 04823,customer04823@example.invalid,Germany,2025-08-15,Premium,13286.67
4824,Synthetic Customer 04824,customer04824@example.invalid,Australia,2021-01-07,Premium,3206.91
4825,Synthetic Customer 04825,customer04825@example.invalid,USA,2020-04-03,Premium,5559.48
4826,Synthetic Customer 04826,customer04826@example.invalid,Germany,2021-10-19,Standard,13688.55
4827,Synthetic Customer 04827,customer04827@example.invalid,USA,2023-01-21,Basic,239.44
4828,Synthetic Customer 04828,customer04828@example.invalid,USA,2022-05-25,Standard,6051.53
4829,Synthetic Customer 04829,customer04829@example.invalid,Singapore,2022-07-11,Premium,17224.94
4830,Synthetic Customer 04830,customer04830@example.invalid,Singapore,2021-11-28,Premium,14754.99
4831,Synthetic Customer 04831,customer04831@example.invalid,Singapore,2025-10-13,Standard,16676.53
4832,Synthetic Customer 04832,customer04832@example.invalid,UK,2023-01-02,Basic,18046.50
4833,Synthetic Customer 04833,customer04833@example.invalid,UK,2023-02-26,Standard,3178.91
4834,Synthetic Customer 04834,customer04834@example.invalid,Canada,2024-05-21,Basic,7107.87
4835,Synthetic Customer 04835,customer04835@example.invalid,Singapore,2021-03-21,Premium,18960.11
4836,Synthetic Customer 04836,customer04836@example.invalid,Canada,2024-06-06,Basic,8304.26
4837,Synthetic Customer 04837,customer04837@example.invalid,Singapore,2022-10-30,Standard,8928.64
4838,Synthetic Customer 04838,customer04838@example.invalid,Australia,2024-09-17,Basic,8277.60
4839,Synthetic Customer 04839,customer04839@example.invalid,USA,2023-11-21,Basic,2523.92
4840,Synthetic Customer 04840,customer04840@example.invalid,USA,2024-09-08,Standard,15990.44
4841,Synthetic Customer 04841,customer04841@example.invalid,Australia,2021-11-27,Standard,16324.28
4842,Synthetic Customer 04842,customer04842@example.invalid,USA,2025-10-02,Premium,16945.80
4843,Synthetic Customer 04843,customer04843@example.invalid,Germany,2023-09-03,Standard,15561.11
4844,Synthetic Customer 04844,customer04844@example.invalid,India,2021-08-31,Standard,17404.80
4845,Synthetic Customer 04845,customer04845@example.invalid,Canada,2023-12-17,Standard,15397.72
4846,Synthetic Customer 04846,customer04846@example.invalid,Australia,2022-03-06,Standard,18760.97
4847,Synthetic Customer 04847,customer04847@example.invalid,Canada,2022-08-11,Basic,4883.33
4848,Synthetic Customer 04848,customer04848@example.invalid,UK,2024-06-30,Basic,11853.55
4849,Synthetic Customer 04849,customer04849@example.invalid,Germany,2023-09-14,Premium,4108.02
4850,Synthetic Customer 04850,customer04850@example.invalid,Singapore,2023-06-12,Basic,14073.44
4851,Synthetic Customer 04851,customer04851@example.invalid,Germany,2023-06-20,Basic,17058.55
4852,Synthetic Customer 04852,customer04852@example.invalid,India,2022-12-29,Standard,18414.96
4853,Synthetic Customer 04853,customer04853@example.invalid,Australia,2025-06-26,Premium,942.58
4854,Synthetic Customer 04854,customer04854@example.invalid,USA,2025-10-23,Basic,8972.49
4855,Synthetic Customer 04855,customer04855@example.invalid,Germany,2022-03-14,Basic,18496.17
4856,Synthetic Customer 04856,customer04856@example.invalid,India,2022-12-25,Premium,15560.91
4857,Synthetic Customer 04857,customer04857@example.invalid,India,2023-04-14,Premium,1419.73
4858,Synthetic Customer 04858,customer04858@example.invalid,Singapore,2022-03-12,Premium,9062.44
4859,Synthetic Customer 04859,customer04859@example.invalid,Germany,2023-07-07,Standard,2502.88
4860,Synthetic Customer 04860,customer04860@example.invalid,USA,2025-08-07,Premium,2650.35
4861,Synthetic Customer 04861,customer04861@example.invalid,Singapore,2020-06-29,Basic,4868.88
4862,Synthetic Customer 04862,customer04862@example.invalid,Canada,2020-06-06,Standard,16541.98
4863,Synthetic Customer 04863,customer04863@example.invalid,USA,2021-07-09,Standard,13650.76
4864,Synthetic Customer 04864,customer04864@example.invalid,India,2023-01-29,Standard,8736.77
4865,Synthetic Customer 04865,customer04865@example.invalid,Australia,2022-01-02,Premium,5573.99
4866,Synthetic Customer 04866,customer04866@example.invalid,Singapore,2024-11-10,Premium,6873.73
4867,Synthetic Customer 04867,customer04867@example.invalid,India,2025-02-13,Standard,11479.48
4868,Synthetic Customer 04868,customer04868@example.invalid,Singapore,2021-05-16,Premium,952.42
4869,Synthetic Customer 04869,customer04869@example.invalid,USA,2020-02-10,Premium,12113.91
4870,Synthetic Customer 04870,customer04870@example.invalid,UK,2020-04-05,Premium,1239.43
4871,Synthetic Customer 04871,customer04871@example.invalid,Australia,2025-01-22,Basic,15354.41
4872,Synthetic Customer 04872,customer04872@example.invalid,Singapore,2021-09-30,Premium,14879.72
4873,Synthetic Customer 04873,customer04873@example.invalid,USA,2024-11-09,Premium,7874.88
4874,Synthetic Customer 04874,,Australia,2023-05-06,Premium,10681.98
4875,Synthetic Customer 04875,customer04875@example.invalid,Singapore,2022-05-10,Premium,12659.04
4876,Synthetic Customer 04876,customer04876@example.invalid,UK,2023-05-09,Standard,4037.16
4877,Synthetic Customer 04877,customer04877@example.invalid,UK,2021-09-09,Premium,6808.89
4878,Synthetic Customer 04878,customer04878@example.invalid,Australia,2025-06-12,Standard,7650.93
4879,Synthetic Customer 04879,customer04879@example.invalid,Australia,2025-01-18,Basic,11273.89
4880,Synthetic Customer 04880,customer04880@example.invalid,Canada,2020-01-21,Premium,15070.80
4881,Synthetic Customer 04881,customer04881@example.invalid,USA,2021-12-03,Premium,2131.33
4882,Synthetic Customer 04882,customer04882@example.invalid,Canada,2022-03-28,Basic,3279.48
4883,Synthetic Customer 04883,customer04883@example.invalid,India,2023-05-22,Basic,11962.49
4884,Synthetic Customer 04884,customer04884@example.invalid,Australia,2024-10-19,Standard,2502.10
4885,Synthetic Customer 04885,customer04885@example.invalid,UK,2022-04-18,Standard,13672.66
4886,Synthetic Customer 04886,customer04886@example.invalid,Germany,2022-06-04,Standard,10312.14
4887,Synthetic Customer 04887,customer04887@example.invalid,India,2025-11-02,Basic,13902.10
4888,Synthetic Customer 04888,customer04888@example.invalid,Canada,2022-11-01,Basic,7554.81
4889,Synthetic Customer 04889,customer04889@example.invalid,UK,2021-02-08,Basic,6738.73
4890,Synthetic Customer 04890,customer04890@example.invalid,UK,2020-05-22,Basic,3812.02
4891,Synthetic Customer 04891,customer04891@example.invalid,Singapore,2020-11-05,Standard,15380.44
4892,Synthetic Customer 04892,customer04892@example.invalid,Canada,2025-07-03,Standard,12071.42
4893,Synthetic Customer 04893,customer04893@example.invalid,Canada,2024-12-06,Premium,13963.17
4894,Synthetic Customer 04894,customer04894@example.invalid,Singapore,2022-07-17,Standard,13480.19
4895,Synthetic Customer 04895,customer04895@example.invalid,Germany,2023-03-02,Premium,10018.33
4896,Synthetic Customer 04896,customer04896@example.invalid,Singapore,2025-05-26,Standard,4203.87
4897,Synthetic Customer 04897,customer04897@example.invalid,Singapore,2025-03-09,Basic,4533.59
4898,Synthetic Customer 04898,customer04898@example.invalid,UK,2023-04-30,Standard,7073.76
4899,Synthetic Customer 04899,customer04899@example.invalid,Canada,2025-12-21,Standard,7965.88
4900,Synthetic Customer 04900,customer04900@example.invalid,Australia,2020-03-11,Standard,16513.79
4901,Synthetic Customer 04901,customer04901@example.invalid,Singapore,2025-11-27,Basic,11938.43
4902,Synthetic Customer 04902,customer04902@example.invalid,Singapore,2024-07-14,Basic,548.55
4903,Synthetic Customer 04903,customer04903@example.invalid,Germany,2020-02-02,Premium,10886.98
4904,Synthetic Customer 04904,customer04904@example.invalid,Canada,2021-01-25,Premium,3584.70
4905,Synthetic Customer 04905,customer04905@example.invalid,Australia,2022-07-18,Standard,7712.36
4906,Synthetic Customer 04906,customer04906@example.invalid,India,2020-08-08,Basic,18445.64
4907,Synthetic Customer 04907,customer04907@example.invalid,UK,2021-04-27,Basic,12322.26
4908,Synthetic Customer 04908,customer04908@example.invalid,USA,2024-10-13,Premium,5039.49
4909,Synthetic Customer 04909,customer04909@example.invalid,Canada,2021-08-31,Basic,1882.03
4910,Synthetic Customer 04910,customer04910@example.invalid,Germany,2025-05-21,Premium,13670.09
4911,Synthetic Customer 04911,customer04911@example.invalid,Germany,2021-11-08,Basic,743.43
4912,Synthetic Customer 04912,customer04912@example.invalid,Australia,2025-12-26,Basic,11263.00
4913,Synthetic Customer 04913,customer04913@example.invalid,Canada,2024-08-21,Premium,12281.95
4914,Synthetic Customer 04914,customer04914@example.invalid,Canada,2025-01-17,Basic,5606.69
4915,Synthetic Customer 04915,customer04915@example.invalid,UK,2025-08-05,Basic,14480.52
4916,Synthetic Customer 04916,customer04916@example.invalid,Germany,2021-11-24,Standard,12573.49
4917,Synthetic Customer 04917,customer04917@example.invalid,India,2025-07-11,Premium,39.34
4918,Synthetic Customer 04918,customer04918@example.invalid,Australia,2023-01-30,Basic,17865.40
4919,Synthetic Customer 04919,customer04919@example.invalid,Canada,2022-01-27,Premium,19574.56
4920,Synthetic Customer 04920,customer04920@example.invalid,USA,2024-07-02,Premium,5107.60
4921,Synthetic Customer 04921,customer04921@example.invalid,UK,2022-01-13,Basic,4121.52
4922,Synthetic Customer 04922,customer04922@example.invalid,Singapore,2021-01-26,Basic,4138.69
4923,Synthetic Customer 04923,customer04923@example.invalid,India,2023-05-31,Standard,17253.40
4924,Synthetic Customer 04924,customer04924@example.invalid,Canada,2020-02-18,Premium,16645.82
4925,Synthetic Customer 04925,customer04925@example.invalid,UK,2022-05-13,Basic,10740.98
4926,Synthetic Customer 04926,customer04926@example.invalid,Australia,2025-09-26,Standard,17136.35
4927,Synthetic Customer 04927,customer04927@example.invalid,Germany,2021-05-05,Standard,14276.91
4928,Synthetic Customer 04928,customer04928@example.invalid,Australia,2021-07-20,Basic,3441.65
4929,Synthetic Customer 04929,customer04929@example.invalid,Australia,2025-04-24,Standard,8705.48
4930,Synthetic Customer 04930,customer04930@example.invalid,USA,2021-11-12,Premium,17375.90
4931,Synthetic Customer 04931,customer04931@example.invalid,Singapore,2023-05-10,Basic,7755.62
4932,Synthetic Customer 04932,customer04932@example.invalid,Singapore,2024-12-04,Standard,6517.03
4933,Synthetic Customer 04933,customer04933@example.invalid,India,2023-11-05,Standard,4427.08
4934,Synthetic Customer 04934,customer04934@example.invalid,Germany,2022-07-10,Basic,14841.26
4935,Synthetic Customer 04935,customer04935@example.invalid,Singapore,2022-11-24,Standard,10627.93
4936,Synthetic Customer 04936,customer04936@example.invalid,India,2025-10-03,Basic,5745.71
4937,Synthetic Customer 04937,customer04937@example.invalid,USA,2022-11-03,Standard,14427.38
4938,Synthetic Customer 04938,customer04938@example.invalid,Canada,2020-05-08,Premium,12822.52
4939,Synthetic Customer 04939,customer04939@example.invalid,India,2023-08-20,Basic,14948.30
4940,Synthetic Customer 04940,customer04940@example.invalid,Germany,2025-11-17,Basic,5857.01
4941,Synthetic Customer 04941,customer04941@example.invalid,India,2021-10-09,Premium,1749.30
4942,Synthetic Customer 04942,customer04942@example.invalid,Germany,2025-06-01,Standard,7191.18
4943,Synthetic Customer 04943,customer04943@example.invalid,UK,2023-09-21,Premium,1165.21
4944,Synthetic Customer 04944,customer04944@example.invalid,India,2021-08-26,Basic,15919.66
4945,Synthetic Customer 04945,customer04945@example.invalid,UK,2021-04-10,Basic,15506.88
4946,Synthetic Customer 04946,customer04946@example.invalid,Canada,2022-10-17,Premium,13584.26
4947,Synthetic Customer 04947,customer04947@example.invalid,Singapore,2021-05-20,Standard,9647.27
4948,Synthetic Customer 04948,customer04948@example.invalid,Singapore,2024-02-02,Basic,2112.11
4949,Synthetic Customer 04949,customer04949@example.invalid,India,2022-11-18,Basic,13054.88
4950,Synthetic Customer 04950,customer04950@example.invalid,USA,2022-01-13,Premium,9422.58
4951,Synthetic Customer 04951,customer04951@example.invalid,Singapore,2025-11-04,Basic,6625.33
4952,Synthetic Customer 04952,customer04952@example.invalid,USA,2023-01-13,Premium,18315.41
4953,Synthetic Customer 04953,customer04953@example.invalid,UK,2023-09-10,Premium,3622.75
4954,Synthetic Customer 04954,customer04954@example.invalid,Germany,2020-08-18,Standard,3596.89
4955,Synthetic Customer 04955,customer04955@example.invalid,India,2022-07-26,Standard,18565.77
4956,Synthetic Customer 04956,customer04956@example.invalid,Germany,2024-11-09,Standard,130.86
4957,Synthetic Customer 04957,customer04957@example.invalid,Australia,2022-12-12,Basic,14331.60
4958,Synthetic Customer 04958,customer04958@example.invalid,UK,2025-08-25,Premium,15915.59
4959,Synthetic Customer 04959,customer04959@example.invalid,Canada,2020-07-28,Premium,5045.01
4960,Synthetic Customer 04960,customer04960@example.invalid,Germany,2021-05-26,Premium,14337.59
4961,Synthetic Customer 04961,customer04961@example.invalid,UK,2020-04-01,Basic,19582.94
4962,Synthetic Customer 04962,customer04962@example.invalid,UK,2025-02-07,Standard,10844.20
4963,Synthetic Customer 04963,customer04963@example.invalid,India,2021-07-02,Premium,12774.36
4964,Synthetic Customer 04964,customer04964@example.invalid,UK,2023-04-07,Basic,11115.08
4965,Synthetic Customer 04965,customer04965@example.invalid,India,2022-11-14,Basic,5401.75
4966,Synthetic Customer 04966,customer04966@example.invalid,Singapore,2023-01-25,Standard,12535.75
4967,Synthetic Customer 04967,customer04967@example.invalid,Australia,2022-10-10,Standard,11724.79
4968,Synthetic Customer 04968,customer04968@example.invalid,Australia,2020-11-05,Standard,16602.60
4969,Synthetic Customer 04969,customer04969@example.invalid,India,2024-02-24,Standard,10467.33
4970,Synthetic Customer 04970,customer04970@example.invalid,Australia,2022-09-17,Basic,15564.99
4971,Synthetic Customer 04971,customer04971@example.invalid,Germany,2024-04-07,Premium,11549.38
4972,Synthetic Customer 04972,customer04972@example.invalid,USA,2021-01-21,Standard,9309.35
4973,Synthetic Customer 04973,customer04973@example.invalid,USA,2021-07-12,Standard,1462.15
4974,Synthetic Customer 04974,customer04974@example.invalid,Singapore,2025-05-13,Standard,16875.56
4975,Synthetic Customer 04975,customer04975@example.invalid,UK,2021-03-19,Premium,9475.64
4976,Synthetic Customer 04976,customer04976@example.invalid,USA,2020-11-20,Basic,18555.97
4977,Synthetic Customer 04977,,UK,2020-05-13,Basic,5118.96
4978,Synthetic Customer 04978,customer04978@example.invalid,UK,2022-06-27,Basic,156.84
4979,Synthetic Customer 04979,customer04979@example.invalid,India,2025-02-12,Basic,7374.99
4980,Synthetic Customer 04980,customer04980@example.invalid,Australia,2021-10-01,Premium,12229.29
4981,Synthetic Customer 04981,customer04981@example.invalid,UK,2022-09-17,Standard,10857.61
4982,Synthetic Customer 04982,customer04982@example.invalid,USA,2024-07-28,Standard,2447.55
4983,Synthetic Customer 04983,customer04983@example.invalid,UK,2020-02-29,Premium,17327.43
4984,Synthetic Customer 04984,customer04984@example.invalid,USA,2023-04-22,Standard,6819.81
4985,Synthetic Customer 04985,customer04985@example.invalid,USA,2025-01-22,Standard,14786.09
4986,Synthetic Customer 04986,customer04986@example.invalid,Australia,2020-05-30,Basic,16822.17
4987,Synthetic Customer 04987,customer04987@example.invalid,UK,2022-01-17,Basic,6586.94
4988,Synthetic Customer 04988,,India,2025-06-20,Premium,9605.83
4989,Synthetic Customer 04989,customer04989@example.invalid,Germany,2023-07-19,Premium,13711.77
4990,Synthetic Customer 04990,customer04990@example.invalid,India,2021-11-16,Basic,14589.13
4991,Synthetic Customer 04991,customer04991@example.invalid,UK,2025-01-14,Basic,3169.00
4992,Synthetic Customer 04992,customer04992@example.invalid,India,2022-10-29,Premium,11270.75
4993,Synthetic Customer 04993,customer04993@example.invalid,India,2022-03-08,Basic,8753.61
4994,Synthetic Customer 04994,customer04994@example.invalid,USA,2024-11-29,Basic,19263.78
4995,Synthetic Customer 04995,customer04995@example.invalid,Canada,2020-02-13,Standard,5653.07
4996,Synthetic Customer 04996,customer04996@example.invalid,India,2024-12-21,Basic,15659.01
4997,Synthetic Customer 04997,customer04997@example.invalid,Canada,2021-01-08,Premium,19413.51
4998,Synthetic Customer 04998,customer04998@example.invalid,Canada,2021-05-06,Premium,271.14
4999,Synthetic Customer 04999,customer04999@example.invalid,Australia,2025-10-07,Basic,4370.74
5000,Synthetic Customer 05000,customer05000@example.invalid,India,2020-04-20,Standard,13420.50
5001,Synthetic Customer 05001,customer05001@example.invalid,India,2021-08-25,Basic,1821.36
5002,Synthetic Customer 05002,customer05002@example.invalid,Australia,2025-05-08,Basic,8147.03
5003,Synthetic Customer 05003,customer05003@example.invalid,Singapore,2021-09-24,Standard,9507.97
5004,Synthetic Customer 05004,customer05004@example.invalid,Australia,2024-03-08,Premium,6001.73
5005,Synthetic Customer 05005,customer05005@example.invalid,Germany,2023-12-30,Basic,12869.42
5006,Synthetic Customer 05006,customer05006@example.invalid,Germany,2024-08-12,Basic,11019.51
5007,Synthetic Customer 05007,customer05007@example.invalid,Singapore,2022-11-01,Basic,3623.33
5008,Synthetic Customer 05008,customer05008@example.invalid,Canada,2021-04-12,Premium,8521.54
5009,Synthetic Customer 05009,customer05009@example.invalid,Singapore,2022-09-30,Basic,5555.68
5010,Synthetic Customer 05010,customer05010@example.invalid,UK,2024-08-28,Standard,19743.28
5011,Synthetic Customer 05011,customer05011@example.invalid,Germany,2022-06-18,Premium,8062.47
5012,Synthetic Customer 05012,customer05012@example.invalid,Canada,2023-11-22,Basic,1835.46
5013,Synthetic Customer 05013,customer05013@example.invalid,UK,2023-10-27,Standard,3854.09
5014,Synthetic Customer 05014,customer05014@example.invalid,UK,2025-06-10,Basic,18340.73
5015,Synthetic Customer 05015,customer05015@example.invalid,UK,2024-06-04,Premium,1642.13
5016,Synthetic Customer 05016,customer05016@example.invalid,Germany,2023-05-30,Standard,11468.40
5017,Synthetic Customer 05017,customer05017@example.invalid,Germany,2021-07-25,Standard,6469.31
5018,Synthetic Customer 05018,customer05018@example.invalid,Germany,2024-06-24,Standard,10265.27
5019,Synthetic Customer 05019,customer05019@example.invalid,USA,2024-04-07,Basic,16920.53
5020,Synthetic Customer 05020,customer05020@example.invalid,Singapore,2025-06-01,Basic,14178.95
5021,Synthetic Customer 05021,customer05021@example.invalid,India,2020-09-16,Basic,1969.91
5022,Synthetic Customer 05022,customer05022@example.invalid,Singapore,2025-08-31,Standard,11134.24
5023,Synthetic Customer 05023,customer05023@example.invalid,India,2024-07-24,Standard,18597.73
5024,Synthetic Customer 05024,customer05024@example.invalid,USA,2023-11-09,Standard,6635.30
5025,Synthetic Customer 05025,customer05025@example.invalid,Germany,2022-09-11,Standard,1435.99
5026,Synthetic Customer 05026,customer05026@example.invalid,UK,2025-02-02,Standard,9131.06
5027,Synthetic Customer 05027,customer05027@example.invalid,India,2020-08-05,Basic,504.40
5028,Synthetic Customer 05028,customer05028@example.invalid,Canada,2021-04-20,Premium,14874.78
5029,Synthetic Customer 05029,customer05029@example.invalid,Australia,2021-06-21,Premium,10208.90
5030,Synthetic Customer 05030,customer05030@example.invalid,Australia,2024-05-18,Premium,1918.42
5031,Synthetic Customer 05031,customer05031@example.invalid,Singapore,2022-06-13,Premium,5132.14
5032,Synthetic Customer 05032,customer05032@example.invalid,USA,2020-11-27,Premium,6436.18
5033,Synthetic Customer 05033,customer05033@example.invalid,Singapore,2021-12-04,Standard,2948.58
5034,Synthetic Customer 05034,customer05034@example.invalid,Canada,2024-06-09,Standard,15339.92
5035,Synthetic Customer 05035,customer05035@example.invalid,India,2025-08-11,Premium,10525.58
5036,Synthetic Customer 05036,customer05036@example.invalid,Germany,2021-05-16,Basic,14786.79
5037,Synthetic Customer 05037,customer05037@example.invalid,Germany,2022-01-31,Premium,10748.27
5038,Synthetic Customer 05038,customer05038@example.invalid,Australia,2021-10-21,Basic,3729.78
5039,Synthetic Customer 05039,customer05039@example.invalid,Germany,2020-10-03,Basic,14731.31
5040,Synthetic Customer 05040,customer05040@example.invalid,Singapore,2023-05-20,Premium,19486.49
5041,Synthetic Customer 05041,customer05041@example.invalid,UK,2020-05-02,Basic,5093.77
5042,Synthetic Customer 05042,customer05042@example.invalid,UK,2021-06-23,Standard,4556.63
5043,Synthetic Customer 05043,customer05043@example.invalid,Singapore,2022-06-20,Standard,12261.41
5044,Synthetic Customer 05044,customer05044@example.invalid,India,2024-10-08,Basic,17525.36
5045,Synthetic Customer 05045,customer05045@example.invalid,Australia,2020-04-23,Basic,4502.88
5046,Synthetic Customer 05046,customer05046@example.invalid,Canada,2020-03-16,Premium,5381.88
5047,Synthetic Customer 05047,customer05047@example.invalid,Singapore,2024-06-21,Standard,4260.84
5048,Synthetic Customer 05048,customer05048@example.invalid,Australia,2024-07-28,Standard,2268.21
5049,Synthetic Customer 05049,customer05049@example.invalid,USA,2022-05-02,Standard,16773.53
5050,Synthetic Customer 05050,customer05050@example.invalid,India,2025-10-05,Standard,12326.24
5051,Synthetic Customer 05051,customer05051@example.invalid,Singapore,2022-09-30,Premium,12602.69
5052,Synthetic Customer 05052,customer05052@example.invalid,UK,2025-02-13,Basic,8396.49
5053,Synthetic Customer 05053,customer05053@example.invalid,India,2022-12-22,Basic,17508.37
5054,Synthetic Customer 05054,customer05054@example.invalid,USA,2022-05-04,Basic,15006.85
5055,Synthetic Customer 05055,customer05055@example.invalid,UK,2024-07-19,Standard,8292.85
5056,Synthetic Customer 05056,customer05056@example.invalid,Singapore,2021-01-18,Standard,11277.67
5057,Synthetic Customer 05057,customer05057@example.invalid,UK,2020-08-23,Standard,10878.98
5058,Synthetic Customer 05058,customer05058@example.invalid,Singapore,2025-06-01,Standard,2659.05
5059,Synthetic Customer 05059,customer05059@example.invalid,UK,2021-01-03,Basic,4786.05
5060,Synthetic Customer 05060,customer05060@example.invalid,Singapore,2020-07-01,Premium,6420.56
5061,Synthetic Customer 05061,customer05061@example.invalid,UK,2023-06-17,Standard,18805.90
5062,Synthetic Customer 05062,customer05062@example.invalid,USA,2021-02-19,Standard,630.56
5063,Synthetic Customer 05063,customer05063@example.invalid,USA,2021-12-30,Basic,16520.29
5064,Synthetic Customer 05064,,UK,2025-03-27,Standard,6673.42
5065,Synthetic Customer 05065,customer05065@example.invalid,Canada,2024-08-20,Standard,18123.64
5066,Synthetic Customer 05066,customer05066@example.invalid,India,2022-02-19,Standard,5246.40
5067,Synthetic Customer 05067,customer05067@example.invalid,Australia,2020-02-08,Standard,6014.28
5068,Synthetic Customer 05068,customer05068@example.invalid,Canada,2024-06-18,Basic,8907.41
5069,Synthetic Customer 05069,customer05069@example.invalid,Canada,2023-06-18,Basic,5555.47
5070,Synthetic Customer 05070,customer05070@example.invalid,USA,2021-02-04,Basic,18356.88
5071,Synthetic Customer 05071,customer05071@example.invalid,Singapore,2020-02-07,Premium,4943.76
5072,Synthetic Customer 05072,customer05072@example.invalid,Canada,2025-08-18,Standard,14260.94
5073,Synthetic Customer 05073,customer05073@example.invalid,Singapore,2024-07-20,Basic,10003.36
5074,Synthetic Customer 05074,customer05074@example.invalid,UK,2023-04-28,Basic,7627.09
5075,Synthetic Customer 05075,customer05075@example.invalid,Canada,2021-07-11,Standard,15614.51
5076,Synthetic Customer 05076,customer05076@example.invalid,Germany,2022-05-11,Basic,8286.02
5077,Synthetic Customer 05077,customer05077@example.invalid,USA,2023-09-08,Standard,9572.49
5078,Synthetic Customer 05078,customer05078@example.invalid,UK,2022-05-29,Standard,3366.75
5079,Synthetic Customer 05079,customer05079@example.invalid,UK,2022-04-28,Basic,17594.71
5080,Synthetic Customer 05080,customer05080@example.invalid,India,2025-04-15,Premium,14573.65
5081,Synthetic Customer 05081,customer05081@example.invalid,UK,2023-09-05,Premium,18049.84
5082,Synthetic Customer 05082,customer05082@example.invalid,UK,2025-04-25,Basic,4762.33
5083,Synthetic Customer 05083,customer05083@example.invalid,USA,2024-05-22,Premium,1947.50
5084,Synthetic Customer 05084,customer05084@example.invalid,USA,2021-09-16,Standard,1716.04
5085,Synthetic Customer 05085,customer05085@example.invalid,Canada,2025-10-21,Standard,922.89
5086,Synthetic Customer 05086,customer05086@example.invalid,India,2023-04-01,Standard,13400.35
5087,Synthetic Customer 05087,customer05087@example.invalid,Singapore,2024-06-01,Premium,9090.75
5088,Synthetic Customer 05088,customer05088@example.invalid,Australia,2020-02-28,Basic,8638.68
5089,Synthetic Customer 05089,customer05089@example.invalid,Germany,2020-07-05,Standard,5432.69
5090,Synthetic Customer 05090,customer05090@example.invalid,India,2021-06-08,Premium,9231.14
5091,Synthetic Customer 05091,customer05091@example.invalid,USA,2021-08-28,Premium,13268.90
5092,Synthetic Customer 05092,customer05092@example.invalid,Canada,2020-10-06,Basic,17565.78
5093,Synthetic Customer 05093,customer05093@example.invalid,USA,2021-06-13,Standard,882.75
5094,Synthetic Customer 05094,customer05094@example.invalid,Germany,2024-11-06,Premium,6939.97
5095,Synthetic Customer 05095,customer05095@example.invalid,Australia,2022-09-07,Premium,3500.40
5096,Synthetic Customer 05096,customer05096@example.invalid,Canada,2023-07-05,Basic,8988.58
5097,Synthetic Customer 05097,customer05097@example.invalid,Canada,2022-08-31,Premium,3864.93
5098,Synthetic Customer 05098,customer05098@example.invalid,India,2020-09-10,Standard,3532.24
5099,Synthetic Customer 05099,customer05099@example.invalid,Australia,2020-08-10,Premium,7800.80
5100,Synthetic Customer 05100,customer05100@example.invalid,Germany,2021-08-08,Basic,6178.61
5101,Synthetic Customer 05101,customer05101@example.invalid,UK,2021-02-11,Standard,3360.70
5102,Synthetic Customer 05102,customer05102@example.invalid,UK,2022-04-03,Standard,11659.38
5103,Synthetic Customer 05103,customer05103@example.invalid,India,2023-10-15,Standard,471.79
5104,Synthetic Customer 05104,customer05104@example.invalid,UK,2022-01-28,Standard,3430.97
5105,Synthetic Customer 05105,customer05105@example.invalid,Singapore,2025-08-11,Premium,5809.34
5106,Synthetic Customer 05106,customer05106@example.invalid,Germany,2025-02-07,Basic,6369.67
5107,Synthetic Customer 05107,customer05107@example.invalid,Canada,2020-11-13,Basic,18570.56
5108,Synthetic Customer 05108,customer05108@example.invalid,Germany,2020-06-24,Standard,4743.90
5109,Synthetic Customer 05109,customer05109@example.invalid,India,2024-01-02,Basic,2755.26
5110,Synthetic Customer 05110,customer05110@example.invalid,India,2025-09-19,Basic,12712.94
5111,Synthetic Customer 05111,customer05111@example.invalid,Canada,2022-10-06,Standard,2365.91
5112,Synthetic Customer 05112,customer05112@example.invalid,Germany,2020-04-08,Basic,18813.22
5113,Synthetic Customer 05113,customer05113@example.invalid,Germany,2021-03-19,Premium,13083.57
5114,Synthetic Customer 05114,customer05114@example.invalid,Germany,2021-05-02,Standard,19176.89
5115,Synthetic Customer 05115,customer05115@example.invalid,India,2021-12-06,Standard,16346.76
5116,Synthetic Customer 05116,customer05116@example.invalid,UK,2020-03-09,Standard,12280.60
5117,Synthetic Customer 05117,customer05117@example.invalid,USA,2024-07-09,Premium,8535.61
5118,Synthetic Customer 05118,customer05118@example.invalid,UK,2023-01-16,Premium,13521.11
5119,Synthetic Customer 05119,customer05119@example.invalid,India,2023-10-23,Basic,2435.07
5120,Synthetic Customer 05120,customer05120@example.invalid,UK,2021-12-15,Standard,5499.83
5121,Synthetic Customer 05121,customer05121@example.invalid,UK,2020-08-01,Standard,9483.73
5122,Synthetic Customer 05122,customer05122@example.invalid,India,2021-05-23,Standard,2996.06
5123,Synthetic Customer 05123,customer05123@example.invalid,USA,2020-10-14,Premium,5480.07
5124,Synthetic Customer 05124,customer05124@example.invalid,Singapore,2024-07-22,Basic,9901.96
5125,Synthetic Customer 05125,customer05125@example.invalid,UK,2020-09-20,Basic,6063.32
5126,Synthetic Customer 05126,customer05126@example.invalid,Australia,2022-04-06,Basic,13753.21
5127,Synthetic Customer 05127,customer05127@example.invalid,Australia,2022-12-03,Premium,17046.84
5128,Synthetic Customer 05128,customer05128@example.invalid,Singapore,2024-12-13,Premium,16347.36
5129,Synthetic Customer 05129,customer05129@example.invalid,USA,2020-02-21,Basic,13722.32
5130,Synthetic Customer 05130,customer05130@example.invalid,UK,2021-05-25,Standard,16352.48
5131,Synthetic Customer 05131,customer05131@example.invalid,Singapore,2022-01-31,Premium,14188.57
5132,Synthetic Customer 05132,customer05132@example.invalid,Germany,2023-05-31,Premium,5943.64
5133,Synthetic Customer 05133,customer05133@example.invalid,Canada,2024-08-20,Standard,16696.90
5134,Synthetic Customer 05134,customer05134@example.invalid,Singapore,2023-10-23,Premium,13617.88
5135,Synthetic Customer 05135,customer05135@example.invalid,India,2021-12-16,Premium,11443.81
5136,Synthetic Customer 05136,customer05136@example.invalid,Singapore,2025-10-16,Basic,17033.30
5137,Synthetic Customer 05137,customer05137@example.invalid,USA,2021-10-06,Premium,364.22
5138,Synthetic Customer 05138,customer05138@example.invalid,Australia,2020-02-01,Standard,4844.36
5139,Synthetic Customer 05139,customer05139@example.invalid,Australia,2022-03-03,Premium,3853.93
5140,Synthetic Customer 05140,customer05140@example.invalid,Canada,2022-06-04,Standard,17710.33
5141,Synthetic Customer 05141,customer05141@example.invalid,USA,2025-02-20,Standard,14440.85
5142,Synthetic Customer 05142,customer05142@example.invalid,India,2021-06-27,Premium,10320.34
5143,Synthetic Customer 05143,customer05143@example.invalid,USA,2024-02-13,Standard,14220.78
5144,Synthetic Customer 05144,customer05144@example.invalid,USA,2020-10-11,Standard,2357.77
5145,Synthetic Customer 05145,customer05145@example.invalid,UK,2024-05-04,Basic,2344.04
5146,Synthetic Customer 05146,customer05146@example.invalid,Canada,2024-06-14,Premium,5145.99
5147,Synthetic Customer 05147,customer05147@example.invalid,India,2022-03-12,Basic,13611.02
5148,Synthetic Customer 05148,customer05148@example.invalid,India,2020-03-10,Basic,17969.34
5149,Synthetic Customer 05149,customer05149@example.invalid,UK,2020-07-12,Basic,19067.28
5150,Synthetic Customer 05150,customer05150@example.invalid,India,2022-07-25,Standard,15768.50
5151,Synthetic Customer 05151,customer05151@example.invalid,Germany,2023-05-17,Basic,8689.30
5152,Synthetic Customer 05152,customer05152@example.invalid,Canada,2024-09-13,Premium,4195.21
5153,Synthetic Customer 05153,customer05153@example.invalid,USA,2022-09-01,Standard,14759.34
5154,Synthetic Customer 05154,customer05154@example.invalid,Singapore,2021-06-08,Premium,12719.50
5155,Synthetic Customer 05155,customer05155@example.invalid,Canada,2020-05-21,Premium,9527.61
5156,Synthetic Customer 05156,customer05156@example.invalid,UK,2022-04-16,Basic,4259.80
5157,Synthetic Customer 05157,customer05157@example.invalid,India,2020-01-25,Standard,7679.24
5158,Synthetic Customer 05158,customer05158@example.invalid,India,2024-10-22,Standard,11966.60
5159,Synthetic Customer 05159,customer05159@example.invalid,Germany,2023-01-21,Standard,10113.69
5160,Synthetic Customer 05160,customer05160@example.invalid,UK,2020-02-10,Premium,17933.55
5161,Synthetic Customer 05161,customer05161@example.invalid,USA,2021-02-24,Premium,17794.13
5162,Synthetic Customer 05162,customer05162@example.invalid,Germany,2024-02-07,Basic,6796.40
5163,Synthetic Customer 05163,customer05163@example.invalid,Canada,2020-10-24,Standard,18141.75
5164,Synthetic Customer 05164,customer05164@example.invalid,Australia,2021-05-21,Standard,14934.78
5165,Synthetic Customer 05165,customer05165@example.invalid,UK,2020-11-29,Basic,3784.85
5166,Synthetic Customer 05166,customer05166@example.invalid,USA,2025-03-15,Basic,12404.99
5167,Synthetic Customer 05167,customer05167@example.invalid,Australia,2023-05-16,Premium,18199.78
5168,Synthetic Customer 05168,customer05168@example.invalid,Germany,2022-12-31,Basic,2691.20
5169,Synthetic Customer 05169,customer05169@example.invalid,UK,2024-04-10,Standard,10811.82
5170,Synthetic Customer 05170,customer05170@example.invalid,Australia,2023-10-06,Premium,79.59
5171,Synthetic Customer 05171,customer05171@example.invalid,USA,2021-08-07,Premium,3659.80
5172,Synthetic Customer 05172,customer05172@example.invalid,Australia,2020-11-29,Premium,2564.08
5173,Synthetic Customer 05173,customer05173@example.invalid,Germany,2023-04-09,Premium,4013.79
5174,Synthetic Customer 05174,customer05174@example.invalid,UK,2022-03-01,Standard,3775.67
5175,Synthetic Customer 05175,customer05175@example.invalid,Singapore,2022-06-17,Premium,12343.83
5176,Synthetic Customer 05176,customer05176@example.invalid,UK,2020-03-12,Standard,7302.91
5177,Synthetic Customer 05177,customer05177@example.invalid,India,2022-01-19,Basic,15298.23
5178,Synthetic Customer 05178,customer05178@example.invalid,Canada,2020-07-13,Premium,10046.08
5179,Synthetic Customer 05179,customer05179@example.invalid,UK,2023-05-25,Premium,12425.46
5180,Synthetic Customer 05180,customer05180@example.invalid,Australia,2022-03-08,Standard,2934.38
5181,Synthetic Customer 05181,customer05181@example.invalid,USA,2024-06-18,Premium,16181.04
5182,Synthetic Customer 05182,customer05182@example.invalid,Singapore,2023-06-07,Premium,10516.38
5183,Synthetic Customer 05183,customer05183@example.invalid,USA,2020-07-28,Premium,4023.81
5184,Synthetic Customer 05184,customer05184@example.invalid,Germany,2022-09-30,Premium,14762.45
5185,Synthetic Customer 05185,customer05185@example.invalid,Canada,2024-04-01,Standard,16580.74
5186,Synthetic Customer 05186,,India,2024-03-08,Basic,14013.82
5187,Synthetic Customer 05187,customer05187@example.invalid,Germany,2024-08-19,Basic,16394.03
5188,Synthetic Customer 05188,customer05188@example.invalid,USA,2024-04-18,Basic,924.09
5189,Synthetic Customer 05189,customer05189@example.invalid,Germany,2022-03-09,Standard,9675.74
5190,Synthetic Customer 05190,customer05190@example.invalid,USA,2022-02-11,Standard,16642.41
5191,Synthetic Customer 05191,customer05191@example.invalid,UK,2020-04-13,Premium,9585.36
5192,Synthetic Customer 05192,customer05192@example.invalid,Singapore,2022-05-09,Basic,7888.74
5193,Synthetic Customer 05193,customer05193@example.invalid,Germany,2024-09-02,Premium,2617.73
5194,Synthetic Customer 05194,customer05194@example.invalid,Canada,2022-08-03,Basic,16811.74
5195,Synthetic Customer 05195,customer05195@example.invalid,Australia,2020-12-21,Basic,5760.55
5196,Synthetic Customer 05196,customer05196@example.invalid,UK,2024-03-24,Premium,11706.55
5197,Synthetic Customer 05197,customer05197@example.invalid,Singapore,2022-05-03,Premium,10656.66
5198,Synthetic Customer 05198,customer05198@example.invalid,Singapore,2024-10-02,Premium,4623.43
5199,Synthetic Customer 05199,customer05199@example.invalid,Australia,2024-10-03,Basic,25.86
5200,Synthetic Customer 05200,customer05200@example.invalid,Singapore,2024-02-22,Standard,7245.12
5201,Synthetic Customer 05201,customer05201@example.invalid,UK,2021-02-09,Premium,8212.64
5202,Synthetic Customer 05202,customer05202@example.invalid,Canada,2024-08-18,Premium,13978.81
5203,Synthetic Customer 05203,customer05203@example.invalid,Germany,2024-12-01,Premium,7868.32
5204,Synthetic Customer 05204,customer05204@example.invalid,Germany,2024-11-23,Premium,16417.36
5205,Synthetic Customer 05205,customer05205@example.invalid,USA,2024-03-18,Standard,15793.94
5206,Synthetic Customer 05206,customer05206@example.invalid,USA,2023-09-25,Standard,11912.20
5207,Synthetic Customer 05207,customer05207@example.invalid,Germany,2021-12-21,Basic,6793.37
5208,Synthetic Customer 05208,customer05208@example.invalid,Canada,2021-10-16,Basic,13245.50
5209,Synthetic Customer 05209,customer05209@example.invalid,India,2024-05-14,Basic,5242.62
5210,Synthetic Customer 05210,customer05210@example.invalid,USA,2024-07-22,Standard,14247.60
5211,Synthetic Customer 05211,customer05211@example.invalid,India,2022-01-07,Premium,14232.49
5212,Synthetic Customer 05212,,Canada,2023-09-29,Standard,13613.48
5213,Synthetic Customer 05213,customer05213@example.invalid,Canada,2025-03-28,Basic,8357.77
5214,Synthetic Customer 05214,customer05214@example.invalid,Canada,2022-07-27,Premium,19216.72
5215,Synthetic Customer 05215,customer05215@example.invalid,India,2020-02-06,Standard,7845.43
5216,Synthetic Customer 05216,customer05216@example.invalid,India,2025-10-05,Basic,17065.37
5217,Synthetic Customer 05217,customer05217@example.invalid,Canada,2025-06-23,Standard,16834.48
5218,Synthetic Customer 05218,customer05218@example.invalid,UK,2021-01-26,Standard,14624.26
5219,Synthetic Customer 05219,customer05219@example.invalid,Canada,2022-08-14,Standard,8646.73
5220,Synthetic Customer 05220,customer05220@example.invalid,UK,2023-04-26,Premium,8890.47
5221,Synthetic Customer 05221,customer05221@example.invalid,Singapore,2021-10-12,Premium,6545.74
5222,Synthetic Customer 05222,customer05222@example.invalid,Germany,2025-10-29,Premium,18077.90
5223,Synthetic Customer 05223,customer05223@example.invalid,Singapore,2022-09-01,Premium,18177.22
5224,Synthetic Customer 05224,customer05224@example.invalid,UK,2024-08-21,Basic,15366.54
5225,Synthetic Customer 05225,customer05225@example.invalid,Singapore,2020-08-03,Basic,7332.96
5226,Synthetic Customer 05226,customer05226@example.invalid,Canada,2023-05-30,Basic,15929.23
5227,Synthetic Customer 05227,customer05227@example.invalid,UK,2021-11-12,Premium,6104.60
5228,Synthetic Customer 05228,customer05228@example.invalid,India,2020-09-05,Premium,13436.08
5229,Synthetic Customer 05229,customer05229@example.invalid,Canada,2021-07-31,Standard,9763.06
5230,Synthetic Customer 05230,customer05230@example.invalid,Germany,2020-04-23,Premium,13771.34
5231,Synthetic Customer 05231,customer05231@example.invalid,India,2025-05-11,Basic,11976.69
5232,Synthetic Customer 05232,customer05232@example.invalid,Germany,2023-08-01,Basic,2336.94
5233,Synthetic Customer 05233,customer05233@example.invalid,USA,2021-10-17,Basic,12913.95
5234,Synthetic Customer 05234,customer05234@example.invalid,Canada,2022-02-26,Premium,10514.74
5235,Synthetic Customer 05235,customer05235@example.invalid,Germany,2020-06-16,Standard,19382.74
5236,Synthetic Customer 05236,customer05236@example.invalid,USA,2020-11-19,Premium,9274.63
5237,Synthetic Customer 05237,customer05237@example.invalid,Singapore,2024-02-20,Basic,10877.77
5238,Synthetic Customer 05238,customer05238@example.invalid,India,2020-04-22,Standard,6189.09
5239,Synthetic Customer 05239,customer05239@example.invalid,USA,2021-04-15,Standard,13412.61
5240,Synthetic Customer 05240,customer05240@example.invalid,USA,2022-04-22,Basic,17612.87
5241,Synthetic Customer 05241,customer05241@example.invalid,India,2025-05-13,Premium,5945.34
5242,Synthetic Customer 05242,customer05242@example.invalid,India,2023-03-06,Basic,11476.97
5243,Synthetic Customer 05243,,Germany,2024-02-26,Basic,1195.15
5244,Synthetic Customer 05244,customer05244@example.invalid,India,2023-03-01,Premium,2769.23
5245,Synthetic Customer 05245,customer05245@example.invalid,UK,2022-06-26,Standard,10823.66
5246,Synthetic Customer 05246,customer05246@example.invalid,India,2020-03-24,Basic,3622.17
5247,Synthetic Customer 05247,customer05247@example.invalid,USA,2021-08-16,Premium,17686.52
5248,Synthetic Customer 05248,customer05248@example.invalid,Canada,2022-05-21,Standard,10169.24
5249,Synthetic Customer 05249,customer05249@example.invalid,Australia,2024-08-04,Standard,2411.29
5250,Synthetic Customer 05250,customer05250@example.invalid,Germany,2022-04-29,Premium,4970.01
5251,Synthetic Customer 05251,customer05251@example.invalid,Canada,2025-06-25,Standard,15011.95
5252,Synthetic Customer 05252,customer05252@example.invalid,USA,2025-01-22,Premium,18012.28
5253,Synthetic Customer 05253,customer05253@example.invalid,Germany,2023-01-28,Basic,13443.63
5254,Synthetic Customer 05254,customer05254@example.invalid,Australia,2022-03-11,Basic,12734.47
5255,Synthetic Customer 05255,customer05255@example.invalid,USA,2022-10-21,Premium,4766.63
5256,Synthetic Customer 05256,customer05256@example.invalid,Singapore,2020-08-27,Standard,15874.98
5257,Synthetic Customer 05257,customer05257@example.invalid,Australia,2021-02-24,Basic,2255.23
5258,Synthetic Customer 05258,customer05258@example.invalid,India,2020-05-17,Basic,1861.92
5259,Synthetic Customer 05259,customer05259@example.invalid,Germany,2025-05-24,Premium,7841.18
5260,Synthetic Customer 05260,customer05260@example.invalid,Germany,2025-02-20,Premium,1645.20
5261,Synthetic Customer 05261,customer05261@example.invalid,Singapore,2020-05-25,Standard,4293.64
5262,Synthetic Customer 05262,customer05262@example.invalid,Australia,2025-05-15,Standard,2668.25
5263,Synthetic Customer 05263,customer05263@example.invalid,India,2025-01-22,Basic,11371.28
5264,Synthetic Customer 05264,customer05264@example.invalid,USA,2024-06-27,Premium,12388.87
5265,Synthetic Customer 05265,customer05265@example.invalid,Singapore,2022-12-04,Basic,6527.39
5266,Synthetic Customer 05266,customer05266@example.invalid,India,2020-09-22,Premium,8980.88
5267,Synthetic Customer 05267,customer05267@example.invalid,Australia,2020-10-25,Premium,14529.23
5268,Synthetic Customer 05268,customer05268@example.invalid,Australia,2022-09-20,Basic,12631.04
5269,Synthetic Customer 05269,customer05269@example.invalid,India,2023-05-30,Standard,988.45
5270,Synthetic Customer 05270,customer05270@example.invalid,India,2020-10-03,Basic,4.56
5271,Synthetic Customer 05271,customer05271@example.invalid,India,2021-10-04,Basic,8578.61
5272,Synthetic Customer 05272,customer05272@example.invalid,USA,2022-09-04,Premium,7685.30
5273,Synthetic Customer 05273,customer05273@example.invalid,Australia,2023-04-13,Standard,7671.86
5274,Synthetic Customer 05274,customer05274@example.invalid,Canada,2023-02-01,Basic,13172.97
5275,Synthetic Customer 05275,customer05275@example.invalid,USA,2025-12-08,Basic,7854.38
5276,Synthetic Customer 05276,customer05276@example.invalid,UK,2020-06-13,Standard,2072.49
5277,Synthetic Customer 05277,customer05277@example.invalid,India,2025-04-11,Premium,19951.94
5278,Synthetic Customer 05278,customer05278@example.invalid,Australia,2025-04-20,Standard,1036.04
5279,Synthetic Customer 05279,customer05279@example.invalid,Australia,2021-10-02,Standard,502.72
5280,Synthetic Customer 05280,,Germany,2022-08-10,Basic,8053.83
5281,Synthetic Customer 05281,customer05281@example.invalid,UK,2022-11-04,Basic,10628.98
5282,Synthetic Customer 05282,customer05282@example.invalid,India,2021-08-22,Premium,7112.20
5283,Synthetic Customer 05283,customer05283@example.invalid,Germany,2025-08-15,Basic,9964.02
5284,Synthetic Customer 05284,customer05284@example.invalid,USA,2024-04-18,Basic,12850.92
5285,Synthetic Customer 05285,customer05285@example.invalid,Singapore,2022-06-01,Basic,7869.78
5286,Synthetic Customer 05286,customer05286@example.invalid,Singapore,2020-01-20,Basic,9152.09
5287,Synthetic Customer 05287,customer05287@example.invalid,India,2022-05-03,Basic,13711.77
5288,Synthetic Customer 05288,customer05288@example.invalid,USA,2025-09-09,Standard,14119.73
5289,Synthetic Customer 05289,customer05289@example.invalid,USA,2022-05-19,Premium,5401.78
5290,Synthetic Customer 05290,customer05290@example.invalid,Canada,2023-05-29,Standard,14830.55
5291,Synthetic Customer 05291,customer05291@example.invalid,Australia,2021-02-07,Premium,7659.46
5292,Synthetic Customer 05292,customer05292@example.invalid,USA,2022-04-29,Standard,7412.75
5293,Synthetic Customer 05293,customer05293@example.invalid,Canada,2020-06-09,Premium,14884.08
5294,Synthetic Customer 05294,customer05294@example.invalid,Canada,2020-03-06,Premium,18565.87
5295,Synthetic Customer 05295,customer05295@example.invalid,UK,2020-01-09,Basic,12841.13
5296,Synthetic Customer 05296,customer05296@example.invalid,Germany,2025-05-22,Standard,18327.79
5297,Synthetic Customer 05297,customer05297@example.invalid,UK,2020-05-22,Premium,12377.70
5298,Synthetic Customer 05298,customer05298@example.invalid,Canada,2022-01-26,Premium,16326.36
5299,Synthetic Customer 05299,customer05299@example.invalid,Australia,2025-09-01,Standard,3261.13
5300,Synthetic Customer 05300,customer05300@example.invalid,USA,2024-07-31,Premium,13247.13
5301,Synthetic Customer 05301,customer05301@example.invalid,India,2020-03-04,Premium,12771.04
5302,Synthetic Customer 05302,customer05302@example.invalid,Canada,2021-06-07,Premium,6538.93
5303,Synthetic Customer 05303,customer05303@example.invalid,India,2025-05-10,Basic,6278.07
5304,Synthetic Customer 05304,customer05304@example.invalid,UK,2025-07-11,Standard,3365.41
5305,Synthetic Customer 05305,customer05305@example.invalid,USA,2024-10-11,Basic,4677.31
5306,Synthetic Customer 05306,customer05306@example.invalid,USA,2021-01-25,Premium,6268.82
5307,Synthetic Customer 05307,customer05307@example.invalid,India,2023-05-31,Standard,1905.36
5308,Synthetic Customer 05308,customer05308@example.invalid,UK,2022-05-16,Basic,9116.36
5309,Synthetic Customer 05309,customer05309@example.invalid,Australia,2025-03-09,Basic,15331.23
5310,Synthetic Customer 05310,customer05310@example.invalid,India,2025-05-01,Premium,17986.70
5311,Synthetic Customer 05311,customer05311@example.invalid,USA,2023-06-06,Basic,15966.96
5312,Synthetic Customer 05312,customer05312@example.invalid,USA,2024-11-11,Basic,15000.04
5313,Synthetic Customer 05313,customer05313@example.invalid,Singapore,2023-03-05,Basic,8168.39
5314,Synthetic Customer 05314,customer05314@example.invalid,India,2023-07-23,Standard,4191.77
5315,Synthetic Customer 05315,customer05315@example.invalid,Canada,2022-07-13,Premium,14633.05
5316,Synthetic Customer 05316,customer05316@example.invalid,Canada,2021-04-08,Standard,11880.33
5317,Synthetic Customer 05317,customer05317@example.invalid,USA,2021-12-23,Premium,14117.98
5318,Synthetic Customer 05318,customer05318@example.invalid,Canada,2025-06-12,Standard,9715.19
5319,Synthetic Customer 05319,customer05319@example.invalid,Singapore,2023-02-23,Standard,11412.00
5320,Synthetic Customer 05320,customer05320@example.invalid,India,2023-02-11,Premium,9090.83
5321,Synthetic Customer 05321,customer05321@example.invalid,UK,2022-06-01,Premium,17784.95
5322,Synthetic Customer 05322,customer05322@example.invalid,USA,2024-12-13,Basic,6140.77
5323,Synthetic Customer 05323,customer05323@example.invalid,Australia,2023-05-05,Premium,15241.37
5324,Synthetic Customer 05324,customer05324@example.invalid,USA,2024-07-19,Standard,17825.33
5325,Synthetic Customer 05325,customer05325@example.invalid,USA,2020-03-24,Premium,9656.90
5326,Synthetic Customer 05326,customer05326@example.invalid,Canada,2021-04-22,Standard,1248.93
5327,Synthetic Customer 05327,customer05327@example.invalid,India,2020-01-17,Standard,17121.37
5328,Synthetic Customer 05328,customer05328@example.invalid,USA,2020-11-02,Basic,1976.80
5329,Synthetic Customer 05329,customer05329@example.invalid,Canada,2021-07-21,Standard,15373.46
5330,Synthetic Customer 05330,customer05330@example.invalid,USA,2021-10-15,Basic,16017.07
5331,Synthetic Customer 05331,customer05331@example.invalid,USA,2024-04-02,Premium,15594.46
5332,Synthetic Customer 05332,customer05332@example.invalid,USA,2023-02-20,Premium,8022.71
5333,Synthetic Customer 05333,customer05333@example.invalid,Germany,2021-07-10,Premium,10578.44
5334,Synthetic Customer 05334,customer05334@example.invalid,India,2020-04-19,Basic,12939.43
5335,Synthetic Customer 05335,customer05335@example.invalid,Singapore,2021-05-07,Standard,17346.64
5336,Synthetic Customer 05336,customer05336@example.invalid,India,2025-08-01,Standard,3355.44
5337,Synthetic Customer 05337,customer05337@example.invalid,Australia,2021-08-13,Basic,19612.80
5338,Synthetic Customer 05338,customer05338@example.invalid,Australia,2021-03-23,Premium,6081.27
5339,Synthetic Customer 05339,customer05339@example.invalid,USA,2022-09-26,Standard,13792.83
5340,Synthetic Customer 05340,customer05340@example.invalid,Australia,2025-02-16,Standard,5943.21
5341,Synthetic Customer 05341,customer05341@example.invalid,Singapore,2021-07-27,Premium,12645.27
5342,Synthetic Customer 05342,customer05342@example.invalid,Canada,2021-03-31,Standard,2723.40
5343,Synthetic Customer 05343,customer05343@example.invalid,USA,2025-03-24,Basic,3635.32
5344,Synthetic Customer 05344,customer05344@example.invalid,USA,2025-12-05,Standard,4245.39
5345,Synthetic Customer 05345,customer05345@example.invalid,Germany,2023-11-05,Basic,8150.07
5346,Synthetic Customer 05346,customer05346@example.invalid,Singapore,2021-06-28,Basic,18715.39
5347,Synthetic Customer 05347,customer05347@example.invalid,UK,2025-11-28,Basic,8083.87
5348,Synthetic Customer 05348,customer05348@example.invalid,UK,2021-07-20,Standard,4251.56
5349,Synthetic Customer 05349,customer05349@example.invalid,USA,2020-02-13,Basic,9084.80
5350,Synthetic Customer 05350,customer05350@example.invalid,Singapore,2023-10-29,Premium,13416.21
5351,Synthetic Customer 05351,customer05351@example.invalid,UK,2024-03-31,Standard,14880.97
5352,Synthetic Customer 05352,customer05352@example.invalid,UK,2022-05-15,Premium,218.12
5353,Synthetic Customer 05353,customer05353@example.invalid,Singapore,2022-07-28,Standard,4300.73
5354,Synthetic Customer 05354,customer05354@example.invalid,India,2020-01-09,Premium,8168.67
5355,Synthetic Customer 05355,customer05355@example.invalid,Germany,2022-05-03,Basic,17019.10
5356,Synthetic Customer 05356,customer05356@example.invalid,Canada,2024-10-01,Standard,14622.52
5357,Synthetic Customer 05357,customer05357@example.invalid,USA,2025-10-10,Standard,7693.21
5358,Synthetic Customer 05358,customer05358@example.invalid,USA,2023-08-07,Basic,16681.72
5359,Synthetic Customer 05359,customer05359@example.invalid,UK,2024-02-18,Standard,1374.42
5360,Synthetic Customer 05360,customer05360@example.invalid,India,2021-03-08,Standard,671.81
5361,Synthetic Customer 05361,customer05361@example.invalid,Canada,2025-10-19,Standard,281.73
5362,Synthetic Customer 05362,customer05362@example.invalid,India,2020-07-04,Premium,17451.29
5363,Synthetic Customer 05363,customer05363@example.invalid,Singapore,2025-12-30,Basic,663.49
5364,Synthetic Customer 05364,customer05364@example.invalid,Canada,2024-10-26,Premium,11323.90
5365,Synthetic Customer 05365,customer05365@example.invalid,UK,2025-05-22,Basic,11773.91
5366,Synthetic Customer 05366,customer05366@example.invalid,India,2021-12-08,Premium,11728.28
5367,Synthetic Customer 05367,customer05367@example.invalid,India,2023-10-24,Premium,8747.60
5368,Synthetic Customer 05368,customer05368@example.invalid,Australia,2020-10-03,Basic,17082.07
5369,Synthetic Customer 05369,customer05369@example.invalid,UK,2022-06-11,Standard,3413.11
5370,Synthetic Customer 05370,customer05370@example.invalid,India,2021-02-03,Premium,7295.97
5371,Synthetic Customer 05371,customer05371@example.invalid,India,2023-07-12,Premium,18874.91
5372,Synthetic Customer 05372,customer05372@example.invalid,Germany,2020-03-20,Standard,605.83
5373,Synthetic Customer 05373,customer05373@example.invalid,India,2021-03-08,Premium,10624.31
5374,Synthetic Customer 05374,customer05374@example.invalid,UK,2021-10-10,Basic,5590.40
5375,Synthetic Customer 05375,customer05375@example.invalid,India,2022-11-22,Premium,18378.43
5376,Synthetic Customer 05376,customer05376@example.invalid,Germany,2020-06-22,Premium,6455.56
5377,Synthetic Customer 05377,customer05377@example.invalid,USA,2025-05-30,Standard,18577.46
5378,Synthetic Customer 05378,customer05378@example.invalid,Australia,2020-08-08,Standard,3711.52
5379,Synthetic Customer 05379,customer05379@example.invalid,Germany,2020-05-12,Premium,1173.45
5380,Synthetic Customer 05380,customer05380@example.invalid,Singapore,2024-07-27,Basic,15104.09
5381,Synthetic Customer 05381,customer05381@example.invalid,USA,2020-06-11,Premium,3066.01
5382,Synthetic Customer 05382,customer05382@example.invalid,Australia,2024-02-18,Premium,3960.22
5383,Synthetic Customer 05383,customer05383@example.invalid,India,2024-09-20,Premium,14563.15
5384,Synthetic Customer 05384,customer05384@example.invalid,Germany,2021-10-20,Premium,11301.72
5385,Synthetic Customer 05385,customer05385@example.invalid,Canada,2024-10-10,Basic,8921.18
5386,Synthetic Customer 05386,customer05386@example.invalid,UK,2022-09-04,Basic,7263.25
5387,Synthetic Customer 05387,customer05387@example.invalid,Australia,2023-08-08,Basic,7107.92
5388,Synthetic Customer 05388,customer05388@example.invalid,UK,2020-05-20,Premium,10402.28
5389,Synthetic Customer 05389,customer05389@example.invalid,India,2022-01-14,Standard,1780.17
5390,Synthetic Customer 05390,customer05390@example.invalid,UK,2020-03-27,Standard,13444.31
5391,Synthetic Customer 05391,customer05391@example.invalid,Singapore,2021-11-18,Standard,11124.57
5392,Synthetic Customer 05392,customer05392@example.invalid,Germany,2024-10-18,Basic,9735.92
5393,Synthetic Customer 05393,customer05393@example.invalid,Germany,2021-02-06,Premium,9382.67
5394,Synthetic Customer 05394,customer05394@example.invalid,UK,2023-09-01,Basic,3813.78
5395,Synthetic Customer 05395,customer05395@example.invalid,Canada,2023-10-18,Standard,15303.63
5396,Synthetic Customer 05396,customer05396@example.invalid,India,2021-04-02,Premium,915.92
5397,Synthetic Customer 05397,customer05397@example.invalid,Germany,2022-10-22,Premium,13464.30
5398,Synthetic Customer 05398,customer05398@example.invalid,Canada,2022-12-18,Basic,14119.90
5399,Synthetic Customer 05399,customer05399@example.invalid,Germany,2023-08-21,Basic,18203.01
5400,Synthetic Customer 05400,customer05400@example.invalid,Australia,2022-07-18,Basic,10210.08
5401,Synthetic Customer 05401,customer05401@example.invalid,Australia,2020-12-07,Basic,6353.95
5402,Synthetic Customer 05402,customer05402@example.invalid,India,2025-08-02,Premium,4629.90
5403,Synthetic Customer 05403,customer05403@example.invalid,Canada,2021-04-24,Basic,10287.94
5404,Synthetic Customer 05404,customer05404@example.invalid,Germany,2025-10-26,Standard,11839.38
5405,Synthetic Customer 05405,customer05405@example.invalid,Germany,2024-12-04,Standard,9278.93
5406,Synthetic Customer 05406,customer05406@example.invalid,India,2025-10-16,Standard,19510.42
5407,Synthetic Customer 05407,customer05407@example.invalid,Australia,2025-07-07,Standard,6245.84
5408,Synthetic Customer 05408,customer05408@example.invalid,Singapore,2020-04-20,Premium,19703.17
5409,Synthetic Customer 05409,customer05409@example.invalid,Germany,2022-04-14,Basic,14825.09
5410,Synthetic Customer 05410,customer05410@example.invalid,Canada,2024-05-07,Premium,17648.66
5411,Synthetic Customer 05411,customer05411@example.invalid,Canada,2024-01-24,Basic,16732.52
5412,Synthetic Customer 05412,customer05412@example.invalid,UK,2023-02-17,Premium,19975.19
5413,Synthetic Customer 05413,customer05413@example.invalid,Australia,2022-12-14,Basic,4601.56
5414,Synthetic Customer 05414,customer05414@example.invalid,Singapore,2024-06-28,Premium,17018.48
5415,Synthetic Customer 05415,customer05415@example.invalid,UK,2023-04-23,Premium,1469.41
5416,Synthetic Customer 05416,customer05416@example.invalid,Germany,2023-10-16,Standard,19323.16
5417,Synthetic Customer 05417,customer05417@example.invalid,Canada,2024-02-15,Standard,19070.98
5418,Synthetic Customer 05418,customer05418@example.invalid,Australia,2025-06-15,Premium,12763.46
5419,Synthetic Customer 05419,customer05419@example.invalid,Germany,2024-11-29,Standard,15681.32
5420,Synthetic Customer 05420,customer05420@example.invalid,Singapore,2023-06-22,Basic,1711.75
5421,Synthetic Customer 05421,customer05421@example.invalid,India,2021-10-09,Standard,11237.90
5422,Synthetic Customer 05422,customer05422@example.invalid,Australia,2025-10-15,Premium,12489.45
5423,Synthetic Customer 05423,customer05423@example.invalid,Australia,2020-01-13,Basic,9316.04
5424,Synthetic Customer 05424,customer05424@example.invalid,Singapore,2023-04-28,Premium,1796.56
5425,Synthetic Customer 05425,customer05425@example.invalid,India,2025-03-21,Basic,13041.68
5426,Synthetic Customer 05426,customer05426@example.invalid,Australia,2024-12-19,Basic,17376.82
5427,Synthetic Customer 05427,customer05427@example.invalid,Singapore,2023-05-29,Basic,15675.46
5428,Synthetic Customer 05428,customer05428@example.invalid,Canada,2025-12-16,Premium,5929.15
5429,Synthetic Customer 05429,customer05429@example.invalid,USA,2023-03-21,Basic,6485.25
5430,Synthetic Customer 05430,customer05430@example.invalid,Singapore,2020-12-28,Standard,15111.12
5431,Synthetic Customer 05431,customer05431@example.invalid,Canada,2022-08-30,Premium,11826.86
5432,Synthetic Customer 05432,customer05432@example.invalid,USA,2023-08-25,Premium,8540.60
5433,Synthetic Customer 05433,customer05433@example.invalid,Canada,2020-01-17,Premium,8638.36
5434,Synthetic Customer 05434,customer05434@example.invalid,Singapore,2024-04-15,Premium,2841.09
5435,Synthetic Customer 05435,customer05435@example.invalid,Australia,2022-06-15,Basic,17.73
5436,Synthetic Customer 05436,customer05436@example.invalid,Germany,2020-09-05,Premium,10412.36
5437,Synthetic Customer 05437,customer05437@example.invalid,Australia,2024-09-12,Basic,12624.99
5438,Synthetic Customer 05438,customer05438@example.invalid,Canada,2023-09-24,Standard,17293.06
5439,Synthetic Customer 05439,customer05439@example.invalid,UK,2020-01-26,Standard,10846.49
5440,Synthetic Customer 05440,customer05440@example.invalid,Germany,2024-01-29,Standard,8057.57
5441,Synthetic Customer 05441,customer05441@example.invalid,India,2020-09-06,Premium,9741.76
5442,Synthetic Customer 05442,customer05442@example.invalid,USA,2022-12-11,Basic,12467.62
5443,Synthetic Customer 05443,customer05443@example.invalid,UK,2023-03-04,Premium,18461.51
5444,Synthetic Customer 05444,customer05444@example.invalid,USA,2022-03-09,Basic,18438.63
5445,Synthetic Customer 05445,customer05445@example.invalid,Germany,2023-12-14,Premium,17386.06
5446,Synthetic Customer 05446,customer05446@example.invalid,Australia,2023-12-30,Premium,16789.81
5447,Synthetic Customer 05447,customer05447@example.invalid,Canada,2022-02-28,Standard,9256.60
5448,Synthetic Customer 05448,customer05448@example.invalid,UK,2021-08-12,Basic,10610.60
5449,Synthetic Customer 05449,customer05449@example.invalid,Australia,2020-04-21,Standard,19365.13
5450,Synthetic Customer 05450,customer05450@example.invalid,UK,2025-04-18,Basic,1962.06
5451,Synthetic Customer 05451,customer05451@example.invalid,Singapore,2025-06-18,Premium,17159.98
5452,Synthetic Customer 05452,customer05452@example.invalid,USA,2020-05-03,Basic,13135.56
5453,Synthetic Customer 05453,customer05453@example.invalid,Germany,2021-12-11,Premium,10971.12
5454,Synthetic Customer 05454,customer05454@example.invalid,Singapore,2022-02-08,Premium,14744.40
5455,Synthetic Customer 05455,customer05455@example.invalid,Australia,2022-03-31,Premium,16884.96
5456,Synthetic Customer 05456,customer05456@example.invalid,Germany,2024-12-20,Premium,4676.93
5457,Synthetic Customer 05457,customer05457@example.invalid,USA,2023-07-07,Standard,10095.62
5458,Synthetic Customer 05458,customer05458@example.invalid,USA,2020-04-13,Standard,7252.83
5459,Synthetic Customer 05459,customer05459@example.invalid,USA,2020-12-03,Standard,12146.96
5460,Synthetic Customer 05460,customer05460@example.invalid,Canada,2025-05-08,Premium,3138.82
5461,Synthetic Customer 05461,customer05461@example.invalid,Canada,2022-05-03,Premium,2213.09
5462,Synthetic Customer 05462,customer05462@example.invalid,Singapore,2024-11-13,Basic,18465.32
5463,Synthetic Customer 05463,customer05463@example.invalid,Singapore,2023-04-02,Premium,10795.41
5464,Synthetic Customer 05464,customer05464@example.invalid,USA,2022-04-03,Standard,12799.92
5465,Synthetic Customer 05465,customer05465@example.invalid,USA,2024-06-19,Premium,9022.83
5466,Synthetic Customer 05466,customer05466@example.invalid,Germany,2025-11-15,Basic,2103.18
5467,Synthetic Customer 05467,customer05467@example.invalid,India,2024-04-15,Standard,16117.73
5468,Synthetic Customer 05468,customer05468@example.invalid,India,2023-01-12,Premium,12931.19
5469,Synthetic Customer 05469,customer05469@example.invalid,Singapore,2023-09-19,Basic,11745.06
5470,Synthetic Customer 05470,customer05470@example.invalid,Australia,2021-04-27,Standard,11030.33
5471,Synthetic Customer 05471,customer05471@example.invalid,India,2024-02-09,Premium,7270.92
5472,Synthetic Customer 05472,customer05472@example.invalid,UK,2020-01-10,Premium,3251.16
5473,Synthetic Customer 05473,customer05473@example.invalid,Canada,2024-04-25,Basic,19999.45
5474,Synthetic Customer 05474,customer05474@example.invalid,UK,2022-11-21,Standard,18852.42
5475,Synthetic Customer 05475,customer05475@example.invalid,Australia,2023-01-04,Basic,799.67
5476,Synthetic Customer 05476,customer05476@example.invalid,India,2024-05-08,Premium,9782.89
5477,Synthetic Customer 05477,customer05477@example.invalid,India,2023-11-24,Basic,11161.10
5478,Synthetic Customer 05478,customer05478@example.invalid,India,2024-12-20,Standard,6391.91
5479,Synthetic Customer 05479,customer05479@example.invalid,Germany,2023-08-29,Premium,3897.00
5480,Synthetic Customer 05480,customer05480@example.invalid,UK,2023-08-07,Basic,5741.59
5481,Synthetic Customer 05481,customer05481@example.invalid,UK,2025-04-23,Premium,15076.12
5482,Synthetic Customer 05482,customer05482@example.invalid,Canada,2022-10-28,Basic,9304.75
5483,Synthetic Customer 05483,customer05483@example.invalid,UK,2020-06-19,Premium,11013.75
5484,Synthetic Customer 05484,customer05484@example.invalid,UK,2020-05-08,Basic,1318.93
5485,Synthetic Customer 05485,customer05485@example.invalid,Canada,2020-11-21,Premium,15711.18
5486,Synthetic Customer 05486,customer05486@example.invalid,Canada,2024-10-27,Basic,2892.06
5487,Synthetic Customer 05487,customer05487@example.invalid,UK,2025-12-05,Basic,6616.67
5488,Synthetic Customer 05488,customer05488@example.invalid,Canada,2021-12-22,Standard,8536.60
5489,Synthetic Customer 05489,customer05489@example.invalid,USA,2025-03-05,Standard,10701.75
5490,Synthetic Customer 05490,customer05490@example.invalid,Australia,2022-01-25,Basic,15864.25
5491,Synthetic Customer 05491,customer05491@example.invalid,Singapore,2020-10-02,Standard,16354.58
5492,Synthetic Customer 05492,customer05492@example.invalid,Canada,2021-09-29,Premium,15227.48
5493,Synthetic Customer 05493,customer05493@example.invalid,Canada,2022-04-30,Premium,841.17
5494,Synthetic Customer 05494,customer05494@example.invalid,Australia,2020-12-03,Premium,3859.75
5495,Synthetic Customer 05495,customer05495@example.invalid,Canada,2025-11-16,Premium,5142.74
5496,Synthetic Customer 05496,customer05496@example.invalid,USA,2024-11-28,Premium,10217.17
5497,Synthetic Customer 05497,customer05497@example.invalid,Canada,2024-10-27,Standard,16949.85
5498,Synthetic Customer 05498,customer05498@example.invalid,India,2021-12-11,Standard,10303.70
5499,Synthetic Customer 05499,customer05499@example.invalid,Canada,2023-12-09,Premium,6633.88
5500,Synthetic Customer 05500,customer05500@example.invalid,Germany,2022-12-17,Standard,17467.86
5501,Synthetic Customer 05501,customer05501@example.invalid,India,2021-09-16,Standard,7834.74
5502,Synthetic Customer 05502,customer05502@example.invalid,Germany,2024-01-02,Premium,9086.82
5503,Synthetic Customer 05503,customer05503@example.invalid,UK,2022-01-08,Standard,4651.07
5504,Synthetic Customer 05504,customer05504@example.invalid,Germany,2025-04-29,Premium,11088.57
5505,Synthetic Customer 05505,customer05505@example.invalid,Australia,2025-08-17,Standard,8946.20
5506,Synthetic Customer 05506,customer05506@example.invalid,Germany,2024-06-12,Premium,7815.78
5507,Synthetic Customer 05507,customer05507@example.invalid,India,2021-05-26,Basic,18997.08
5508,Synthetic Customer 05508,customer05508@example.invalid,Canada,2025-05-03,Standard,8165.70
5509,Synthetic Customer 05509,customer05509@example.invalid,Canada,2025-10-10,Standard,3376.83
5510,Synthetic Customer 05510,customer05510@example.invalid,Canada,2025-04-22,Premium,15401.09
5511,Synthetic Customer 05511,customer05511@example.invalid,Germany,2020-12-13,Standard,10360.17
5512,Synthetic Customer 05512,customer05512@example.invalid,Germany,2025-06-22,Premium,10837.12
5513,Synthetic Customer 05513,customer05513@example.invalid,Canada,2021-08-04,Basic,8403.63
5514,Synthetic Customer 05514,customer05514@example.invalid,India,2025-04-20,Standard,7249.28
5515,Synthetic Customer 05515,customer05515@example.invalid,Germany,2022-06-25,Standard,311.16
5516,Synthetic Customer 05516,customer05516@example.invalid,USA,2024-07-02,Basic,3706.77
5517,Synthetic Customer 05517,customer05517@example.invalid,Australia,2023-04-19,Standard,9853.75
5518,Synthetic Customer 05518,customer05518@example.invalid,Australia,2021-02-18,Premium,12456.87
5519,Synthetic Customer 05519,customer05519@example.invalid,USA,2025-08-20,Basic,5251.81
5520,Synthetic Customer 05520,customer05520@example.invalid,Germany,2020-04-23,Basic,15878.94
5521,Synthetic Customer 05521,customer05521@example.invalid,Australia,2025-06-13,Standard,15677.65
5522,Synthetic Customer 05522,customer05522@example.invalid,UK,2021-05-23,Basic,5144.55
5523,Synthetic Customer 05523,customer05523@example.invalid,Australia,2021-03-28,Basic,10775.71
5524,Synthetic Customer 05524,customer05524@example.invalid,Germany,2021-02-26,Basic,14277.10
5525,Synthetic Customer 05525,customer05525@example.invalid,USA,2022-01-12,Basic,11094.89
5526,Synthetic Customer 05526,customer05526@example.invalid,UK,2023-10-12,Basic,11979.30
5527,Synthetic Customer 05527,customer05527@example.invalid,Singapore,2023-01-26,Basic,18001.39
5528,Synthetic Customer 05528,customer05528@example.invalid,Australia,2021-08-12,Standard,12856.26
5529,Synthetic Customer 05529,customer05529@example.invalid,India,2025-03-29,Premium,3525.08
5530,Synthetic Customer 05530,customer05530@example.invalid,Germany,2021-02-08,Premium,13248.46
5531,Synthetic Customer 05531,customer05531@example.invalid,USA,2025-11-03,Premium,15313.96
5532,Synthetic Customer 05532,customer05532@example.invalid,Singapore,2021-08-24,Standard,1571.25
5533,Synthetic Customer 05533,customer05533@example.invalid,Singapore,2025-04-24,Standard,19285.41
5534,Synthetic Customer 05534,customer05534@example.invalid,Singapore,2024-02-14,Basic,1065.10
5535,Synthetic Customer 05535,customer05535@example.invalid,Australia,2022-09-08,Premium,1251.84
5536,Synthetic Customer 05536,customer05536@example.invalid,Canada,2021-06-06,Basic,5441.19
5537,Synthetic Customer 05537,customer05537@example.invalid,Canada,2024-07-20,Premium,12588.45
5538,Synthetic Customer 05538,customer05538@example.invalid,Canada,2023-05-18,Basic,9294.71
5539,Synthetic Customer 05539,customer05539@example.invalid,USA,2024-12-31,Standard,13752.60
5540,Synthetic Customer 05540,customer05540@example.invalid,Canada,2025-12-25,Premium,13201.12
5541,Synthetic Customer 05541,customer05541@example.invalid,Australia,2021-05-08,Standard,10691.07
5542,Synthetic Customer 05542,customer05542@example.invalid,Germany,2020-10-26,Basic,2908.87
5543,Synthetic Customer 05543,customer05543@example.invalid,USA,2022-01-26,Basic,15875.44
5544,Synthetic Customer 05544,customer05544@example.invalid,Germany,2021-07-02,Basic,4704.19
5545,Synthetic Customer 05545,customer05545@example.invalid,Singapore,2020-09-12,Premium,11939.18
5546,Synthetic Customer 05546,customer05546@example.invalid,Germany,2020-06-03,Standard,14223.19
5547,Synthetic Customer 05547,customer05547@example.invalid,India,2022-06-29,Standard,15294.41
5548,Synthetic Customer 05548,customer05548@example.invalid,India,2020-04-16,Standard,10389.76
5549,Synthetic Customer 05549,customer05549@example.invalid,Canada,2023-08-10,Standard,10336.51
5550,Synthetic Customer 05550,customer05550@example.invalid,UK,2021-05-29,Standard,5634.25
5551,Synthetic Customer 05551,customer05551@example.invalid,Germany,2024-01-26,Premium,5562.29
5552,Synthetic Customer 05552,customer05552@example.invalid,Australia,2023-09-02,Basic,3082.74
5553,Synthetic Customer 05553,customer05553@example.invalid,UK,2025-05-08,Standard,12315.56
5554,Synthetic Customer 05554,customer05554@example.invalid,Canada,2024-10-12,Basic,8195.37
5555,Synthetic Customer 05555,customer05555@example.invalid,India,2023-11-14,Premium,3994.16
5556,Synthetic Customer 05556,customer05556@example.invalid,Australia,2023-09-02,Standard,11138.49
5557,Synthetic Customer 05557,customer05557@example.invalid,Singapore,2025-11-10,Premium,5424.58
5558,Synthetic Customer 05558,customer05558@example.invalid,Germany,2022-03-05,Basic,12977.85
5559,Synthetic Customer 05559,customer05559@example.invalid,USA,2024-04-29,Basic,19020.61
5560,Synthetic Customer 05560,customer05560@example.invalid,India,2022-12-06,Standard,9993.95
5561,Synthetic Customer 05561,customer05561@example.invalid,USA,2023-07-31,Basic,17025.27
5562,Synthetic Customer 05562,customer05562@example.invalid,USA,2021-12-25,Premium,10898.22
5563,Synthetic Customer 05563,customer05563@example.invalid,India,2021-02-10,Premium,5889.96
5564,Synthetic Customer 05564,customer05564@example.invalid,UK,2021-10-03,Standard,1896.63
5565,Synthetic Customer 05565,customer05565@example.invalid,USA,2023-05-29,Standard,6943.94
5566,Synthetic Customer 05566,customer05566@example.invalid,Australia,2023-03-09,Standard,12792.90
5567,Synthetic Customer 05567,customer05567@example.invalid,Germany,2021-02-28,Standard,19625.10
5568,Synthetic Customer 05568,customer05568@example.invalid,UK,2022-07-05,Basic,3161.90
5569,Synthetic Customer 05569,customer05569@example.invalid,Singapore,2021-10-03,Basic,7149.59
5570,Synthetic Customer 05570,customer05570@example.invalid,India,2021-02-01,Premium,5026.85
5571,Synthetic Customer 05571,customer05571@example.invalid,Australia,2023-05-03,Premium,16742.33
5572,Synthetic Customer 05572,customer05572@example.invalid,India,2024-07-07,Premium,17660.06
5573,Synthetic Customer 05573,customer05573@example.invalid,Singapore,2024-06-16,Basic,2716.21
5574,Synthetic Customer 05574,customer05574@example.invalid,USA,2021-06-11,Basic,18583.16
5575,Synthetic Customer 05575,customer05575@example.invalid,India,2021-04-11,Basic,3858.32
5576,Synthetic Customer 05576,,Germany,2021-03-04,Premium,12740.12
5577,Synthetic Customer 05577,customer05577@example.invalid,USA,2023-02-20,Standard,5586.85
5578,Synthetic Customer 05578,customer05578@example.invalid,Singapore,2025-01-31,Basic,4965.81
5579,Synthetic Customer 05579,customer05579@example.invalid,Germany,2020-05-01,Premium,15872.02
5580,Synthetic Customer 05580,customer05580@example.invalid,Canada,2020-11-15,Standard,15511.74
5581,Synthetic Customer 05581,customer05581@example.invalid,Australia,2025-06-05,Basic,16485.35
5582,Synthetic Customer 05582,customer05582@example.invalid,Canada,2020-03-01,Basic,9565.21
5583,Synthetic Customer 05583,customer05583@example.invalid,Australia,2024-01-01,Premium,15361.78
5584,Synthetic Customer 05584,customer05584@example.invalid,Australia,2024-04-01,Standard,11886.73
5585,Synthetic Customer 05585,customer05585@example.invalid,Australia,2023-11-16,Standard,17774.26
5586,Synthetic Customer 05586,customer05586@example.invalid,India,2022-07-09,Premium,9895.91
5587,Synthetic Customer 05587,customer05587@example.invalid,Canada,2021-08-27,Standard,5331.38
5588,Synthetic Customer 05588,customer05588@example.invalid,Canada,2025-11-24,Basic,13924.33
5589,Synthetic Customer 05589,customer05589@example.invalid,India,2024-05-01,Standard,11332.11
5590,Synthetic Customer 05590,customer05590@example.invalid,India,2024-05-15,Standard,601.20
5591,Synthetic Customer 05591,customer05591@example.invalid,Canada,2021-09-21,Basic,13652.57
5592,Synthetic Customer 05592,customer05592@example.invalid,UK,2023-10-31,Standard,6776.99
5593,Synthetic Customer 05593,customer05593@example.invalid,Germany,invalid-date,Standard,18612.44
5594,Synthetic Customer 05594,customer05594@example.invalid,Singapore,2025-10-24,Standard,16433.13
5595,Synthetic Customer 05595,customer05595@example.invalid,Germany,2025-05-30,Premium,18026.52
5596,Synthetic Customer 05596,customer05596@example.invalid,Canada,2023-11-14,Standard,14110.41
5597,Synthetic Customer 05597,customer05597@example.invalid,Germany,2023-07-21,Basic,16818.41
5598,Synthetic Customer 05598,customer05598@example.invalid,USA,2025-12-30,Basic,5535.53
5599,Synthetic Customer 05599,customer05599@example.invalid,USA,2023-01-07,Basic,8994.83
5600,Synthetic Customer 05600,customer05600@example.invalid,USA,2024-01-28,Basic,12880.33
5601,Synthetic Customer 05601,customer05601@example.invalid,India,2020-03-04,Basic,6340.17
5602,Synthetic Customer 05602,customer05602@example.invalid,Singapore,2020-09-10,Premium,17720.64
5603,Synthetic Customer 05603,customer05603@example.invalid,USA,2023-05-28,Basic,11318.29
5604,Synthetic Customer 05604,customer05604@example.invalid,UK,2020-11-14,Standard,15353.46
5605,Synthetic Customer 05605,customer05605@example.invalid,USA,2020-01-07,Standard,15615.91
5606,Synthetic Customer 05606,customer05606@example.invalid,Germany,2022-07-22,Standard,2829.89
5607,Synthetic Customer 05607,customer05607@example.invalid,USA,2025-06-25,Premium,2324.64
5608,Synthetic Customer 05608,customer05608@example.invalid,Australia,2020-12-01,Basic,9412.70
5609,Synthetic Customer 05609,customer05609@example.invalid,India,2023-06-27,Standard,12340.13
5610,Synthetic Customer 05610,customer05610@example.invalid,Singapore,2023-11-20,Standard,7061.74
5611,Synthetic Customer 05611,customer05611@example.invalid,Australia,2025-02-22,Basic,10844.21
5612,Synthetic Customer 05612,customer05612@example.invalid,India,2025-05-25,Standard,1704.44
5613,Synthetic Customer 05613,customer05613@example.invalid,Singapore,2021-08-08,Standard,1872.89
5614,Synthetic Customer 05614,customer05614@example.invalid,India,2020-11-29,Premium,19410.08
5615,Synthetic Customer 05615,customer05615@example.invalid,Australia,2022-03-07,Standard,9713.12
5616,Synthetic Customer 05616,customer05616@example.invalid,Germany,2021-11-04,Basic,4613.46
5617,Synthetic Customer 05617,customer05617@example.invalid,India,2022-07-16,Premium,412.22
5618,Synthetic Customer 05618,customer05618@example.invalid,Germany,2023-11-30,Basic,13562.33
5619,Synthetic Customer 05619,customer05619@example.invalid,India,2023-03-26,Basic,797.83
5620,Synthetic Customer 05620,customer05620@example.invalid,Germany,2020-05-01,Basic,16951.98
5621,Synthetic Customer 05621,customer05621@example.invalid,Singapore,2025-09-13,Basic,12664.19
5622,Synthetic Customer 05622,customer05622@example.invalid,India,2020-12-16,Premium,17107.77
5623,Synthetic Customer 05623,customer05623@example.invalid,Canada,2023-03-02,Premium,13244.69
5624,Synthetic Customer 05624,customer05624@example.invalid,Singapore,2024-01-10,Basic,18380.45
5625,Synthetic Customer 05625,customer05625@example.invalid,USA,2023-06-26,Basic,12353.82
5626,Synthetic Customer 05626,customer05626@example.invalid,Singapore,2022-05-31,Premium,4831.52
5627,Synthetic Customer 05627,customer05627@example.invalid,USA,2020-12-01,Premium,3511.73
5628,Synthetic Customer 05628,customer05628@example.invalid,Germany,2025-03-19,Standard,13992.39
5629,Synthetic Customer 05629,customer05629@example.invalid,UK,2025-09-12,Premium,19921.88
5630,Synthetic Customer 05630,customer05630@example.invalid,Australia,2024-09-17,Standard,15901.73
5631,Synthetic Customer 05631,customer05631@example.invalid,USA,2022-07-25,Standard,2516.11
5632,Synthetic Customer 05632,customer05632@example.invalid,Australia,2021-05-23,Premium,16002.79
5633,Synthetic Customer 05633,customer05633@example.invalid,Australia,2021-10-06,Basic,18635.50
5634,Synthetic Customer 05634,customer05634@example.invalid,India,2022-06-29,Premium,9780.21
5635,Synthetic Customer 05635,customer05635@example.invalid,Canada,2024-06-01,Standard,4170.86
5636,Synthetic Customer 05636,customer05636@example.invalid,Singapore,2022-12-01,Standard,14407.58
5637,Synthetic Customer 05637,customer05637@example.invalid,USA,2024-04-27,Basic,17333.92
5638,Synthetic Customer 05638,customer05638@example.invalid,Germany,2020-05-30,Basic,2938.79
5639,Synthetic Customer 05639,,USA,2025-09-20,Basic,4482.46
5640,Synthetic Customer 05640,customer05640@example.invalid,Canada,2020-09-26,Basic,19532.92
5641,Synthetic Customer 05641,,Germany,2024-09-18,Basic,9273.76
5642,Synthetic Customer 05642,customer05642@example.invalid,Canada,2021-04-16,Basic,2929.37
5643,Synthetic Customer 05643,customer05643@example.invalid,UK,2024-06-28,Premium,17044.02
5644,Synthetic Customer 05644,customer05644@example.invalid,India,2024-08-09,Basic,13477.21
5645,Synthetic Customer 05645,customer05645@example.invalid,Canada,2024-06-04,Standard,10672.22
5646,Synthetic Customer 05646,customer05646@example.invalid,Singapore,2025-08-06,Standard,17949.39
5647,Synthetic Customer 05647,customer05647@example.invalid,India,2025-12-18,Basic,17381.00
5648,Synthetic Customer 05648,customer05648@example.invalid,Australia,2022-10-09,Standard,9246.18
5649,Synthetic Customer 05649,customer05649@example.invalid,India,2020-08-24,Standard,10473.13
5650,Synthetic Customer 05650,customer05650@example.invalid,Canada,2021-08-23,Basic,3025.36
5651,Synthetic Customer 05651,customer05651@example.invalid,Australia,2025-08-15,Premium,2211.92
5652,Synthetic Customer 05652,customer05652@example.invalid,Canada,2023-05-12,Standard,18635.93
5653,Synthetic Customer 05653,customer05653@example.invalid,Australia,2023-10-31,Basic,1453.04
5654,Synthetic Customer 05654,customer05654@example.invalid,Germany,2025-08-01,Basic,19746.59
5655,Synthetic Customer 05655,customer05655@example.invalid,Germany,2024-08-22,Standard,9481.04
5656,Synthetic Customer 05656,customer05656@example.invalid,India,2021-11-05,Premium,14160.38
5657,Synthetic Customer 05657,customer05657@example.invalid,USA,2023-10-26,Premium,87.32
5658,Synthetic Customer 05658,customer05658@example.invalid,Canada,2022-02-21,Basic,5470.07
5659,Synthetic Customer 05659,customer05659@example.invalid,Australia,2021-01-02,Standard,1984.97
5660,Synthetic Customer 05660,customer05660@example.invalid,UK,2025-06-15,Standard,19998.99
5661,Synthetic Customer 05661,customer05661@example.invalid,UK,2020-12-27,Standard,16765.32
5662,Synthetic Customer 05662,customer05662@example.invalid,Canada,2020-08-04,Basic,18019.89
5663,Synthetic Customer 05663,customer05663@example.invalid,Singapore,2024-07-13,Basic,4831.95
5664,Synthetic Customer 05664,customer05664@example.invalid,Australia,2020-07-30,Premium,14778.14
5665,Synthetic Customer 05665,customer05665@example.invalid,USA,2024-10-05,Premium,10663.78
5666,Synthetic Customer 05666,customer05666@example.invalid,Australia,2021-05-26,Basic,6815.58
5667,Synthetic Customer 05667,customer05667@example.invalid,Singapore,2022-02-09,Basic,15436.14
5668,Synthetic Customer 05668,customer05668@example.invalid,Canada,2020-10-09,Standard,8097.61
5669,Synthetic Customer 05669,customer05669@example.invalid,Singapore,2025-09-08,Standard,15544.72
5670,Synthetic Customer 05670,customer05670@example.invalid,Germany,2022-07-26,Premium,6806.07
5671,Synthetic Customer 05671,customer05671@example.invalid,India,2021-02-25,Basic,7198.58
5672,Synthetic Customer 05672,customer05672@example.invalid,USA,2024-01-27,Basic,5552.95
5673,Synthetic Customer 05673,customer05673@example.invalid,USA,2022-11-16,Standard,15229.22
5674,Synthetic Customer 05674,customer05674@example.invalid,Germany,2020-06-20,Basic,11552.47
5675,Synthetic Customer 05675,customer05675@example.invalid,Germany,2024-11-14,Basic,9655.47
5676,Synthetic Customer 05676,customer05676@example.invalid,Canada,2021-09-22,Premium,9652.30
5677,Synthetic Customer 05677,customer05677@example.invalid,USA,2020-03-26,Basic,9187.06
5678,Synthetic Customer 05678,customer05678@example.invalid,Germany,2024-09-25,Premium,2678.05
5679,Synthetic Customer 05679,customer05679@example.invalid,USA,2020-06-01,Basic,11147.94
5680,Synthetic Customer 05680,customer05680@example.invalid,Singapore,2024-03-07,Standard,4070.79
5681,Synthetic Customer 05681,customer05681@example.invalid,USA,2025-05-22,Standard,1650.37
5682,Synthetic Customer 05682,customer05682@example.invalid,UK,2024-12-07,Premium,16899.89
5683,Synthetic Customer 05683,customer05683@example.invalid,Germany,2023-11-22,Basic,4335.75
5684,Synthetic Customer 05684,customer05684@example.invalid,Australia,2022-09-21,Standard,2886.60
5685,Synthetic Customer 05685,customer05685@example.invalid,Australia,2024-10-30,Standard,18396.45
5686,Synthetic Customer 05686,customer05686@example.invalid,Singapore,2022-12-25,Premium,17618.12
5687,Synthetic Customer 05687,customer05687@example.invalid,Germany,2024-07-27,Basic,84.34
5688,Synthetic Customer 05688,customer05688@example.invalid,Canada,2022-07-17,Basic,720.88
5689,Synthetic Customer 05689,customer05689@example.invalid,Australia,2022-10-21,Basic,8319.17
5690,Synthetic Customer 05690,customer05690@example.invalid,Canada,2020-12-22,Standard,12781.28
5691,Synthetic Customer 05691,customer05691@example.invalid,USA,2024-02-27,Basic,9262.59
5692,Synthetic Customer 05692,customer05692@example.invalid,Singapore,2022-09-11,Standard,4254.74
5693,Synthetic Customer 05693,customer05693@example.invalid,USA,2021-01-01,Basic,10026.50
5694,Synthetic Customer 05694,customer05694@example.invalid,Germany,2025-05-21,Basic,19421.35
5695,Synthetic Customer 05695,customer05695@example.invalid,Germany,2021-02-17,Basic,7257.39
5696,Synthetic Customer 05696,customer05696@example.invalid,Canada,2025-10-26,Basic,2573.36
5697,Synthetic Customer 05697,customer05697@example.invalid,Germany,2022-10-30,Standard,1722.58
5698,Synthetic Customer 05698,customer05698@example.invalid,Canada,2024-06-05,Standard,4606.02
5699,Synthetic Customer 05699,customer05699@example.invalid,Singapore,2022-11-14,Premium,11344.27
5700,Synthetic Customer 05700,customer05700@example.invalid,Singapore,2020-11-23,Premium,11586.95
5701,Synthetic Customer 05701,customer05701@example.invalid,UK,2020-05-11,Premium,11151.60
5702,Synthetic Customer 05702,customer05702@example.invalid,USA,2025-10-14,Basic,6437.74
5703,Synthetic Customer 05703,customer05703@example.invalid,Germany,2023-08-14,Basic,6936.96
5704,Synthetic Customer 05704,customer05704@example.invalid,Singapore,2022-07-17,Standard,10965.06
5705,Synthetic Customer 05705,customer05705@example.invalid,India,2022-06-21,Basic,3359.16
5706,Synthetic Customer 05706,customer05706@example.invalid,India,2020-08-01,Standard,895.17
5707,Synthetic Customer 05707,customer05707@example.invalid,Germany,2025-08-08,Standard,13592.52
5708,Synthetic Customer 05708,customer05708@example.invalid,Singapore,2021-05-08,Standard,13590.93
5709,Synthetic Customer 05709,customer05709@example.invalid,UK,2020-09-10,Standard,3317.52
5710,Synthetic Customer 05710,customer05710@example.invalid,Australia,2024-07-27,Standard,13602.52
5711,Synthetic Customer 05711,customer05711@example.invalid,USA,2024-05-26,Basic,-100.00
5712,Synthetic Customer 05712,customer05712@example.invalid,Canada,2024-11-17,Standard,16705.09
5713,Synthetic Customer 05713,customer05713@example.invalid,Australia,2023-08-18,Basic,2250.80
5714,Synthetic Customer 05714,customer05714@example.invalid,Germany,2023-05-11,Standard,13447.11
5715,Synthetic Customer 05715,customer05715@example.invalid,UK,2023-04-23,Premium,14479.84
5716,Synthetic Customer 05716,customer05716@example.invalid,Canada,2024-09-21,Basic,3147.52
5717,Synthetic Customer 05717,customer05717@example.invalid,Singapore,2025-11-07,Premium,19188.64
5718,Synthetic Customer 05718,customer05718@example.invalid,Canada,2022-07-13,Basic,16352.08
5719,Synthetic Customer 05719,customer05719@example.invalid,Singapore,2024-02-03,Standard,18092.85
5720,Synthetic Customer 05720,customer05720@example.invalid,Canada,2022-09-04,Basic,2072.15
5721,Synthetic Customer 05721,customer05721@example.invalid,USA,2022-10-20,Basic,13396.75
5722,Synthetic Customer 05722,customer05722@example.invalid,Germany,2025-05-16,Basic,11867.48
5723,Synthetic Customer 05723,customer05723@example.invalid,USA,2022-07-14,Standard,9215.87
5724,Synthetic Customer 05724,customer05724@example.invalid,Singapore,2020-08-27,Premium,11861.49
5725,Synthetic Customer 05725,customer05725@example.invalid,Singapore,2024-12-11,Standard,16586.85
5726,Synthetic Customer 05726,customer05726@example.invalid,UK,2024-06-17,Basic,11062.82
5727,Synthetic Customer 05727,customer05727@example.invalid,India,2020-08-21,Basic,2375.61
5728,Synthetic Customer 05728,customer05728@example.invalid,Canada,2023-04-20,Standard,9097.37
5729,Synthetic Customer 05729,customer05729@example.invalid,Germany,2024-05-21,Basic,18566.88
5730,Synthetic Customer 05730,customer05730@example.invalid,Germany,2022-09-11,Premium,9969.04
5731,Synthetic Customer 05731,customer05731@example.invalid,USA,2025-09-27,Premium,14362.27
5732,Synthetic Customer 05732,customer05732@example.invalid,India,2023-09-27,Standard,2704.42
5733,Synthetic Customer 05733,customer05733@example.invalid,India,2020-03-27,Standard,5283.84
5734,Synthetic Customer 05734,customer05734@example.invalid,USA,2021-10-03,Premium,12924.65
5735,Synthetic Customer 05735,customer05735@example.invalid,USA,2022-11-19,Basic,17430.16
5736,Synthetic Customer 05736,customer05736@example.invalid,India,2021-03-05,Standard,11466.15
5737,Synthetic Customer 05737,customer05737@example.invalid,Canada,2024-03-15,Standard,237.14
5738,Synthetic Customer 05738,customer05738@example.invalid,USA,2022-03-03,Basic,18816.90
5739,Synthetic Customer 05739,customer05739@example.invalid,USA,2022-10-29,Standard,17419.28
5740,Synthetic Customer 05740,customer05740@example.invalid,India,2020-03-24,Standard,8672.10
5741,Synthetic Customer 05741,customer05741@example.invalid,Singapore,2021-08-15,Basic,1415.77
5742,Synthetic Customer 05742,customer05742@example.invalid,Canada,2025-10-11,Basic,18920.78
5743,Synthetic Customer 05743,customer05743@example.invalid,USA,2021-07-30,Premium,6604.35
5744,Synthetic Customer 05744,customer05744@example.invalid,Australia,2020-06-27,Premium,10843.74
5745,Synthetic Customer 05745,customer05745@example.invalid,Germany,2020-07-23,Premium,18314.28
5746,Synthetic Customer 05746,customer05746@example.invalid,Singapore,2025-10-14,Basic,7446.07
5747,Synthetic Customer 05747,customer05747@example.invalid,UK,2023-11-10,Basic,5843.10
5748,Synthetic Customer 05748,,UK,2020-02-01,Standard,17918.27
5749,Synthetic Customer 05749,customer05749@example.invalid,Canada,2025-02-26,Premium,7590.86
5750,Synthetic Customer 05750,customer05750@example.invalid,Singapore,2022-07-27,Premium,4456.11
5751,Synthetic Customer 05751,customer05751@example.invalid,Singapore,2023-04-13,Basic,18903.52
5752,Synthetic Customer 05752,customer05752@example.invalid,Germany,2021-06-30,Basic,17048.50
5753,Synthetic Customer 05753,customer05753@example.invalid,Canada,2020-03-07,Premium,3688.24
5754,Synthetic Customer 05754,customer05754@example.invalid,Singapore,2025-05-25,Standard,2186.94
5755,Synthetic Customer 05755,customer05755@example.invalid,Australia,2024-06-26,Basic,14793.53
5756,Synthetic Customer 05756,customer05756@example.invalid,UK,2020-06-27,Premium,1894.31
5757,Synthetic Customer 05757,customer05757@example.invalid,Australia,2024-08-17,Basic,15413.33
5758,Synthetic Customer 05758,customer05758@example.invalid,Germany,2024-12-14,Basic,826.72
5759,Synthetic Customer 05759,customer05759@example.invalid,India,2020-10-09,Premium,576.84
5760,Synthetic Customer 05760,customer05760@example.invalid,UK,2024-04-29,Premium,22.35
5761,Synthetic Customer 05761,customer05761@example.invalid,Canada,2023-03-08,Premium,10603.62
5762,Synthetic Customer 05762,customer05762@example.invalid,Canada,2020-04-08,Standard,113.53
5763,Synthetic Customer 05763,customer05763@example.invalid,Germany,2021-11-26,Basic,17651.52
5764,Synthetic Customer 05764,customer05764@example.invalid,Singapore,2024-10-13,Premium,4432.91
5765,Synthetic Customer 05765,customer05765@example.invalid,UK,2021-12-17,Premium,16350.31
5766,Synthetic Customer 05766,customer05766@example.invalid,Australia,2024-07-22,Premium,1993.63
5767,Synthetic Customer 05767,customer05767@example.invalid,USA,2021-09-19,Premium,15025.47
5768,Synthetic Customer 05768,customer05768@example.invalid,Singapore,2023-08-31,Basic,5748.29
5769,Synthetic Customer 05769,customer05769@example.invalid,USA,2023-05-05,Standard,12591.44
5770,Synthetic Customer 05770,customer05770@example.invalid,Singapore,2021-11-24,Premium,1238.54
5771,Synthetic Customer 05771,customer05771@example.invalid,Germany,2025-09-24,Premium,438.63
5772,Synthetic Customer 05772,customer05772@example.invalid,Germany,2024-12-03,Standard,2435.66
5773,Synthetic Customer 05773,customer05773@example.invalid,UK,2020-12-10,Standard,5343.98
5774,Synthetic Customer 05774,customer05774@example.invalid,Germany,2022-11-13,Standard,4289.95
5775,Synthetic Customer 05775,customer05775@example.invalid,USA,2022-03-31,Standard,13070.84
5776,Synthetic Customer 05776,customer05776@example.invalid,USA,2022-11-22,Standard,3991.81
5777,Synthetic Customer 05777,customer05777@example.invalid,USA,2024-05-24,Standard,19974.39
5778,Synthetic Customer 05778,customer05778@example.invalid,Canada,2025-12-30,Basic,2913.26
5779,Synthetic Customer 05779,customer05779@example.invalid,Germany,2025-01-18,Standard,4901.14
5780,Synthetic Customer 05780,customer05780@example.invalid,UK,2023-02-05,Standard,18479.52
5781,Synthetic Customer 05781,customer05781@example.invalid,Germany,2025-11-11,Standard,17177.86
5782,Synthetic Customer 05782,customer05782@example.invalid,Canada,2025-05-18,Standard,10237.84
5783,Synthetic Customer 05783,customer05783@example.invalid,India,2023-07-26,Premium,7016.69
5784,Synthetic Customer 05784,customer05784@example.invalid,USA,2020-09-02,Standard,10676.36
5785,Synthetic Customer 05785,customer05785@example.invalid,India,2023-02-17,Basic,8306.91
5786,Synthetic Customer 05786,customer05786@example.invalid,Germany,2023-09-14,Standard,14349.55
5787,Synthetic Customer 05787,customer05787@example.invalid,Canada,2025-04-16,Premium,19096.07
5788,Synthetic Customer 05788,customer05788@example.invalid,Australia,2020-07-06,Basic,942.83
5789,Synthetic Customer 05789,customer05789@example.invalid,Singapore,2021-10-16,Basic,13906.70
5790,Synthetic Customer 05790,customer05790@example.invalid,USA,2022-07-11,Standard,10657.79
5791,Synthetic Customer 05791,customer05791@example.invalid,India,2025-11-28,Premium,15434.40
5792,Synthetic Customer 05792,customer05792@example.invalid,UK,2022-11-07,Premium,2715.27
5793,Synthetic Customer 05793,customer05793@example.invalid,India,2022-03-27,Standard,5241.59
5794,Synthetic Customer 05794,customer05794@example.invalid,India,2024-01-08,Standard,3309.24
5795,Synthetic Customer 05795,customer05795@example.invalid,Australia,2020-09-18,Premium,7640.40
5796,Synthetic Customer 05796,customer05796@example.invalid,UK,2020-02-29,Basic,17104.76
5797,Synthetic Customer 05797,customer05797@example.invalid,India,2022-07-02,Basic,12702.86
5798,Synthetic Customer 05798,customer05798@example.invalid,USA,2024-11-16,Premium,6270.62
5799,Synthetic Customer 05799,customer05799@example.invalid,Germany,2023-10-09,Standard,9886.53
5800,Synthetic Customer 05800,customer05800@example.invalid,Australia,2022-07-18,Basic,12121.64
5801,Synthetic Customer 05801,customer05801@example.invalid,Germany,2021-01-18,Standard,5597.69
5802,Synthetic Customer 05802,customer05802@example.invalid,Australia,2021-07-12,Premium,10967.61
5803,Synthetic Customer 05803,customer05803@example.invalid,Singapore,2020-10-27,Standard,2662.40
5804,Synthetic Customer 05804,customer05804@example.invalid,Germany,2023-07-16,Standard,8682.33
5805,Synthetic Customer 05805,customer05805@example.invalid,UK,2023-03-05,Standard,359.09
5806,Synthetic Customer 05806,customer05806@example.invalid,UK,2024-08-03,Premium,461.65
5807,Synthetic Customer 05807,customer05807@example.invalid,Australia,2023-08-13,Premium,6527.69
5808,Synthetic Customer 05808,customer05808@example.invalid,Singapore,2021-12-05,Premium,13252.46
5809,Synthetic Customer 05809,customer05809@example.invalid,Germany,2022-12-22,Premium,5733.33
5810,Synthetic Customer 05810,customer05810@example.invalid,India,2023-11-13,Standard,3985.16
5811,Synthetic Customer 05811,customer05811@example.invalid,USA,2021-11-07,Basic,13742.95
5812,Synthetic Customer 05812,customer05812@example.invalid,Germany,2022-11-22,Standard,2368.90
5813,Synthetic Customer 05813,customer05813@example.invalid,USA,2023-03-31,Premium,5066.35
5814,Synthetic Customer 05814,customer05814@example.invalid,USA,2024-05-16,Standard,2724.81
5815,Synthetic Customer 05815,customer05815@example.invalid,UK,2023-09-22,Premium,7911.17
5816,Synthetic Customer 05816,customer05816@example.invalid,Singapore,2021-06-09,Standard,10443.98
5817,Synthetic Customer 05817,customer05817@example.invalid,Australia,2023-03-23,Premium,18890.96
5818,Synthetic Customer 05818,customer05818@example.invalid,Singapore,2023-02-03,Premium,15723.14
5819,Synthetic Customer 05819,customer05819@example.invalid,Germany,2022-05-17,Basic,5656.66
5820,Synthetic Customer 05820,customer05820@example.invalid,Australia,2020-06-21,Premium,12607.51
5821,Synthetic Customer 05821,customer05821@example.invalid,Australia,2022-07-19,Standard,2266.76
5822,Synthetic Customer 05822,customer05822@example.invalid,Germany,2022-12-24,Premium,5982.84
5823,Synthetic Customer 05823,customer05823@example.invalid,India,2024-06-08,Premium,4713.04
5824,Synthetic Customer 05824,customer05824@example.invalid,UK,2025-05-18,Standard,17464.10
5825,Synthetic Customer 05825,customer05825@example.invalid,India,2021-08-11,Standard,14968.19
5826,Synthetic Customer 05826,customer05826@example.invalid,India,2023-02-24,Premium,3251.98
5827,Synthetic Customer 05827,customer05827@example.invalid,USA,2023-09-04,Basic,11974.75
5828,Synthetic Customer 05828,customer05828@example.invalid,Germany,2023-04-02,Basic,7886.12
5829,Synthetic Customer 05829,customer05829@example.invalid,UK,2020-04-08,Premium,8995.64
5830,Synthetic Customer 05830,customer05830@example.invalid,UK,2021-06-11,Basic,3815.38
5831,Synthetic Customer 05831,customer05831@example.invalid,India,2022-12-28,Basic,5075.88
5832,Synthetic Customer 05832,customer05832@example.invalid,UK,2022-01-28,Basic,53.14
5833,Synthetic Customer 05833,customer05833@example.invalid,Singapore,2023-08-31,Premium,13331.18
5834,Synthetic Customer 05834,customer05834@example.invalid,USA,2024-06-11,Premium,11447.77
5835,Synthetic Customer 05835,customer05835@example.invalid,Singapore,2022-02-04,Standard,15604.68
5836,Synthetic Customer 05836,customer05836@example.invalid,Singapore,2025-02-06,Basic,1416.91
5837,Synthetic Customer 05837,customer05837@example.invalid,India,2022-01-20,Standard,11918.65
5838,Synthetic Customer 05838,customer05838@example.invalid,Germany,2021-12-27,Standard,18018.47
5839,Synthetic Customer 05839,customer05839@example.invalid,India,2025-10-30,Premium,8438.15
5840,Synthetic Customer 05840,customer05840@example.invalid,Germany,2022-01-25,Basic,15738.32
5841,Synthetic Customer 05841,customer05841@example.invalid,USA,2023-09-07,Basic,15453.02
5842,Synthetic Customer 05842,customer05842@example.invalid,USA,2023-01-13,Premium,8574.44
5843,Synthetic Customer 05843,customer05843@example.invalid,USA,2020-02-10,Basic,19081.28
5844,Synthetic Customer 05844,customer05844@example.invalid,India,2024-11-08,Standard,13943.01
5845,Synthetic Customer 05845,customer05845@example.invalid,India,2022-05-13,Standard,13717.21
5846,Synthetic Customer 05846,customer05846@example.invalid,USA,2022-03-11,Basic,19645.91
5847,Synthetic Customer 05847,customer05847@example.invalid,Australia,2025-09-21,Premium,9812.58
5848,Synthetic Customer 05848,customer05848@example.invalid,Canada,2022-09-21,Premium,19876.92
5849,Synthetic Customer 05849,customer05849@example.invalid,USA,2023-05-27,Premium,3923.70
5850,Synthetic Customer 05850,customer05850@example.invalid,Canada,2020-06-30,Standard,10959.52
5851,Synthetic Customer 05851,customer05851@example.invalid,Canada,2024-01-28,Premium,12473.74
5852,Synthetic Customer 05852,customer05852@example.invalid,USA,2020-11-03,Basic,719.57
5853,Synthetic Customer 05853,customer05853@example.invalid,Canada,2020-08-09,Premium,2672.52
5854,Synthetic Customer 05854,customer05854@example.invalid,UK,2023-04-10,Premium,3310.59
5855,Synthetic Customer 05855,customer05855@example.invalid,India,2023-10-02,Premium,4011.38
5856,Synthetic Customer 05856,customer05856@example.invalid,Germany,2022-04-24,Standard,7101.29
5857,Synthetic Customer 05857,customer05857@example.invalid,UK,2024-11-24,Standard,12486.29
5858,Synthetic Customer 05858,customer05858@example.invalid,Australia,2023-06-17,Standard,15795.19
5859,Synthetic Customer 05859,customer05859@example.invalid,India,2021-01-03,Basic,12064.69
5860,Synthetic Customer 05860,customer05860@example.invalid,Australia,2021-03-20,Standard,6565.14
5861,Synthetic Customer 05861,customer05861@example.invalid,Australia,2024-05-03,Standard,3605.71
5862,Synthetic Customer 05862,customer05862@example.invalid,UK,2025-10-31,Standard,19130.24
5863,Synthetic Customer 05863,customer05863@example.invalid,Germany,2025-06-11,Premium,12146.34
5864,Synthetic Customer 05864,,Australia,2023-02-11,Standard,7356.64
5865,Synthetic Customer 05865,customer05865@example.invalid,Germany,2024-05-28,Basic,16546.60
5866,Synthetic Customer 05866,customer05866@example.invalid,USA,2025-09-11,Standard,6218.83
5867,Synthetic Customer 05867,customer05867@example.invalid,UK,2024-01-30,Standard,5481.46
5868,Synthetic Customer 05868,customer05868@example.invalid,Canada,2024-10-17,Standard,12331.46
5869,Synthetic Customer 05869,customer05869@example.invalid,USA,2023-04-24,Basic,3631.07
5870,Synthetic Customer 05870,customer05870@example.invalid,Singapore,2022-09-22,Basic,13935.94
5871,Synthetic Customer 05871,customer05871@example.invalid,Australia,2021-09-07,Standard,1255.40
5872,Synthetic Customer 05872,customer05872@example.invalid,Germany,2021-08-04,Premium,2359.73
5873,Synthetic Customer 05873,customer05873@example.invalid,Canada,2022-01-09,Standard,15633.51
5874,Synthetic Customer 05874,customer05874@example.invalid,Germany,2024-06-01,Basic,2378.20
5875,Synthetic Customer 05875,customer05875@example.invalid,USA,2024-09-06,Basic,5767.59
5876,Synthetic Customer 05876,customer05876@example.invalid,USA,2025-06-01,Standard,5321.62
5877,Synthetic Customer 05877,customer05877@example.invalid,Canada,2022-05-22,Premium,7063.81
5878,Synthetic Customer 05878,customer05878@example.invalid,Australia,2020-12-19,Basic,2894.38
5879,Synthetic Customer 05879,customer05879@example.invalid,Singapore,2020-05-01,Premium,13417.84
5880,Synthetic Customer 05880,customer05880@example.invalid,USA,2024-07-31,Basic,3714.37
5881,Synthetic Customer 05881,customer05881@example.invalid,UK,2024-11-05,Premium,17847.00
5882,Synthetic Customer 05882,customer05882@example.invalid,Australia,2025-04-06,Standard,828.14
5883,Synthetic Customer 05883,customer05883@example.invalid,India,2021-03-01,Premium,4725.68
5884,Synthetic Customer 05884,customer05884@example.invalid,USA,2021-09-22,Standard,1301.93
5885,Synthetic Customer 05885,customer05885@example.invalid,Australia,2023-07-21,Premium,15645.30
5886,Synthetic Customer 05886,customer05886@example.invalid,Singapore,2023-06-12,Standard,17540.62
5887,Synthetic Customer 05887,customer05887@example.invalid,Singapore,2023-01-08,Standard,4063.23
5888,Synthetic Customer 05888,customer05888@example.invalid,India,2024-03-07,Basic,18506.30
5889,Synthetic Customer 05889,customer05889@example.invalid,Germany,2022-04-21,Basic,7627.56
5890,Synthetic Customer 05890,customer05890@example.invalid,USA,2020-10-20,Premium,9589.73
5891,Synthetic Customer 05891,customer05891@example.invalid,USA,2024-05-22,Premium,19555.29
5892,Synthetic Customer 05892,customer05892@example.invalid,USA,2021-09-05,Premium,18695.44
5893,Synthetic Customer 05893,customer05893@example.invalid,USA,2025-05-04,Standard,7856.36
5894,Synthetic Customer 05894,customer05894@example.invalid,India,2024-08-24,Premium,13815.26
5895,Synthetic Customer 05895,customer05895@example.invalid,Australia,2022-03-24,Basic,2760.87
5896,Synthetic Customer 05896,customer05896@example.invalid,USA,2021-10-03,Premium,10000.06
5897,Synthetic Customer 05897,customer05897@example.invalid,Germany,2020-02-27,Premium,1289.47
5898,Synthetic Customer 05898,customer05898@example.invalid,Germany,2022-06-05,Standard,15946.62
5899,Synthetic Customer 05899,customer05899@example.invalid,Canada,2020-02-23,Premium,10921.96
5900,Synthetic Customer 05900,customer05900@example.invalid,India,2025-09-23,Standard,4601.24
5901,Synthetic Customer 05901,customer05901@example.invalid,Australia,2024-01-27,Premium,11987.03
5902,Synthetic Customer 05902,,USA,2021-09-13,Premium,2037.66
5903,Synthetic Customer 05903,customer05903@example.invalid,Australia,2022-01-26,Premium,2939.14
5904,Synthetic Customer 05904,customer05904@example.invalid,Singapore,2025-05-10,Premium,16006.11
5905,Synthetic Customer 05905,customer05905@example.invalid,UK,2024-05-28,Premium,12010.72
5906,Synthetic Customer 05906,customer05906@example.invalid,Australia,2023-09-03,Basic,8909.68
5907,Synthetic Customer 05907,customer05907@example.invalid,India,2021-04-13,Premium,864.68
5908,Synthetic Customer 05908,,Canada,2023-03-26,Premium,16316.79
5909,Synthetic Customer 05909,customer05909@example.invalid,India,2021-02-21,Premium,6632.30
5910,Synthetic Customer 05910,customer05910@example.invalid,Singapore,2020-02-07,Standard,10497.85
5911,Synthetic Customer 05911,customer05911@example.invalid,Singapore,2024-10-12,Standard,14797.81
5912,Synthetic Customer 05912,customer05912@example.invalid,India,2025-08-31,Standard,18502.15
5913,Synthetic Customer 05913,customer05913@example.invalid,Canada,2025-01-19,Standard,8280.16
5914,Synthetic Customer 05914,customer05914@example.invalid,India,2020-11-30,Basic,3718.18
5915,Synthetic Customer 05915,customer05915@example.invalid,USA,2024-04-03,Standard,14059.14
5916,Synthetic Customer 05916,customer05916@example.invalid,Canada,2020-11-06,Standard,19369.10
5917,Synthetic Customer 05917,customer05917@example.invalid,USA,2021-04-05,Standard,5004.16
5918,Synthetic Customer 05918,customer05918@example.invalid,Canada,2025-03-14,Premium,305.63
5919,Synthetic Customer 05919,customer05919@example.invalid,Singapore,2023-12-29,Basic,8031.16
5920,Synthetic Customer 05920,customer05920@example.invalid,Canada,2020-05-29,Basic,4361.10
5921,Synthetic Customer 05921,customer05921@example.invalid,Singapore,2023-11-05,Standard,15073.78
5922,Synthetic Customer 05922,customer05922@example.invalid,Singapore,2025-08-06,Basic,9644.85
5923,Synthetic Customer 05923,customer05923@example.invalid,Germany,2025-07-08,Standard,13073.15
5924,Synthetic Customer 05924,customer05924@example.invalid,USA,2021-09-21,Standard,17954.07
5925,Synthetic Customer 05925,customer05925@example.invalid,USA,2023-07-11,Basic,6585.96
5926,Synthetic Customer 05926,customer05926@example.invalid,India,2023-02-28,Basic,6620.87
5927,Synthetic Customer 05927,customer05927@example.invalid,UK,2021-12-28,Basic,14952.35
5928,Synthetic Customer 05928,customer05928@example.invalid,Germany,2021-10-08,Standard,16446.73
5929,Synthetic Customer 05929,customer05929@example.invalid,Australia,2021-06-26,Basic,1029.32
5930,Synthetic Customer 05930,customer05930@example.invalid,USA,2021-05-25,Standard,10972.46
5931,Synthetic Customer 05931,customer05931@example.invalid,Germany,2025-08-05,Premium,17437.90
5932,Synthetic Customer 05932,customer05932@example.invalid,Australia,2023-10-15,Premium,6268.40
5933,Synthetic Customer 05933,customer05933@example.invalid,Canada,2024-06-14,Standard,18527.40
5934,Synthetic Customer 05934,customer05934@example.invalid,India,2025-09-11,Standard,16368.95
5935,Synthetic Customer 05935,customer05935@example.invalid,India,2022-03-27,Basic,19839.69
5936,Synthetic Customer 05936,customer05936@example.invalid,Germany,2025-05-03,Basic,17786.24
5937,Synthetic Customer 05937,customer05937@example.invalid,UK,2024-03-15,Basic,4996.29
5938,Synthetic Customer 05938,customer05938@example.invalid,Canada,2025-07-12,Basic,668.37
5939,Synthetic Customer 05939,customer05939@example.invalid,India,2022-09-14,Standard,15660.07
5940,Synthetic Customer 05940,customer05940@example.invalid,UK,2021-05-11,Premium,7844.38
5941,Synthetic Customer 05941,customer05941@example.invalid,Germany,2020-08-03,Standard,8993.18
5942,Synthetic Customer 05942,customer05942@example.invalid,Canada,2020-06-20,Premium,16136.44
5943,Synthetic Customer 05943,customer05943@example.invalid,Germany,2023-05-21,Premium,4585.02
5944,Synthetic Customer 05944,customer05944@example.invalid,Canada,2021-06-07,Premium,17169.34
5945,Synthetic Customer 05945,customer05945@example.invalid,India,2025-11-08,Premium,12671.50
5946,Synthetic Customer 05946,customer05946@example.invalid,Australia,2025-07-10,Premium,9166.29
5947,Synthetic Customer 05947,customer05947@example.invalid,USA,2020-10-13,Standard,5799.08
5948,Synthetic Customer 05948,customer05948@example.invalid,UK,2024-12-04,Basic,10420.76
5949,Synthetic Customer 05949,customer05949@example.invalid,Singapore,2022-05-03,Standard,7284.73
5950,Synthetic Customer 05950,customer05950@example.invalid,Canada,2024-06-22,Premium,7746.04
5951,Synthetic Customer 05951,customer05951@example.invalid,Canada,2024-07-18,Standard,17789.98
5952,Synthetic Customer 05952,customer05952@example.invalid,Australia,2025-03-20,Standard,10360.35
5953,Synthetic Customer 05953,customer05953@example.invalid,Australia,2025-12-27,Basic,16320.27
5954,Synthetic Customer 05954,customer05954@example.invalid,Germany,2025-08-17,Standard,5871.80
5955,Synthetic Customer 05955,customer05955@example.invalid,Australia,2022-12-19,Standard,9933.78
5956,Synthetic Customer 05956,customer05956@example.invalid,USA,2024-10-05,Standard,4981.29
5957,Synthetic Customer 05957,customer05957@example.invalid,Singapore,2020-10-10,Standard,11467.93
5958,Synthetic Customer 05958,customer05958@example.invalid,USA,2024-08-03,Premium,8420.93
5959,Synthetic Customer 05959,customer05959@example.invalid,Canada,2023-05-03,Basic,11078.60
5960,Synthetic Customer 05960,customer05960@example.invalid,Canada,2021-02-08,Basic,14947.82
5961,Synthetic Customer 05961,customer05961@example.invalid,Singapore,2023-07-15,Basic,11255.62
5962,Synthetic Customer 05962,customer05962@example.invalid,India,2024-02-21,Standard,9797.61
5963,Synthetic Customer 05963,customer05963@example.invalid,UK,2025-09-23,Premium,13989.99
5964,Synthetic Customer 05964,customer05964@example.invalid,Canada,2020-10-12,Standard,11788.12
5965,Synthetic Customer 05965,customer05965@example.invalid,Canada,2021-01-15,Standard,2374.72
5966,Synthetic Customer 05966,customer05966@example.invalid,USA,2020-12-28,Standard,19979.27
5967,Synthetic Customer 05967,customer05967@example.invalid,Australia,2020-07-03,Premium,8838.26
5968,Synthetic Customer 05968,customer05968@example.invalid,UK,2022-01-23,Premium,4462.13
5969,Synthetic Customer 05969,customer05969@example.invalid,USA,2022-04-01,Premium,10093.27
5970,Synthetic Customer 05970,customer05970@example.invalid,Singapore,2020-02-08,Basic,365.47
5971,Synthetic Customer 05971,customer05971@example.invalid,USA,2021-09-12,Premium,18768.78
5972,Synthetic Customer 05972,customer05972@example.invalid,USA,2023-12-04,Basic,2234.60
5973,Synthetic Customer 05973,customer05973@example.invalid,Singapore,2025-09-19,Premium,6746.49
5974,Synthetic Customer 05974,customer05974@example.invalid,Australia,2023-03-22,Premium,8580.71
5975,Synthetic Customer 05975,customer05975@example.invalid,Canada,2020-05-29,Standard,19255.64
5976,Synthetic Customer 05976,customer05976@example.invalid,USA,2020-03-16,Premium,7297.21
5977,Synthetic Customer 05977,customer05977@example.invalid,UK,2024-08-27,Premium,16194.22
5978,Synthetic Customer 05978,customer05978@example.invalid,India,2020-11-26,Premium,12807.60
5979,Synthetic Customer 05979,customer05979@example.invalid,Canada,2025-02-06,Premium,10769.75
5980,Synthetic Customer 05980,customer05980@example.invalid,Singapore,2022-08-01,Premium,13466.77
5981,Synthetic Customer 05981,customer05981@example.invalid,Australia,2020-12-06,Premium,8459.65
5982,Synthetic Customer 05982,customer05982@example.invalid,Germany,2024-12-17,Basic,7034.51
5983,Synthetic Customer 05983,customer05983@example.invalid,UK,2023-03-08,Basic,10184.33
5984,Synthetic Customer 05984,customer05984@example.invalid,USA,2022-01-03,Basic,12950.78
5985,Synthetic Customer 05985,customer05985@example.invalid,USA,2021-01-26,Basic,1158.48
5986,Synthetic Customer 05986,customer05986@example.invalid,UK,2023-08-19,Standard,8767.01
5987,Synthetic Customer 05987,customer05987@example.invalid,India,2020-08-08,Basic,7939.88
5988,Synthetic Customer 05988,customer05988@example.invalid,Australia,2021-02-22,Standard,7990.80
5989,Synthetic Customer 05989,customer05989@example.invalid,Canada,2025-06-10,Basic,17997.85
5990,Synthetic Customer 05990,customer05990@example.invalid,India,2025-05-03,Standard,18880.57
5991,Synthetic Customer 05991,customer05991@example.invalid,USA,2024-04-18,Standard,12528.70
5992,Synthetic Customer 05992,customer05992@example.invalid,Germany,2024-06-10,Basic,14227.95
5993,Synthetic Customer 05993,customer05993@example.invalid,India,2023-05-30,Premium,8471.52
5994,Synthetic Customer 05994,customer05994@example.invalid,Singapore,2023-02-13,Premium,10050.72
5995,Synthetic Customer 05995,customer05995@example.invalid,Singapore,2025-05-17,Premium,8459.62
5996,Synthetic Customer 05996,customer05996@example.invalid,Australia,2020-05-25,Premium,17285.86
5997,Synthetic Customer 05997,customer05997@example.invalid,Singapore,2022-05-24,Standard,7618.82
5998,Synthetic Customer 05998,customer05998@example.invalid,UK,2022-06-08,Standard,17974.52
5999,Synthetic Customer 05999,customer05999@example.invalid,Germany,2025-12-09,Standard,8826.22
6000,Synthetic Customer 06000,customer06000@example.invalid,USA,2025-01-07,Standard,152.26
6001,Synthetic Customer 06001,customer06001@example.invalid,Canada,2020-09-18,Premium,18484.26
6002,Synthetic Customer 06002,customer06002@example.invalid,India,2020-05-09,Basic,14161.87
6003,Synthetic Customer 06003,customer06003@example.invalid,India,2023-07-08,Premium,7016.44
6004,Synthetic Customer 06004,customer06004@example.invalid,Singapore,2025-10-10,Premium,1187.42
6005,Synthetic Customer 06005,customer06005@example.invalid,Germany,2022-04-20,Premium,13136.49
6006,Synthetic Customer 06006,customer06006@example.invalid,Canada,2020-11-20,Premium,15125.39
6007,Synthetic Customer 06007,customer06007@example.invalid,Germany,2022-08-25,Basic,13156.33
6008,Synthetic Customer 06008,customer06008@example.invalid,India,2025-02-03,Basic,15574.27
6009,Synthetic Customer 06009,customer06009@example.invalid,Australia,2023-01-23,Basic,2273.02
6010,Synthetic Customer 06010,customer06010@example.invalid,Canada,2024-01-02,Basic,18906.52
6011,Synthetic Customer 06011,customer06011@example.invalid,Germany,2020-04-21,Standard,14611.07
6012,Synthetic Customer 06012,customer06012@example.invalid,Singapore,2024-03-20,Premium,15813.91
6013,Synthetic Customer 06013,customer06013@example.invalid,Singapore,2020-09-19,Premium,15815.12
6014,Synthetic Customer 06014,customer06014@example.invalid,UK,2021-10-26,Standard,5350.61
6015,Synthetic Customer 06015,customer06015@example.invalid,Canada,2023-08-19,Premium,966.63
6016,Synthetic Customer 06016,customer06016@example.invalid,Singapore,2021-07-14,Basic,13508.84
6017,Synthetic Customer 06017,customer06017@example.invalid,India,2020-12-30,Basic,7285.78
6018,Synthetic Customer 06018,customer06018@example.invalid,India,2021-02-26,Standard,1227.73
6019,Synthetic Customer 06019,customer06019@example.invalid,India,2025-08-26,Premium,11114.21
6020,Synthetic Customer 06020,customer06020@example.invalid,India,2023-05-01,Standard,280.53
6021,Synthetic Customer 06021,customer06021@example.invalid,Singapore,2021-02-23,Standard,7801.16
6022,Synthetic Customer 06022,customer06022@example.invalid,Germany,2021-07-22,Standard,7482.32
6023,Synthetic Customer 06023,customer06023@example.invalid,Australia,2022-08-17,Basic,11730.71
6024,Synthetic Customer 06024,customer06024@example.invalid,Australia,2023-01-16,Premium,18942.83
6025,Synthetic Customer 06025,customer06025@example.invalid,Canada,2024-04-16,Basic,7882.15
6026,Synthetic Customer 06026,customer06026@example.invalid,UK,2024-03-06,Basic,8988.29
6027,Synthetic Customer 06027,customer06027@example.invalid,Canada,2025-01-06,Premium,17965.49
6028,Synthetic Customer 06028,customer06028@example.invalid,India,2022-12-04,Standard,1394.93
6029,Synthetic Customer 06029,customer06029@example.invalid,India,2023-11-27,Basic,5713.82
6030,Synthetic Customer 06030,customer06030@example.invalid,Singapore,2025-10-01,Basic,16699.83
6031,Synthetic Customer 06031,customer06031@example.invalid,India,2024-11-26,Premium,17042.33
6032,Synthetic Customer 06032,customer06032@example.invalid,Australia,2024-01-08,Premium,16207.53
6033,Synthetic Customer 06033,customer06033@example.invalid,UK,2025-01-05,Premium,16746.69
6034,Synthetic Customer 06034,customer06034@example.invalid,Singapore,2025-11-19,Basic,17244.89
6035,Synthetic Customer 06035,customer06035@example.invalid,Singapore,2023-12-02,Basic,10970.72
6036,Synthetic Customer 06036,customer06036@example.invalid,Canada,2025-02-26,Basic,18308.17
6037,Synthetic Customer 06037,customer06037@example.invalid,Singapore,2021-07-21,Basic,9551.75
6038,Synthetic Customer 06038,customer06038@example.invalid,USA,2021-02-10,Premium,13330.79
6039,Synthetic Customer 06039,customer06039@example.invalid,UK,2020-05-03,Premium,15466.84
6040,Synthetic Customer 06040,customer06040@example.invalid,UK,2024-08-15,Basic,7129.79
6041,Synthetic Customer 06041,customer06041@example.invalid,USA,2023-10-14,Basic,2484.39
6042,Synthetic Customer 06042,customer06042@example.invalid,Germany,2023-07-19,Basic,16571.10
6043,Synthetic Customer 06043,customer06043@example.invalid,USA,2024-01-03,Standard,5025.31
6044,Synthetic Customer 06044,customer06044@example.invalid,UK,2021-07-12,Standard,10518.49
6045,Synthetic Customer 06045,customer06045@example.invalid,India,2024-07-30,Basic,1486.21
6046,Synthetic Customer 06046,customer06046@example.invalid,USA,2025-12-31,Basic,-100.00
6047,Synthetic Customer 06047,customer06047@example.invalid,UK,2025-08-13,Premium,17464.53
6048,Synthetic Customer 06048,,Australia,2022-03-14,Basic,9279.38
6049,Synthetic Customer 06049,customer06049@example.invalid,Singapore,2022-04-15,Basic,17305.93
6050,Synthetic Customer 06050,customer06050@example.invalid,Australia,2024-11-08,Basic,13355.73
6051,Synthetic Customer 06051,customer06051@example.invalid,Singapore,2023-08-03,Basic,14106.60
6052,Synthetic Customer 06052,customer06052@example.invalid,India,2022-02-13,Standard,18841.11
6053,Synthetic Customer 06053,customer06053@example.invalid,India,2024-12-08,Basic,17290.39
6054,Synthetic Customer 06054,customer06054@example.invalid,USA,2025-09-24,Basic,5724.40
6055,Synthetic Customer 06055,customer06055@example.invalid,UK,2022-03-25,Standard,13549.18
6056,Synthetic Customer 06056,customer06056@example.invalid,Canada,2025-03-15,Basic,14133.04
6057,Synthetic Customer 06057,customer06057@example.invalid,Canada,2021-01-16,Basic,17412.36
6058,Synthetic Customer 06058,customer06058@example.invalid,Australia,2024-04-05,Standard,13078.07
6059,Synthetic Customer 06059,customer06059@example.invalid,Singapore,2024-09-14,Premium,17992.82
6060,Synthetic Customer 06060,customer06060@example.invalid,USA,2024-08-23,Basic,8983.36
6061,Synthetic Customer 06061,customer06061@example.invalid,Canada,2025-03-21,Basic,6884.63
6062,Synthetic Customer 06062,customer06062@example.invalid,UK,2025-02-24,Premium,18942.62
6063,Synthetic Customer 06063,customer06063@example.invalid,Singapore,2021-09-21,Standard,2276.71
6064,Synthetic Customer 06064,customer06064@example.invalid,Canada,2020-03-22,Premium,14353.09
6065,Synthetic Customer 06065,customer06065@example.invalid,India,2022-03-29,Premium,7453.26
6066,Synthetic Customer 06066,customer06066@example.invalid,Germany,2022-10-31,Standard,9207.45
6067,Synthetic Customer 06067,customer06067@example.invalid,Germany,2020-07-18,Premium,2524.52
6068,Synthetic Customer 06068,customer06068@example.invalid,Canada,2024-01-05,Standard,19356.38
6069,Synthetic Customer 06069,customer06069@example.invalid,Germany,2021-03-09,Basic,16648.19
6070,Synthetic Customer 06070,customer06070@example.invalid,Australia,2024-04-06,Basic,11811.21
6071,Synthetic Customer 06071,customer06071@example.invalid,Germany,2020-06-07,Premium,9623.18
6072,Synthetic Customer 06072,customer06072@example.invalid,Australia,2021-07-31,Basic,5457.93
6073,Synthetic Customer 06073,customer06073@example.invalid,India,2024-02-03,Premium,18915.10
6074,Synthetic Customer 06074,customer06074@example.invalid,USA,2021-10-08,Standard,19104.11
6075,Synthetic Customer 06075,customer06075@example.invalid,Singapore,2025-09-02,Standard,10987.70
6076,Synthetic Customer 06076,customer06076@example.invalid,USA,2022-02-11,Premium,4521.45
6077,Synthetic Customer 06077,customer06077@example.invalid,USA,2024-02-29,Standard,9962.51
6078,Synthetic Customer 06078,customer06078@example.invalid,India,2023-06-11,Standard,13117.29
6079,Synthetic Customer 06079,customer06079@example.invalid,USA,2023-05-10,Standard,11772.93
6080,Synthetic Customer 06080,customer06080@example.invalid,Germany,2025-04-27,Basic,8843.49
6081,Synthetic Customer 06081,customer06081@example.invalid,UK,2023-06-09,Basic,19733.91
6082,Synthetic Customer 06082,customer06082@example.invalid,UK,2020-04-12,Basic,10736.80
6083,Synthetic Customer 06083,customer06083@example.invalid,India,2020-07-14,Basic,2312.64
6084,Synthetic Customer 06084,customer06084@example.invalid,UK,2020-02-27,Standard,2523.20
6085,Synthetic Customer 06085,customer06085@example.invalid,Canada,2025-02-04,Standard,13403.28
6086,Synthetic Customer 06086,customer06086@example.invalid,Australia,2021-06-10,Basic,12244.69
6087,Synthetic Customer 06087,customer06087@example.invalid,UK,2022-07-22,Basic,12390.40
6088,Synthetic Customer 06088,customer06088@example.invalid,USA,2024-12-05,Basic,18675.71
6089,Synthetic Customer 06089,customer06089@example.invalid,USA,2021-07-15,Standard,7649.83
6090,Synthetic Customer 06090,customer06090@example.invalid,UK,2021-03-07,Standard,9373.47
6091,Synthetic Customer 06091,customer06091@example.invalid,Australia,2023-11-01,Standard,19569.16
6092,Synthetic Customer 06092,customer06092@example.invalid,Canada,2024-05-02,Standard,2962.37
6093,Synthetic Customer 06093,customer06093@example.invalid,India,2021-11-10,Standard,12074.60
6094,Synthetic Customer 06094,customer06094@example.invalid,USA,2024-04-10,Basic,17341.59
6095,Synthetic Customer 06095,customer06095@example.invalid,Canada,2021-11-01,Premium,9856.39
6096,Synthetic Customer 06096,customer06096@example.invalid,Germany,2021-09-11,Premium,8798.66
6097,Synthetic Customer 06097,customer06097@example.invalid,Singapore,2020-12-04,Standard,3062.77
6098,Synthetic Customer 06098,customer06098@example.invalid,Germany,2022-12-01,Standard,12470.15
6099,Synthetic Customer 06099,customer06099@example.invalid,USA,2020-03-29,Basic,19405.29
6100,Synthetic Customer 06100,customer06100@example.invalid,USA,2021-02-14,Standard,7999.68
6101,Synthetic Customer 06101,customer06101@example.invalid,Australia,2025-05-09,Premium,7252.57
6102,Synthetic Customer 06102,customer06102@example.invalid,Australia,2022-07-27,Premium,19431.82
6103,Synthetic Customer 06103,customer06103@example.invalid,USA,2020-01-28,Premium,18975.93
6104,Synthetic Customer 06104,customer06104@example.invalid,UK,2025-05-14,Basic,11311.46
6105,Synthetic Customer 06105,customer06105@example.invalid,Canada,2020-10-10,Basic,5418.42
6106,Synthetic Customer 06106,customer06106@example.invalid,USA,2020-12-14,Premium,6181.59
6107,Synthetic Customer 06107,customer06107@example.invalid,USA,2025-08-16,Standard,11848.73
6108,Synthetic Customer 06108,customer06108@example.invalid,India,2023-04-11,Basic,19158.24
6109,Synthetic Customer 06109,customer06109@example.invalid,Canada,2025-12-16,Standard,3536.69
6110,Synthetic Customer 06110,customer06110@example.invalid,Singapore,2022-07-14,Basic,5504.39
6111,Synthetic Customer 06111,customer06111@example.invalid,India,2024-04-12,Standard,11881.59
6112,Synthetic Customer 06112,customer06112@example.invalid,Germany,2020-09-03,Standard,2891.87
6113,Synthetic Customer 06113,customer06113@example.invalid,Germany,2025-07-12,Basic,6187.57
6114,Synthetic Customer 06114,customer06114@example.invalid,Singapore,2023-01-26,Basic,9145.31
6115,Synthetic Customer 06115,customer06115@example.invalid,USA,2022-11-01,Premium,18932.36
6116,Synthetic Customer 06116,customer06116@example.invalid,Australia,2023-07-07,Premium,5899.87
6117,Synthetic Customer 06117,customer06117@example.invalid,Singapore,2025-05-26,Standard,13191.28
6118,Synthetic Customer 06118,customer06118@example.invalid,Canada,2025-04-08,Basic,6739.11
6119,Synthetic Customer 06119,customer06119@example.invalid,Germany,2025-05-13,Basic,14831.73
6120,Synthetic Customer 06120,customer06120@example.invalid,UK,2024-12-25,Standard,15871.62
6121,Synthetic Customer 06121,customer06121@example.invalid,UK,2024-08-11,Premium,10425.23
6122,Synthetic Customer 06122,customer06122@example.invalid,Singapore,2020-09-26,Standard,4470.01
6123,Synthetic Customer 06123,customer06123@example.invalid,USA,2022-06-14,Standard,1442.47
6124,Synthetic Customer 06124,customer06124@example.invalid,Singapore,2021-10-18,Basic,17918.89
6125,Synthetic Customer 06125,customer06125@example.invalid,UK,2025-09-20,Basic,15358.48
6126,Synthetic Customer 06126,customer06126@example.invalid,Singapore,2024-12-20,Premium,12157.46
6127,Synthetic Customer 06127,customer06127@example.invalid,Germany,2024-08-24,Standard,10184.80
6128,Synthetic Customer 06128,customer06128@example.invalid,USA,2022-01-25,Premium,7625.57
6129,Synthetic Customer 06129,customer06129@example.invalid,Canada,2023-04-14,Standard,10870.24
6130,Synthetic Customer 06130,customer06130@example.invalid,USA,2022-07-16,Premium,14453.69
6131,Synthetic Customer 06131,customer06131@example.invalid,Germany,2021-10-03,Basic,2752.62
6132,Synthetic Customer 06132,customer06132@example.invalid,Canada,2022-11-24,Basic,19789.66
6133,Synthetic Customer 06133,customer06133@example.invalid,Canada,2022-02-17,Premium,15327.17
6134,Synthetic Customer 06134,customer06134@example.invalid,Singapore,2022-03-02,Basic,19975.57
6135,Synthetic Customer 06135,customer06135@example.invalid,India,2020-02-22,Standard,2042.84
6136,Synthetic Customer 06136,customer06136@example.invalid,USA,2022-08-08,Basic,7814.44
6137,Synthetic Customer 06137,customer06137@example.invalid,Singapore,2024-09-24,Standard,7276.77
6138,Synthetic Customer 06138,customer06138@example.invalid,USA,2022-06-17,Basic,6921.57
6139,Synthetic Customer 06139,customer06139@example.invalid,Germany,2022-10-17,Premium,2268.18
6140,Synthetic Customer 06140,customer06140@example.invalid,India,2022-08-31,Basic,5062.07
6141,Synthetic Customer 06141,customer06141@example.invalid,Singapore,2022-08-11,Basic,28.02
6142,Synthetic Customer 06142,customer06142@example.invalid,USA,2021-12-02,Premium,10811.20
6143,Synthetic Customer 06143,customer06143@example.invalid,Australia,2025-07-07,Basic,7969.52
6144,Synthetic Customer 06144,customer06144@example.invalid,USA,2020-03-02,Standard,18860.04
6145,Synthetic Customer 06145,customer06145@example.invalid,Australia,2021-09-25,Standard,11309.35
6146,Synthetic Customer 06146,customer06146@example.invalid,India,2021-11-17,Basic,1697.60
6147,Synthetic Customer 06147,customer06147@example.invalid,Germany,2021-10-04,Basic,4525.19
6148,Synthetic Customer 06148,customer06148@example.invalid,USA,2024-12-26,Premium,13928.35
6149,Synthetic Customer 06149,customer06149@example.invalid,USA,2020-05-27,Premium,4361.85
6150,Synthetic Customer 06150,customer06150@example.invalid,India,2022-11-06,Basic,13048.80
6151,Synthetic Customer 06151,customer06151@example.invalid,Australia,2025-08-02,Basic,9212.92
6152,Synthetic Customer 06152,customer06152@example.invalid,UK,2024-06-21,Standard,16322.69
6153,Synthetic Customer 06153,customer06153@example.invalid,Singapore,2023-08-14,Premium,2219.10
6154,Synthetic Customer 06154,customer06154@example.invalid,Australia,2020-07-20,Premium,16300.23
6155,Synthetic Customer 06155,customer06155@example.invalid,USA,2020-11-01,Standard,19179.21
6156,Synthetic Customer 06156,customer06156@example.invalid,USA,2023-01-22,Basic,18785.60
6157,Synthetic Customer 06157,customer06157@example.invalid,UK,2023-11-07,Basic,5698.67
6158,Synthetic Customer 06158,customer06158@example.invalid,Germany,2021-07-23,Standard,5982.59
6159,Synthetic Customer 06159,customer06159@example.invalid,UK,2025-11-01,Basic,18102.05
6160,Synthetic Customer 06160,customer06160@example.invalid,Singapore,2023-09-29,Standard,2511.18
6161,Synthetic Customer 06161,customer06161@example.invalid,Australia,2021-12-19,Premium,8482.39
6162,Synthetic Customer 06162,customer06162@example.invalid,Australia,2022-06-03,Premium,18184.82
6163,Synthetic Customer 06163,customer06163@example.invalid,Australia,2021-10-05,Basic,19173.92
6164,Synthetic Customer 06164,customer06164@example.invalid,Singapore,2025-11-11,Premium,8360.32
6165,Synthetic Customer 06165,customer06165@example.invalid,India,2025-03-17,Premium,5653.55
6166,Synthetic Customer 06166,customer06166@example.invalid,Singapore,2023-07-28,Standard,8306.59
6167,Synthetic Customer 06167,customer06167@example.invalid,Australia,2024-12-22,Standard,16243.48
6168,Synthetic Customer 06168,customer06168@example.invalid,India,2021-03-22,Premium,17892.48
6169,Synthetic Customer 06169,customer06169@example.invalid,Canada,2025-12-03,Premium,3010.80
6170,Synthetic Customer 06170,customer06170@example.invalid,India,2020-11-21,Basic,5757.81
6171,Synthetic Customer 06171,customer06171@example.invalid,Germany,2020-11-09,Standard,13232.44
6172,Synthetic Customer 06172,customer06172@example.invalid,Australia,2022-01-12,Standard,3734.28
6173,Synthetic Customer 06173,customer06173@example.invalid,Canada,2022-09-10,Standard,10634.01
6174,Synthetic Customer 06174,customer06174@example.invalid,Australia,2020-04-19,Basic,18424.79
6175,Synthetic Customer 06175,customer06175@example.invalid,Singapore,2025-01-02,Standard,10361.75
6176,Synthetic Customer 06176,customer06176@example.invalid,Singapore,2022-02-16,Standard,1443.53
6177,Synthetic Customer 06177,customer06177@example.invalid,UK,2025-08-31,Standard,3954.73
6178,Synthetic Customer 06178,customer06178@example.invalid,USA,2023-03-22,Standard,10459.41
6179,Synthetic Customer 06179,customer06179@example.invalid,USA,2022-03-12,Standard,10650.83
6180,Synthetic Customer 06180,customer06180@example.invalid,Singapore,2023-05-16,Premium,1433.48
6181,Synthetic Customer 06181,customer06181@example.invalid,UK,2025-05-25,Premium,4284.25
6182,Synthetic Customer 06182,customer06182@example.invalid,India,2025-02-12,Basic,16239.58
6183,Synthetic Customer 06183,customer06183@example.invalid,USA,2021-04-16,Basic,13283.27
6184,Synthetic Customer 06184,customer06184@example.invalid,Canada,2024-05-20,Premium,12461.38
6185,Synthetic Customer 06185,customer06185@example.invalid,India,2020-11-01,Premium,19514.61
6186,Synthetic Customer 06186,customer06186@example.invalid,Australia,2024-04-20,Basic,16603.40
6187,Synthetic Customer 06187,customer06187@example.invalid,India,2022-04-09,Basic,19782.71
6188,Synthetic Customer 06188,customer06188@example.invalid,Australia,2020-06-04,Basic,13375.65
6189,Synthetic Customer 06189,customer06189@example.invalid,Singapore,2024-06-11,Standard,15368.95
6190,Synthetic Customer 06190,customer06190@example.invalid,Australia,2021-05-20,Standard,11014.73
6191,Synthetic Customer 06191,customer06191@example.invalid,India,2025-10-12,Premium,16359.36
6192,Synthetic Customer 06192,customer06192@example.invalid,Germany,2020-05-19,Basic,7443.09
6193,Synthetic Customer 06193,customer06193@example.invalid,India,2023-03-12,Standard,13535.94
6194,Synthetic Customer 06194,customer06194@example.invalid,USA,2022-09-28,Premium,11989.92
6195,Synthetic Customer 06195,customer06195@example.invalid,Singapore,2020-11-26,Premium,7279.40
6196,Synthetic Customer 06196,customer06196@example.invalid,India,2020-01-10,Premium,invalid-decimal
6197,Synthetic Customer 06197,customer06197@example.invalid,UK,2022-11-14,Premium,13203.06
6198,Synthetic Customer 06198,customer06198@example.invalid,USA,2020-06-09,Premium,15115.32
6199,Synthetic Customer 06199,customer06199@example.invalid,USA,2025-06-30,Standard,1891.87
6200,Synthetic Customer 06200,customer06200@example.invalid,Singapore,2021-04-03,Standard,14586.76
6201,Synthetic Customer 06201,customer06201@example.invalid,UK,2023-01-28,Basic,11391.43
6202,Synthetic Customer 06202,customer06202@example.invalid,Germany,2023-10-02,Premium,18049.83
6203,Synthetic Customer 06203,customer06203@example.invalid,Canada,2022-06-14,Standard,297.08
6204,Synthetic Customer 06204,customer06204@example.invalid,Singapore,2024-06-10,Premium,5267.00
6205,Synthetic Customer 06205,customer06205@example.invalid,Australia,2022-01-10,Basic,5017.82
6206,Synthetic Customer 06206,customer06206@example.invalid,Singapore,2021-01-17,Basic,4116.82
6207,Synthetic Customer 06207,customer06207@example.invalid,Australia,2023-10-23,Standard,19742.49
6208,Synthetic Customer 06208,customer06208@example.invalid,Germany,2024-03-11,Basic,1085.57
6209,Synthetic Customer 06209,customer06209@example.invalid,Australia,2020-12-24,Premium,14747.34
6210,Synthetic Customer 06210,customer06210@example.invalid,USA,2020-09-01,Basic,11384.63
6211,Synthetic Customer 06211,customer06211@example.invalid,Canada,2020-02-10,Basic,19216.54
6212,Synthetic Customer 06212,customer06212@example.invalid,USA,2023-09-14,Premium,11888.05
6213,Synthetic Customer 06213,customer06213@example.invalid,Singapore,2020-06-15,Basic,6856.99
6214,Synthetic Customer 06214,customer06214@example.invalid,Singapore,2022-01-29,Basic,4625.88
6215,Synthetic Customer 06215,customer06215@example.invalid,Singapore,2022-06-18,Premium,3054.30
6216,Synthetic Customer 06216,customer06216@example.invalid,India,2023-02-28,Standard,15047.77
6217,Synthetic Customer 06217,customer06217@example.invalid,Singapore,2025-07-25,Premium,375.29
6218,Synthetic Customer 06218,customer06218@example.invalid,Germany,2024-07-22,Standard,12145.45
6219,Synthetic Customer 06219,customer06219@example.invalid,Canada,2023-05-21,Standard,9048.13
6220,Synthetic Customer 06220,customer06220@example.invalid,Canada,2022-03-04,Basic,6291.87
6221,Synthetic Customer 06221,customer06221@example.invalid,Canada,2024-03-02,Basic,14031.77
6222,Synthetic Customer 06222,customer06222@example.invalid,USA,2023-08-26,Standard,14804.36
6223,Synthetic Customer 06223,customer06223@example.invalid,Australia,2024-07-18,Premium,16006.25
6224,Synthetic Customer 06224,customer06224@example.invalid,USA,2025-03-05,Premium,16239.87
6225,Synthetic Customer 06225,customer06225@example.invalid,India,2022-07-11,Premium,2189.11
6226,Synthetic Customer 06226,customer06226@example.invalid,India,2021-09-29,Basic,6128.78
6227,Synthetic Customer 06227,customer06227@example.invalid,USA,2022-11-15,Standard,2300.42
6228,Synthetic Customer 06228,customer06228@example.invalid,Germany,2024-05-31,Standard,15999.40
6229,Synthetic Customer 06229,customer06229@example.invalid,Australia,2025-11-04,Basic,16399.48
6230,Synthetic Customer 06230,customer06230@example.invalid,Australia,2025-07-11,Standard,8762.95
6231,Synthetic Customer 06231,customer06231@example.invalid,Australia,2023-12-29,Premium,4336.80
6232,Synthetic Customer 06232,customer06232@example.invalid,USA,2020-01-02,Premium,10979.00
6233,Synthetic Customer 06233,customer06233@example.invalid,India,2022-06-18,Premium,3201.55
6234,Synthetic Customer 06234,customer06234@example.invalid,UK,2022-01-04,Premium,18440.23
6235,Synthetic Customer 06235,customer06235@example.invalid,India,2022-08-06,Standard,13253.48
6236,Synthetic Customer 06236,customer06236@example.invalid,Australia,2024-04-26,Premium,12899.66
6237,Synthetic Customer 06237,customer06237@example.invalid,Singapore,2020-05-06,Premium,4020.47
6238,Synthetic Customer 06238,customer06238@example.invalid,Germany,2021-12-24,Basic,1789.89
6239,Synthetic Customer 06239,customer06239@example.invalid,USA,2022-01-03,Premium,18117.66
6240,Synthetic Customer 06240,customer06240@example.invalid,UK,2021-12-30,Basic,14561.54
6241,Synthetic Customer 06241,customer06241@example.invalid,Germany,2022-02-23,Premium,18455.43
6242,Synthetic Customer 06242,customer06242@example.invalid,Germany,2023-07-10,Premium,10955.87
6243,Synthetic Customer 06243,customer06243@example.invalid,Germany,2024-08-20,Standard,4498.05
6244,Synthetic Customer 06244,customer06244@example.invalid,Germany,2025-09-21,Basic,18401.44
6245,Synthetic Customer 06245,customer06245@example.invalid,India,2021-09-30,Standard,765.09
6246,Synthetic Customer 06246,customer06246@example.invalid,Australia,2021-01-27,Standard,13393.40
6247,Synthetic Customer 06247,customer06247@example.invalid,Canada,2021-06-23,Basic,18879.85
6248,Synthetic Customer 06248,customer06248@example.invalid,UK,2022-10-15,Basic,8359.61
6249,Synthetic Customer 06249,customer06249@example.invalid,Australia,2020-09-11,Standard,12995.24
6250,Synthetic Customer 06250,customer06250@example.invalid,Australia,2020-02-20,Premium,8939.15
6251,Synthetic Customer 06251,customer06251@example.invalid,Singapore,2023-06-21,Premium,18034.33
6252,Synthetic Customer 06252,customer06252@example.invalid,UK,2023-04-04,Standard,17999.43
6253,Synthetic Customer 06253,customer06253@example.invalid,Australia,2021-05-05,Premium,12757.42
6254,Synthetic Customer 06254,customer06254@example.invalid,Australia,2024-02-02,Premium,2313.73
6255,Synthetic Customer 06255,customer06255@example.invalid,Australia,2020-07-31,Standard,8819.52
6256,Synthetic Customer 06256,customer06256@example.invalid,USA,2022-01-31,Standard,17914.86
6257,Synthetic Customer 06257,customer06257@example.invalid,UK,2022-03-16,Standard,7340.39
6258,Synthetic Customer 06258,customer06258@example.invalid,UK,2025-11-18,Premium,19031.25
6259,Synthetic Customer 06259,customer06259@example.invalid,India,2025-12-09,Premium,3453.23
6260,Synthetic Customer 06260,customer06260@example.invalid,Germany,2025-10-04,Premium,3268.60
6261,Synthetic Customer 06261,customer06261@example.invalid,Australia,2022-05-14,Standard,4104.83
6262,Synthetic Customer 06262,customer06262@example.invalid,Germany,2023-07-30,Standard,845.86
6263,Synthetic Customer 06263,customer06263@example.invalid,Canada,2020-04-23,Standard,5550.26
6264,Synthetic Customer 06264,customer06264@example.invalid,Australia,2021-07-17,Premium,320.93
6265,Synthetic Customer 06265,customer06265@example.invalid,USA,2022-12-04,Standard,8562.87
6266,Synthetic Customer 06266,customer06266@example.invalid,Singapore,2025-08-03,Basic,3919.62
6267,Synthetic Customer 06267,customer06267@example.invalid,Singapore,2021-01-30,Standard,8755.82
6268,Synthetic Customer 06268,customer06268@example.invalid,Canada,2020-12-23,Standard,19434.04
6269,Synthetic Customer 06269,customer06269@example.invalid,UK,2025-04-23,Premium,12695.69
6270,Synthetic Customer 06270,customer06270@example.invalid,Singapore,2023-04-06,Standard,7031.93
6271,Synthetic Customer 06271,customer06271@example.invalid,UK,2025-11-29,Premium,10050.03
6272,Synthetic Customer 06272,customer06272@example.invalid,UK,2020-08-12,Basic,15625.51
6273,Synthetic Customer 06273,customer06273@example.invalid,Germany,2023-12-18,Premium,16136.91
6274,Synthetic Customer 06274,customer06274@example.invalid,USA,2024-02-22,Standard,3978.60
6275,Synthetic Customer 06275,customer06275@example.invalid,Germany,2023-10-19,Premium,16607.88
6276,Synthetic Customer 06276,customer06276@example.invalid,Australia,2022-08-22,Premium,747.58
6277,Synthetic Customer 06277,customer06277@example.invalid,India,2021-08-23,Basic,14196.57
6278,Synthetic Customer 06278,customer06278@example.invalid,Germany,2025-08-29,Premium,1385.17
6279,Synthetic Customer 06279,customer06279@example.invalid,UK,2022-03-04,Premium,3521.56
6280,Synthetic Customer 06280,customer06280@example.invalid,USA,2023-12-22,Standard,19208.28
6281,Synthetic Customer 06281,customer06281@example.invalid,India,2023-09-12,Basic,3531.94
6282,Synthetic Customer 06282,customer06282@example.invalid,Germany,2022-09-22,Premium,5307.26
6283,Synthetic Customer 06283,customer06283@example.invalid,India,2023-07-03,Standard,4353.98
6284,Synthetic Customer 06284,customer06284@example.invalid,USA,2022-04-26,Basic,9795.15
6285,Synthetic Customer 06285,customer06285@example.invalid,Australia,2024-10-09,Premium,6661.71
6286,Synthetic Customer 06286,customer06286@example.invalid,Singapore,2021-05-30,Premium,18986.54
6287,Synthetic Customer 06287,customer06287@example.invalid,Australia,2023-08-16,Standard,18177.96
6288,Synthetic Customer 06288,customer06288@example.invalid,USA,2022-02-23,Premium,13819.90
6289,Synthetic Customer 06289,customer06289@example.invalid,Germany,2023-04-21,Premium,11996.27
6290,Synthetic Customer 06290,customer06290@example.invalid,USA,2022-09-07,Basic,19705.86
6291,Synthetic Customer 06291,customer06291@example.invalid,Germany,2025-07-06,Basic,10434.13
6292,Synthetic Customer 06292,customer06292@example.invalid,Australia,2020-08-10,Basic,17924.83
6293,Synthetic Customer 06293,customer06293@example.invalid,UK,2022-09-19,Standard,4206.08
6294,Synthetic Customer 06294,customer06294@example.invalid,Singapore,2025-02-13,Premium,4450.36
6295,Synthetic Customer 06295,customer06295@example.invalid,Singapore,2023-06-14,Premium,10944.26
6296,Synthetic Customer 06296,customer06296@example.invalid,India,2023-11-25,Standard,4762.04
6297,Synthetic Customer 06297,customer06297@example.invalid,Germany,2022-12-07,Premium,17949.18
6298,Synthetic Customer 06298,customer06298@example.invalid,USA,2021-04-24,Basic,19844.82
6299,Synthetic Customer 06299,customer06299@example.invalid,India,2024-11-24,Basic,11647.72
6300,Synthetic Customer 06300,customer06300@example.invalid,India,2021-11-22,Basic,16934.92
6301,Synthetic Customer 06301,customer06301@example.invalid,Singapore,2022-06-27,Basic,16117.86
6302,Synthetic Customer 06302,customer06302@example.invalid,India,2022-02-12,Basic,1709.76
6303,Synthetic Customer 06303,customer06303@example.invalid,Australia,2024-06-30,Premium,4772.59
6304,Synthetic Customer 06304,customer06304@example.invalid,Singapore,2024-12-26,Premium,14817.50
6305,Synthetic Customer 06305,customer06305@example.invalid,USA,2021-06-20,Premium,15842.92
6306,Synthetic Customer 06306,customer06306@example.invalid,Germany,2021-08-24,Premium,15600.30
6307,Synthetic Customer 06307,customer06307@example.invalid,Germany,2022-09-24,Basic,1272.03
6308,Synthetic Customer 06308,customer06308@example.invalid,USA,2024-06-20,Basic,19776.86
6309,Synthetic Customer 06309,customer06309@example.invalid,UK,2023-01-30,Standard,11486.68
6310,Synthetic Customer 06310,customer06310@example.invalid,Australia,2021-12-13,Basic,7183.95
6311,Synthetic Customer 06311,customer06311@example.invalid,Germany,2020-04-17,Standard,12177.34
6312,Synthetic Customer 06312,customer06312@example.invalid,Singapore,2022-11-10,Premium,2176.88
6313,Synthetic Customer 06313,customer06313@example.invalid,Australia,2022-01-30,Standard,7812.66
6314,Synthetic Customer 06314,customer06314@example.invalid,USA,2024-02-10,Standard,14897.34
6315,Synthetic Customer 06315,customer06315@example.invalid,Australia,2020-09-27,Basic,7315.97
6316,Synthetic Customer 06316,customer06316@example.invalid,Australia,2021-02-01,Standard,15408.19
6317,Synthetic Customer 06317,customer06317@example.invalid,UK,2025-05-27,Premium,16931.30
6318,Synthetic Customer 06318,customer06318@example.invalid,Australia,2022-11-12,Premium,1235.63
6319,Synthetic Customer 06319,customer06319@example.invalid,Germany,2023-03-30,Standard,16236.18
6320,Synthetic Customer 06320,customer06320@example.invalid,UK,2024-01-10,Premium,4970.43
6321,Synthetic Customer 06321,customer06321@example.invalid,USA,2025-07-16,Premium,11009.78
6322,Synthetic Customer 06322,customer06322@example.invalid,Germany,2024-09-15,Standard,15228.33
6323,Synthetic Customer 06323,customer06323@example.invalid,Germany,2021-04-14,Standard,3423.17
6324,Synthetic Customer 06324,customer06324@example.invalid,Germany,2025-08-28,Standard,15979.03
6325,Synthetic Customer 06325,customer06325@example.invalid,Canada,2024-04-02,Standard,7247.55
6326,Synthetic Customer 06326,customer06326@example.invalid,India,2024-07-07,Premium,5926.15
6327,Synthetic Customer 06327,customer06327@example.invalid,Canada,2025-09-15,Standard,11934.32
6328,Synthetic Customer 06328,customer06328@example.invalid,USA,2023-05-06,Standard,12823.41
6329,Synthetic Customer 06329,customer06329@example.invalid,Canada,2022-04-24,Premium,17508.06
6330,Synthetic Customer 06330,customer06330@example.invalid,Australia,2024-07-11,Standard,9441.87
6331,Synthetic Customer 06331,customer06331@example.invalid,UK,2021-11-16,Basic,18479.38
6332,Synthetic Customer 06332,customer06332@example.invalid,Australia,2022-10-07,Standard,18481.29
6333,Synthetic Customer 06333,customer06333@example.invalid,Singapore,2024-10-16,Standard,9834.67
6334,Synthetic Customer 06334,customer06334@example.invalid,UK,2020-07-22,Premium,14595.94
6335,Synthetic Customer 06335,customer06335@example.invalid,India,2021-01-04,Basic,17192.21
6336,Synthetic Customer 06336,customer06336@example.invalid,India,2022-07-02,Basic,4119.59
6337,Synthetic Customer 06337,customer06337@example.invalid,Singapore,2020-08-21,Standard,1.53
6338,Synthetic Customer 06338,customer06338@example.invalid,India,2024-11-28,Basic,6064.30
6339,Synthetic Customer 06339,customer06339@example.invalid,USA,2025-12-07,Standard,13132.61
6340,Synthetic Customer 06340,customer06340@example.invalid,Australia,2024-05-21,Basic,1838.46
6341,Synthetic Customer 06341,customer06341@example.invalid,Canada,2022-02-09,Premium,12150.36
6342,Synthetic Customer 06342,customer06342@example.invalid,India,2022-09-27,Basic,13779.11
6343,Synthetic Customer 06343,customer06343@example.invalid,India,2021-07-07,Basic,2080.78
6344,Synthetic Customer 06344,customer06344@example.invalid,Singapore,2022-07-07,Standard,12933.20
6345,Synthetic Customer 06345,customer06345@example.invalid,Germany,2022-10-28,Premium,7748.40
6346,Synthetic Customer 06346,customer06346@example.invalid,Germany,2021-03-02,Basic,32.99
6347,Synthetic Customer 06347,customer06347@example.invalid,Australia,2023-12-21,Standard,17399.42
6348,Synthetic Customer 06348,customer06348@example.invalid,Singapore,2024-09-01,Premium,2051.59
6349,Synthetic Customer 06349,customer06349@example.invalid,Australia,2024-07-03,Premium,15170.11
6350,Synthetic Customer 06350,customer06350@example.invalid,Singapore,2022-03-20,Standard,6267.19
6351,Synthetic Customer 06351,customer06351@example.invalid,Australia,2020-05-05,Standard,15740.81
6352,Synthetic Customer 06352,customer06352@example.invalid,Australia,2023-06-14,Basic,18829.51
6353,Synthetic Customer 06353,customer06353@example.invalid,Singapore,2020-02-07,Basic,17926.86
6354,Synthetic Customer 06354,customer06354@example.invalid,Australia,2024-02-28,Basic,10381.45
6355,Synthetic Customer 06355,customer06355@example.invalid,Australia,2022-03-10,Basic,3762.67
6356,Synthetic Customer 06356,customer06356@example.invalid,Australia,2022-05-05,Premium,8700.56
6357,Synthetic Customer 06357,customer06357@example.invalid,USA,2023-09-15,Premium,17450.22
6358,Synthetic Customer 06358,customer06358@example.invalid,Australia,2024-04-03,Premium,11305.29
6359,Synthetic Customer 06359,customer06359@example.invalid,Germany,2023-11-09,Standard,14411.21
6360,Synthetic Customer 06360,customer06360@example.invalid,USA,2022-04-30,Standard,2932.01
6361,Synthetic Customer 06361,customer06361@example.invalid,UK,2023-11-29,Standard,15653.05
6362,Synthetic Customer 06362,customer06362@example.invalid,Singapore,2020-08-16,Premium,13661.24
6363,Synthetic Customer 06363,customer06363@example.invalid,India,2020-06-16,Standard,3997.60
6364,Synthetic Customer 06364,customer06364@example.invalid,USA,2021-11-06,Standard,16332.63
6365,Synthetic Customer 06365,customer06365@example.invalid,Singapore,2021-04-25,Basic,7457.89
6366,Synthetic Customer 06366,customer06366@example.invalid,India,2025-11-04,Premium,5224.49
6367,Synthetic Customer 06367,customer06367@example.invalid,Canada,2025-03-01,Premium,10807.46
6368,Synthetic Customer 06368,customer06368@example.invalid,Australia,2020-12-24,Standard,7306.83
6369,Synthetic Customer 06369,customer06369@example.invalid,Germany,2024-03-02,Premium,3297.76
6370,Synthetic Customer 06370,customer06370@example.invalid,India,2024-05-29,Premium,5194.74
6371,Synthetic Customer 06371,customer06371@example.invalid,USA,2025-11-21,Standard,10611.21
6372,Synthetic Customer 06372,customer06372@example.invalid,India,2025-12-05,Premium,4778.44
6373,Synthetic Customer 06373,customer06373@example.invalid,Singapore,2025-08-21,Basic,9171.97
6374,Synthetic Customer 06374,customer06374@example.invalid,Singapore,2025-11-23,Premium,8131.54
6375,Synthetic Customer 06375,customer06375@example.invalid,Singapore,2021-01-30,Basic,1820.29
6376,Synthetic Customer 06376,customer06376@example.invalid,India,2022-06-10,Standard,14868.04
6377,Synthetic Customer 06377,customer06377@example.invalid,Canada,2025-11-15,Basic,114.04
6378,Synthetic Customer 06378,customer06378@example.invalid,India,2021-05-05,Basic,2796.96
6379,Synthetic Customer 06379,customer06379@example.invalid,Canada,2025-04-05,Standard,6391.50
6380,Synthetic Customer 06380,customer06380@example.invalid,UK,2024-09-27,Basic,3430.17
6381,Synthetic Customer 06381,customer06381@example.invalid,USA,2023-07-01,Basic,18574.27
6382,Synthetic Customer 06382,customer06382@example.invalid,Germany,2023-11-22,Standard,16790.97
6383,Synthetic Customer 06383,customer06383@example.invalid,Germany,2021-11-18,Premium,1565.58
6384,Synthetic Customer 06384,customer06384@example.invalid,USA,2024-01-27,Premium,5844.99
6385,Synthetic Customer 06385,customer06385@example.invalid,Germany,2025-03-03,Basic,9815.67
6386,Synthetic Customer 06386,customer06386@example.invalid,Canada,2021-09-08,Premium,4366.74
6387,Synthetic Customer 06387,customer06387@example.invalid,USA,2020-06-20,Standard,7510.90
6388,Synthetic Customer 06388,customer06388@example.invalid,UK,2020-08-17,Premium,17181.85
6389,Synthetic Customer 06389,customer06389@example.invalid,USA,2024-06-06,Standard,9578.71
6390,Synthetic Customer 06390,customer06390@example.invalid,USA,2021-03-04,Standard,4093.79
6391,Synthetic Customer 06391,customer06391@example.invalid,Australia,2025-05-15,Premium,13269.25
6392,Synthetic Customer 06392,customer06392@example.invalid,UK,2024-03-22,Standard,15120.71
6393,Synthetic Customer 06393,customer06393@example.invalid,Australia,2024-12-07,Premium,8740.68
6394,Synthetic Customer 06394,customer06394@example.invalid,Canada,2023-08-22,Premium,17071.73
6395,Synthetic Customer 06395,customer06395@example.invalid,Germany,2022-11-29,Basic,8969.32
6396,Synthetic Customer 06396,customer06396@example.invalid,Singapore,2023-04-15,Standard,667.01
6397,Synthetic Customer 06397,customer06397@example.invalid,Australia,2024-10-09,Premium,19591.55
6398,Synthetic Customer 06398,customer06398@example.invalid,USA,2025-10-18,Premium,3291.58
6399,Synthetic Customer 06399,customer06399@example.invalid,India,2023-08-20,Basic,10604.80
6400,Synthetic Customer 06400,customer06400@example.invalid,UK,2024-06-25,Premium,7433.80
6401,Synthetic Customer 06401,customer06401@example.invalid,Germany,2023-04-16,Basic,8190.75
6402,Synthetic Customer 06402,customer06402@example.invalid,USA,2021-11-10,Premium,391.76
6403,Synthetic Customer 06403,customer06403@example.invalid,India,2023-03-13,Standard,6696.90
6404,Synthetic Customer 06404,customer06404@example.invalid,USA,2023-04-15,Standard,1989.30
6405,Synthetic Customer 06405,customer06405@example.invalid,Canada,2021-05-14,Premium,13754.17
6406,Synthetic Customer 06406,customer06406@example.invalid,Canada,2024-01-02,Standard,7377.92
6407,Synthetic Customer 06407,customer06407@example.invalid,UK,2021-01-27,Standard,15145.19
6408,Synthetic Customer 06408,customer06408@example.invalid,Germany,2024-04-19,Basic,14007.70
6409,Synthetic Customer 06409,customer06409@example.invalid,Australia,2024-11-08,Premium,12323.48
6410,Synthetic Customer 06410,customer06410@example.invalid,Australia,2025-07-12,Basic,4614.28
6411,Synthetic Customer 06411,customer06411@example.invalid,Canada,2024-03-03,Basic,3239.83
6412,Synthetic Customer 06412,customer06412@example.invalid,Germany,2025-12-29,Basic,14722.93
6413,Synthetic Customer 06413,customer06413@example.invalid,UK,2020-08-28,Premium,9800.49
6414,Synthetic Customer 06414,customer06414@example.invalid,UK,2020-06-11,Basic,15105.43
6415,Synthetic Customer 06415,customer06415@example.invalid,India,2024-06-06,Premium,11686.50
6416,Synthetic Customer 06416,customer06416@example.invalid,Canada,2021-09-04,Premium,15705.33
6417,Synthetic Customer 06417,customer06417@example.invalid,Australia,2022-05-10,Basic,2110.25
6418,Synthetic Customer 06418,customer06418@example.invalid,India,2020-07-10,Basic,19276.71
6419,Synthetic Customer 06419,customer06419@example.invalid,Canada,invalid-date,Premium,17764.46
6420,Synthetic Customer 06420,customer06420@example.invalid,Canada,2020-02-19,Premium,10327.37
6421,Synthetic Customer 06421,customer06421@example.invalid,Germany,2023-04-15,Standard,7914.07
6422,Synthetic Customer 06422,customer06422@example.invalid,Australia,2020-03-12,Standard,1972.08
6423,Synthetic Customer 06423,customer06423@example.invalid,Australia,2021-01-17,Premium,3770.88
6424,Synthetic Customer 06424,customer06424@example.invalid,Canada,2021-08-22,Basic,7174.05
6425,Synthetic Customer 06425,customer06425@example.invalid,Canada,2021-05-11,Basic,5418.92
6426,Synthetic Customer 06426,customer06426@example.invalid,Australia,2023-05-23,Premium,19863.50
6427,Synthetic Customer 06427,customer06427@example.invalid,Canada,2023-08-01,Standard,740.73
6428,Synthetic Customer 06428,customer06428@example.invalid,India,2020-08-05,Premium,5024.38
6429,Synthetic Customer 06429,customer06429@example.invalid,Canada,2024-11-28,Basic,4128.48
6430,Synthetic Customer 06430,customer06430@example.invalid,Australia,2024-04-19,Basic,2334.85
6431,Synthetic Customer 06431,customer06431@example.invalid,India,2021-06-21,Standard,4736.81
6432,Synthetic Customer 06432,customer06432@example.invalid,India,2021-10-30,Standard,6338.49
6433,Synthetic Customer 06433,customer06433@example.invalid,USA,2023-11-28,Standard,2672.53
6434,Synthetic Customer 06434,customer06434@example.invalid,USA,2023-06-04,Standard,1505.21
6435,Synthetic Customer 06435,customer06435@example.invalid,India,2020-01-22,Basic,10461.07
6436,Synthetic Customer 06436,customer06436@example.invalid,Germany,2021-04-30,Standard,6051.03
6437,Synthetic Customer 06437,customer06437@example.invalid,UK,2024-09-27,Basic,16198.45
6438,Synthetic Customer 06438,customer06438@example.invalid,UK,2025-04-25,Premium,8452.01
6439,Synthetic Customer 06439,customer06439@example.invalid,Canada,2021-03-16,Premium,16341.22
6440,Synthetic Customer 06440,customer06440@example.invalid,Singapore,2022-10-18,Premium,12136.91
6441,Synthetic Customer 06441,customer06441@example.invalid,India,2021-05-15,Standard,1374.54
6442,Synthetic Customer 06442,customer06442@example.invalid,India,2021-11-29,Standard,10062.21
6443,Synthetic Customer 06443,customer06443@example.invalid,Germany,2023-05-12,Premium,8440.08
6444,Synthetic Customer 06444,customer06444@example.invalid,Canada,2025-07-29,Premium,16030.40
6445,Synthetic Customer 06445,customer06445@example.invalid,Canada,2022-02-28,Premium,4025.47
6446,Synthetic Customer 06446,customer06446@example.invalid,Australia,2023-01-29,Basic,2021.49
6447,Synthetic Customer 06447,customer06447@example.invalid,Australia,2024-03-24,Premium,5839.05
6448,Synthetic Customer 06448,customer06448@example.invalid,UK,2020-12-19,Basic,13712.21
6449,Synthetic Customer 06449,customer06449@example.invalid,Australia,2025-09-01,Standard,5294.47
6450,Synthetic Customer 06450,customer06450@example.invalid,USA,2024-09-15,Standard,8144.46
6451,Synthetic Customer 06451,customer06451@example.invalid,UK,2021-09-19,Standard,3798.16
6452,Synthetic Customer 06452,customer06452@example.invalid,Germany,2025-03-14,Standard,18776.93
6453,Synthetic Customer 06453,customer06453@example.invalid,Singapore,2025-06-16,Premium,17973.77
6454,Synthetic Customer 06454,customer06454@example.invalid,Australia,2023-07-07,Basic,177.78
6455,Synthetic Customer 06455,customer06455@example.invalid,India,2024-07-06,Basic,5756.86
6456,Synthetic Customer 06456,customer06456@example.invalid,UK,2021-05-06,Standard,618.53
6457,Synthetic Customer 06457,customer06457@example.invalid,Australia,2025-06-23,Basic,5796.07
6458,Synthetic Customer 06458,customer06458@example.invalid,Germany,2020-05-19,Basic,7983.03
6459,Synthetic Customer 06459,customer06459@example.invalid,Singapore,2022-08-25,Standard,6921.13
6460,Synthetic Customer 06460,customer06460@example.invalid,India,2020-08-27,Premium,1263.05
6461,Synthetic Customer 06461,customer06461@example.invalid,UK,2022-10-25,Premium,1111.80
6462,Synthetic Customer 06462,customer06462@example.invalid,Germany,2023-09-12,Premium,18097.07
6463,Synthetic Customer 06463,customer06463@example.invalid,India,2025-01-06,Premium,533.10
6464,Synthetic Customer 06464,customer06464@example.invalid,Australia,2025-07-10,Standard,1966.32
6465,Synthetic Customer 06465,customer06465@example.invalid,UK,2024-09-23,Premium,17408.82
6466,Synthetic Customer 06466,customer06466@example.invalid,India,2023-09-13,Standard,19576.60
6467,Synthetic Customer 06467,customer06467@example.invalid,Australia,2022-12-18,Standard,19523.25
6468,Synthetic Customer 06468,customer06468@example.invalid,India,2024-11-19,Basic,9567.60
6469,Synthetic Customer 06469,customer06469@example.invalid,USA,2024-05-22,Basic,19576.29
6470,Synthetic Customer 06470,customer06470@example.invalid,Canada,2025-03-19,Basic,1732.71
6471,Synthetic Customer 06471,customer06471@example.invalid,Australia,2021-05-26,Basic,18921.28
6472,Synthetic Customer 06472,customer06472@example.invalid,Canada,2020-03-23,Basic,15293.56
6473,Synthetic Customer 06473,customer06473@example.invalid,Australia,2021-08-28,Basic,14845.55
6474,Synthetic Customer 06474,customer06474@example.invalid,India,2024-10-30,Standard,11562.93
6475,Synthetic Customer 06475,customer06475@example.invalid,Canada,2021-06-03,Standard,7587.73
6476,Synthetic Customer 06476,customer06476@example.invalid,Canada,2025-11-29,Premium,18479.51
6477,Synthetic Customer 06477,customer06477@example.invalid,Singapore,2023-02-10,Premium,10429.14
6478,Synthetic Customer 06478,customer06478@example.invalid,USA,2021-03-18,Basic,13971.50
6479,Synthetic Customer 06479,customer06479@example.invalid,USA,2021-10-08,Standard,8146.43
6480,Synthetic Customer 06480,customer06480@example.invalid,Australia,2023-01-30,Standard,16644.50
6481,Synthetic Customer 06481,customer06481@example.invalid,India,2024-11-05,Standard,12285.70
6482,Synthetic Customer 06482,customer06482@example.invalid,UK,2020-06-15,Standard,7600.15
6483,Synthetic Customer 06483,customer06483@example.invalid,Canada,2022-03-11,Premium,6985.01
6484,Synthetic Customer 06484,customer06484@example.invalid,Canada,2024-11-05,Standard,5618.98
6485,Synthetic Customer 06485,customer06485@example.invalid,USA,2022-03-31,Basic,14589.50
6486,Synthetic Customer 06486,customer06486@example.invalid,Canada,2022-01-26,Basic,4203.21
6487,Synthetic Customer 06487,customer06487@example.invalid,Singapore,2023-09-12,Standard,15712.46
6488,Synthetic Customer 06488,customer06488@example.invalid,Germany,2022-10-02,Premium,6452.66
6489,Synthetic Customer 06489,customer06489@example.invalid,Germany,2021-05-14,Premium,18918.72
6490,Synthetic Customer 06490,customer06490@example.invalid,India,2024-08-23,Premium,14285.75
6491,Synthetic Customer 06491,customer06491@example.invalid,UK,2021-11-20,Basic,6269.88
6492,Synthetic Customer 06492,customer06492@example.invalid,Germany,2024-11-29,Basic,9969.25
6493,Synthetic Customer 06493,customer06493@example.invalid,Australia,2024-01-17,Standard,2196.05
6494,Synthetic Customer 06494,customer06494@example.invalid,USA,2021-05-24,Standard,11006.28
6495,Synthetic Customer 06495,customer06495@example.invalid,USA,2021-06-11,Basic,7353.16
6496,Synthetic Customer 06496,customer06496@example.invalid,UK,2025-07-15,Standard,16186.69
6497,Synthetic Customer 06497,customer06497@example.invalid,Australia,2022-09-15,Standard,19079.22
6498,Synthetic Customer 06498,customer06498@example.invalid,Singapore,2025-03-28,Basic,12938.15
6499,Synthetic Customer 06499,customer06499@example.invalid,Germany,2022-12-21,Premium,18001.57
6500,Synthetic Customer 06500,customer06500@example.invalid,India,2024-07-13,Premium,11715.61
6501,Synthetic Customer 06501,customer06501@example.invalid,USA,2021-08-10,Standard,16631.00
6502,Synthetic Customer 06502,customer06502@example.invalid,UK,2021-09-23,Premium,7034.52
6503,Synthetic Customer 06503,customer06503@example.invalid,Canada,2023-02-09,Basic,18487.58
6504,Synthetic Customer 06504,customer06504@example.invalid,Germany,2024-08-04,Premium,6770.41
6505,Synthetic Customer 06505,customer06505@example.invalid,Singapore,2021-06-23,Premium,4020.98
6506,Synthetic Customer 06506,customer06506@example.invalid,USA,2021-09-26,Premium,10320.44
6507,Synthetic Customer 06507,customer06507@example.invalid,India,2025-02-12,Standard,9703.50
6508,Synthetic Customer 06508,customer06508@example.invalid,Australia,2024-01-26,Premium,13730.85
6509,Synthetic Customer 06509,customer06509@example.invalid,USA,2025-08-23,Premium,7907.48
6510,Synthetic Customer 06510,customer06510@example.invalid,Canada,2023-10-16,Basic,1994.05
6511,Synthetic Customer 06511,customer06511@example.invalid,USA,2024-08-11,Standard,10645.19
6512,Synthetic Customer 06512,customer06512@example.invalid,India,2020-04-01,Premium,14248.98
6513,Synthetic Customer 06513,customer06513@example.invalid,India,2022-01-31,Premium,796.23
6514,Synthetic Customer 06514,customer06514@example.invalid,USA,2023-01-14,Basic,11726.38
6515,Synthetic Customer 06515,customer06515@example.invalid,USA,2022-08-07,Premium,7542.65
6516,Synthetic Customer 06516,customer06516@example.invalid,Australia,2020-12-31,Basic,3348.78
6517,Synthetic Customer 06517,customer06517@example.invalid,Germany,2023-03-26,Premium,452.13
6518,Synthetic Customer 06518,customer06518@example.invalid,Germany,2021-08-17,Standard,10788.48
6519,Synthetic Customer 06519,customer06519@example.invalid,UK,2025-03-13,Premium,3459.15
6520,Synthetic Customer 06520,customer06520@example.invalid,Australia,2022-09-27,Basic,4172.28
6521,Synthetic Customer 06521,customer06521@example.invalid,Canada,2021-12-11,Premium,7531.79
6522,Synthetic Customer 06522,customer06522@example.invalid,UK,2024-06-23,Standard,14036.14
6523,Synthetic Customer 06523,customer06523@example.invalid,Canada,2025-05-26,Basic,8950.58
6524,Synthetic Customer 06524,customer06524@example.invalid,India,2025-02-26,Basic,5908.68
6525,Synthetic Customer 06525,customer06525@example.invalid,Canada,2020-04-07,Basic,7784.28
6526,Synthetic Customer 06526,customer06526@example.invalid,Singapore,2024-11-20,Standard,15918.08
6527,Synthetic Customer 06527,customer06527@example.invalid,India,2024-05-07,Premium,13181.30
6528,Synthetic Customer 06528,customer06528@example.invalid,Singapore,2025-11-10,Basic,12936.41
6529,Synthetic Customer 06529,customer06529@example.invalid,UK,2022-04-06,Premium,12666.33
6530,Synthetic Customer 06530,customer06530@example.invalid,USA,2021-06-15,Basic,4276.14
6531,Synthetic Customer 06531,customer06531@example.invalid,Singapore,2020-02-02,Standard,432.05
6532,Synthetic Customer 06532,customer06532@example.invalid,Germany,2020-05-06,Basic,4134.19
6533,Synthetic Customer 06533,customer06533@example.invalid,India,2025-08-18,Standard,2090.56
6534,Synthetic Customer 06534,customer06534@example.invalid,Australia,2021-01-24,Standard,16445.61
6535,Synthetic Customer 06535,customer06535@example.invalid,USA,2021-08-12,Standard,1255.11
6536,Synthetic Customer 06536,customer06536@example.invalid,Australia,2025-03-13,Premium,9483.37
6537,Synthetic Customer 06537,customer06537@example.invalid,Singapore,2023-12-03,Premium,15819.15
6538,Synthetic Customer 06538,customer06538@example.invalid,Canada,2023-09-22,Premium,13770.69
6539,Synthetic Customer 06539,customer06539@example.invalid,UK,2023-10-21,Basic,18375.10
6540,Synthetic Customer 06540,customer06540@example.invalid,Singapore,2021-09-25,Standard,10130.08
6541,Synthetic Customer 06541,customer06541@example.invalid,Germany,2023-06-14,Premium,1622.13
6542,Synthetic Customer 06542,customer06542@example.invalid,UK,2020-02-16,Standard,8365.41
6543,Synthetic Customer 06543,customer06543@example.invalid,Canada,2023-10-05,Standard,8265.22
6544,Synthetic Customer 06544,customer06544@example.invalid,UK,2025-07-06,Standard,16630.15
6545,Synthetic Customer 06545,customer06545@example.invalid,UK,2020-01-26,Premium,19213.70
6546,Synthetic Customer 06546,customer06546@example.invalid,Canada,2024-05-30,Basic,15624.76
6547,Synthetic Customer 06547,customer06547@example.invalid,India,2021-12-10,Basic,5999.53
6548,Synthetic Customer 06548,customer06548@example.invalid,Australia,2023-01-24,Standard,5240.45
6549,Synthetic Customer 06549,customer06549@example.invalid,UK,2020-10-26,Standard,16005.80
6550,Synthetic Customer 06550,customer06550@example.invalid,Australia,2022-11-21,Premium,17421.14
6551,Synthetic Customer 06551,customer06551@example.invalid,UK,2025-05-22,Standard,4653.70
6552,Synthetic Customer 06552,customer06552@example.invalid,UK,2022-12-18,Basic,14258.69
6553,Synthetic Customer 06553,customer06553@example.invalid,Australia,2021-06-08,Basic,12490.24
6554,Synthetic Customer 06554,customer06554@example.invalid,Germany,2024-06-07,Premium,19747.57
6555,Synthetic Customer 06555,customer06555@example.invalid,India,2023-09-17,Basic,8673.38
6556,Synthetic Customer 06556,,Australia,2020-03-18,Premium,10470.35
6557,Synthetic Customer 06557,customer06557@example.invalid,Canada,2021-03-08,Standard,2416.95
6558,Synthetic Customer 06558,customer06558@example.invalid,Canada,2023-09-12,Premium,10134.98
6559,Synthetic Customer 06559,customer06559@example.invalid,Canada,2020-12-18,Standard,1670.56
6560,Synthetic Customer 06560,customer06560@example.invalid,Germany,2020-07-01,Premium,12886.60
6561,Synthetic Customer 06561,customer06561@example.invalid,Singapore,2021-04-18,Premium,14122.43
6562,Synthetic Customer 06562,customer06562@example.invalid,Canada,2023-06-14,Standard,16628.07
6563,Synthetic Customer 06563,customer06563@example.invalid,Germany,2022-04-14,Basic,11205.95
6564,Synthetic Customer 06564,customer06564@example.invalid,USA,2024-10-13,Standard,3163.54
6565,Synthetic Customer 06565,customer06565@example.invalid,Singapore,2025-05-01,Premium,2082.39
6566,Synthetic Customer 06566,customer06566@example.invalid,UK,2023-11-11,Standard,5388.76
6567,Synthetic Customer 06567,customer06567@example.invalid,UK,2024-04-26,Standard,276.51
6568,Synthetic Customer 06568,customer06568@example.invalid,Canada,2022-10-27,Basic,16837.02
6569,Synthetic Customer 06569,customer06569@example.invalid,Singapore,2023-05-05,Basic,5876.49
6570,Synthetic Customer 06570,customer06570@example.invalid,Singapore,2021-01-08,Standard,7870.85
6571,Synthetic Customer 06571,customer06571@example.invalid,Singapore,2023-09-27,Premium,7514.07
6572,Synthetic Customer 06572,customer06572@example.invalid,India,2021-09-30,Standard,2265.65
6573,Synthetic Customer 06573,customer06573@example.invalid,Singapore,2022-09-04,Standard,3813.62
6574,Synthetic Customer 06574,customer06574@example.invalid,USA,2023-06-22,Standard,10011.27
6575,Synthetic Customer 06575,customer06575@example.invalid,Germany,2023-01-10,Basic,7932.49
6576,Synthetic Customer 06576,customer06576@example.invalid,USA,2023-11-14,Basic,4234.55
6577,Synthetic Customer 06577,customer06577@example.invalid,Australia,2023-03-09,Premium,2967.68
6578,Synthetic Customer 06578,customer06578@example.invalid,Singapore,2023-12-21,Standard,4321.52
6579,Synthetic Customer 06579,customer06579@example.invalid,Australia,2021-05-16,Basic,12467.72
6580,Synthetic Customer 06580,customer06580@example.invalid,India,2020-07-02,Premium,15857.23
6581,Synthetic Customer 06581,customer06581@example.invalid,Canada,2021-08-09,Premium,9694.75
6582,Synthetic Customer 06582,customer06582@example.invalid,Germany,2024-05-08,Standard,2892.41
6583,Synthetic Customer 06583,customer06583@example.invalid,Germany,2020-07-16,Basic,19145.23
6584,Synthetic Customer 06584,customer06584@example.invalid,Canada,2020-10-01,Standard,9229.76
6585,Synthetic Customer 06585,customer06585@example.invalid,Australia,2024-08-03,Basic,5441.52
6586,Synthetic Customer 06586,customer06586@example.invalid,Australia,2020-10-21,Standard,12656.16
6587,Synthetic Customer 06587,customer06587@example.invalid,Germany,2025-04-02,Premium,8589.89
6588,Synthetic Customer 06588,customer06588@example.invalid,Germany,2022-02-10,Premium,15010.53
6589,Synthetic Customer 06589,customer06589@example.invalid,Germany,2023-06-29,Standard,1014.41
6590,Synthetic Customer 06590,customer06590@example.invalid,India,2020-11-03,Basic,10105.32
6591,Synthetic Customer 06591,customer06591@example.invalid,Germany,2022-07-07,Basic,2160.22
6592,Synthetic Customer 06592,customer06592@example.invalid,USA,2023-11-17,Premium,14501.67
6593,Synthetic Customer 06593,customer06593@example.invalid,Australia,2021-10-04,Premium,13829.32
6594,Synthetic Customer 06594,customer06594@example.invalid,Germany,2023-07-08,Standard,15381.27
6595,Synthetic Customer 06595,customer06595@example.invalid,USA,2025-08-19,Standard,19047.81
6596,Synthetic Customer 06596,customer06596@example.invalid,USA,2025-03-21,Premium,1471.82
6597,Synthetic Customer 06597,customer06597@example.invalid,Australia,2025-06-19,Standard,11829.79
6598,Synthetic Customer 06598,customer06598@example.invalid,Canada,2025-09-29,Premium,3684.92
6599,Synthetic Customer 06599,customer06599@example.invalid,India,2024-08-11,Basic,6762.19
6600,Synthetic Customer 06600,customer06600@example.invalid,USA,2025-05-08,Standard,-100.00
6601,Synthetic Customer 06601,customer06601@example.invalid,Australia,2022-05-29,Basic,18393.49
6602,Synthetic Customer 06602,customer06602@example.invalid,UK,2023-05-16,Basic,13937.62
6603,Synthetic Customer 06603,customer06603@example.invalid,Singapore,2020-01-28,Basic,14082.62
6604,Synthetic Customer 06604,customer06604@example.invalid,India,2025-06-23,Premium,5581.45
6605,Synthetic Customer 06605,customer06605@example.invalid,USA,2021-12-01,Standard,1073.33
6606,Synthetic Customer 06606,customer06606@example.invalid,Singapore,2020-09-30,Standard,17546.53
6607,Synthetic Customer 06607,customer06607@example.invalid,Australia,2025-03-30,Premium,6943.43
6608,Synthetic Customer 06608,customer06608@example.invalid,India,2020-09-01,Premium,14515.81
6609,Synthetic Customer 06609,customer06609@example.invalid,Germany,2021-08-11,Standard,16240.31
6610,Synthetic Customer 06610,customer06610@example.invalid,India,2021-01-12,Basic,5254.19
6611,Synthetic Customer 06611,customer06611@example.invalid,Germany,2022-06-27,Basic,4909.26
6612,Synthetic Customer 06612,customer06612@example.invalid,USA,2022-08-02,Premium,17881.28
6613,Synthetic Customer 06613,customer06613@example.invalid,Germany,2025-02-11,Premium,818.39
6614,Synthetic Customer 06614,customer06614@example.invalid,India,2021-02-16,Basic,7307.00
6615,Synthetic Customer 06615,customer06615@example.invalid,Australia,2024-07-18,Standard,17285.75
6616,Synthetic Customer 06616,customer06616@example.invalid,Singapore,2021-08-05,Standard,10120.92
6617,Synthetic Customer 06617,customer06617@example.invalid,Singapore,2024-05-14,Premium,15599.20
6618,Synthetic Customer 06618,customer06618@example.invalid,Canada,2025-02-08,Premium,12092.69
6619,Synthetic Customer 06619,customer06619@example.invalid,Australia,2020-02-26,Premium,6744.19
6620,Synthetic Customer 06620,customer06620@example.invalid,Germany,2020-05-03,Standard,17032.08
6621,Synthetic Customer 06621,customer06621@example.invalid,Australia,2021-08-08,Standard,2817.73
6622,Synthetic Customer 06622,customer06622@example.invalid,India,2024-03-03,Standard,12877.24
6623,Synthetic Customer 06623,customer06623@example.invalid,USA,2023-06-23,Standard,19447.66
6624,Synthetic Customer 06624,customer06624@example.invalid,Singapore,2025-08-21,Premium,16115.37
6625,Synthetic Customer 06625,customer06625@example.invalid,UK,2021-01-10,Basic,13137.33
6626,Synthetic Customer 06626,customer06626@example.invalid,USA,2024-03-16,Standard,12772.48
6627,Synthetic Customer 06627,customer06627@example.invalid,Canada,2021-05-12,Premium,3301.80
6628,Synthetic Customer 06628,customer06628@example.invalid,Singapore,2020-09-07,Premium,17474.97
6629,Synthetic Customer 06629,customer06629@example.invalid,Canada,2023-12-12,Premium,15108.58
6630,Synthetic Customer 06630,customer06630@example.invalid,India,2022-02-16,Basic,6936.61
6631,Synthetic Customer 06631,customer06631@example.invalid,India,2023-09-20,Premium,5061.50
6632,Synthetic Customer 06632,customer06632@example.invalid,Germany,2023-06-23,Basic,16357.68
6633,Synthetic Customer 06633,customer06633@example.invalid,USA,2021-09-06,Premium,12526.20
6634,Synthetic Customer 06634,customer06634@example.invalid,USA,2022-03-20,Standard,12573.61
6635,Synthetic Customer 06635,customer06635@example.invalid,USA,2023-03-13,Premium,9887.83
6636,Synthetic Customer 06636,customer06636@example.invalid,Canada,2021-08-18,Premium,16415.39
6637,Synthetic Customer 06637,customer06637@example.invalid,Canada,2023-01-06,Basic,11961.03
6638,Synthetic Customer 06638,customer06638@example.invalid,Singapore,2021-09-15,Standard,8236.66
6639,Synthetic Customer 06639,customer06639@example.invalid,India,2024-03-09,Basic,834.80
6640,Synthetic Customer 06640,customer06640@example.invalid,India,2021-07-19,Basic,12534.48
6641,Synthetic Customer 06641,customer06641@example.invalid,Germany,2021-09-26,Basic,5840.99
6642,Synthetic Customer 06642,customer06642@example.invalid,USA,2023-06-20,Standard,7687.80
6643,Synthetic Customer 06643,customer06643@example.invalid,Singapore,2022-03-21,Premium,17765.29
6644,Synthetic Customer 06644,customer06644@example.invalid,India,2022-08-09,Standard,343.35
6645,Synthetic Customer 06645,customer06645@example.invalid,UK,2021-10-31,Premium,5850.61
6646,Synthetic Customer 06646,customer06646@example.invalid,UK,2020-03-06,Basic,4213.09
6647,Synthetic Customer 06647,customer06647@example.invalid,India,2023-09-08,Basic,16350.07
6648,Synthetic Customer 06648,customer06648@example.invalid,Singapore,2021-07-03,Standard,12534.43
6649,Synthetic Customer 06649,customer06649@example.invalid,Germany,2025-06-05,Premium,16498.46
6650,Synthetic Customer 06650,customer06650@example.invalid,Canada,2023-09-15,Standard,6200.03
6651,Synthetic Customer 06651,customer06651@example.invalid,Canada,2024-06-27,Standard,8122.49
6652,Synthetic Customer 06652,customer06652@example.invalid,UK,2023-04-07,Premium,14571.74
6653,Synthetic Customer 06653,customer06653@example.invalid,Australia,2024-11-28,Standard,12217.26
6654,Synthetic Customer 06654,customer06654@example.invalid,Canada,2025-08-26,Basic,5996.15
6655,Synthetic Customer 06655,customer06655@example.invalid,Germany,2025-10-15,Basic,3351.47
6656,Synthetic Customer 06656,customer06656@example.invalid,India,2022-11-16,Basic,9002.99
6657,Synthetic Customer 06657,customer06657@example.invalid,India,2020-08-19,Standard,2155.20
6658,Synthetic Customer 06658,customer06658@example.invalid,India,2022-10-06,Premium,15732.68
6659,Synthetic Customer 06659,customer06659@example.invalid,USA,2023-01-04,Basic,11937.01
6660,Synthetic Customer 06660,customer06660@example.invalid,USA,2022-03-12,Standard,3797.25
6661,Synthetic Customer 06661,customer06661@example.invalid,Australia,2025-08-01,Standard,14476.86
6662,Synthetic Customer 06662,customer06662@example.invalid,Canada,2024-03-26,Standard,8385.71
6663,Synthetic Customer 06663,customer06663@example.invalid,Australia,2020-10-28,Basic,2936.27
6664,Synthetic Customer 06664,customer06664@example.invalid,Germany,2024-12-31,Premium,3577.74
6665,Synthetic Customer 06665,customer06665@example.invalid,USA,2025-03-26,Basic,13938.73
6666,Synthetic Customer 06666,customer06666@example.invalid,Germany,2025-04-29,Standard,18874.98
6667,Synthetic Customer 06667,customer06667@example.invalid,India,2022-12-25,Standard,14951.21
6668,Synthetic Customer 06668,customer06668@example.invalid,Germany,2020-02-21,Premium,1128.14
6669,Synthetic Customer 06669,customer06669@example.invalid,USA,2021-07-23,Basic,2565.96
6670,Synthetic Customer 06670,customer06670@example.invalid,Singapore,2025-11-29,Basic,15012.93
6671,Synthetic Customer 06671,customer06671@example.invalid,India,2025-11-05,Basic,19742.72
6672,Synthetic Customer 06672,customer06672@example.invalid,Germany,2021-09-14,Standard,17251.31
6673,Synthetic Customer 06673,customer06673@example.invalid,Singapore,2023-02-28,Standard,3118.85
6674,Synthetic Customer 06674,customer06674@example.invalid,USA,2022-03-19,Standard,5685.09
6675,Synthetic Customer 06675,customer06675@example.invalid,USA,2024-12-23,Basic,19609.91
6676,Synthetic Customer 06676,customer06676@example.invalid,Canada,2020-11-01,Premium,11405.16
6677,Synthetic Customer 06677,customer06677@example.invalid,Australia,2020-03-30,Premium,2327.75
6678,Synthetic Customer 06678,customer06678@example.invalid,India,2024-02-10,Basic,15019.79
6679,Synthetic Customer 06679,customer06679@example.invalid,Germany,2024-12-26,Standard,2472.72
6680,Synthetic Customer 06680,customer06680@example.invalid,UK,2022-04-02,Premium,8796.72
6681,Synthetic Customer 06681,customer06681@example.invalid,Singapore,2020-05-16,Standard,8138.55
6682,Synthetic Customer 06682,customer06682@example.invalid,UK,2022-09-11,Premium,17202.04
6683,Synthetic Customer 06683,customer06683@example.invalid,Australia,2020-12-08,Basic,14440.04
6684,Synthetic Customer 06684,customer06684@example.invalid,Germany,2022-07-05,Standard,7166.64
6685,Synthetic Customer 06685,customer06685@example.invalid,Canada,2021-11-25,Basic,18805.54
6686,Synthetic Customer 06686,customer06686@example.invalid,UK,2020-05-02,Standard,13385.86
6687,Synthetic Customer 06687,customer06687@example.invalid,Singapore,2024-05-13,Standard,1147.68
6688,Synthetic Customer 06688,customer06688@example.invalid,UK,2024-05-17,Basic,8107.89
6689,Synthetic Customer 06689,customer06689@example.invalid,USA,2021-04-02,Standard,18016.17
6690,Synthetic Customer 06690,customer06690@example.invalid,India,2022-07-01,Standard,3744.67
6691,Synthetic Customer 06691,customer06691@example.invalid,Australia,2020-08-10,Premium,6094.52
6692,Synthetic Customer 06692,customer06692@example.invalid,Canada,2020-03-13,Standard,13989.36
6693,Synthetic Customer 06693,customer06693@example.invalid,UK,2022-09-17,Basic,3744.40
6694,Synthetic Customer 06694,customer06694@example.invalid,USA,2021-04-13,Standard,2308.54
6695,Synthetic Customer 06695,customer06695@example.invalid,USA,2025-11-11,Standard,12255.01
6696,Synthetic Customer 06696,customer06696@example.invalid,Singapore,2020-04-09,Basic,12290.12
6697,Synthetic Customer 06697,customer06697@example.invalid,Canada,2023-12-27,Standard,5195.75
6698,Synthetic Customer 06698,customer06698@example.invalid,Germany,2020-10-25,Standard,4600.89
6699,Synthetic Customer 06699,customer06699@example.invalid,USA,2025-02-28,Standard,15949.86
6700,Synthetic Customer 06700,customer06700@example.invalid,Canada,2023-10-01,Standard,18555.67
6701,Synthetic Customer 06701,customer06701@example.invalid,Germany,2021-12-13,Standard,10303.86
6702,Synthetic Customer 06702,customer06702@example.invalid,Canada,2025-01-10,Basic,546.44
6703,Synthetic Customer 06703,customer06703@example.invalid,Germany,2022-04-20,Standard,2302.47
6704,Synthetic Customer 06704,customer06704@example.invalid,UK,2020-11-03,Premium,19440.74
6705,Synthetic Customer 06705,customer06705@example.invalid,UK,2022-07-26,Basic,4659.83
6706,Synthetic Customer 06706,customer06706@example.invalid,Germany,2023-08-26,Standard,6397.94
6707,Synthetic Customer 06707,customer06707@example.invalid,Singapore,2024-12-19,Premium,8964.72
6708,Synthetic Customer 06708,customer06708@example.invalid,India,2021-06-20,Premium,3597.11
6709,Synthetic Customer 06709,customer06709@example.invalid,India,2023-01-17,Basic,17213.88
6710,Synthetic Customer 06710,customer06710@example.invalid,Canada,2022-02-04,Premium,14713.70
6711,Synthetic Customer 06711,customer06711@example.invalid,Germany,2021-09-08,Basic,19114.61
6712,Synthetic Customer 06712,customer06712@example.invalid,Canada,2025-05-22,Standard,3281.42
6713,Synthetic Customer 06713,customer06713@example.invalid,USA,2021-01-29,Standard,14473.56
6714,Synthetic Customer 06714,customer06714@example.invalid,Singapore,2022-12-20,Basic,10395.42
6715,Synthetic Customer 06715,customer06715@example.invalid,UK,2023-12-16,Standard,6218.60
6716,Synthetic Customer 06716,customer06716@example.invalid,USA,2020-08-16,Basic,10414.06
6717,Synthetic Customer 06717,customer06717@example.invalid,Canada,2020-06-24,Premium,2555.08
6718,Synthetic Customer 06718,customer06718@example.invalid,India,2021-12-28,Premium,14263.10
6719,Synthetic Customer 06719,customer06719@example.invalid,India,2023-05-29,Premium,10279.43
6720,Synthetic Customer 06720,,Singapore,2020-10-11,Basic,933.44
6721,Synthetic Customer 06721,customer06721@example.invalid,Singapore,2023-06-30,Premium,14656.66
6722,Synthetic Customer 06722,customer06722@example.invalid,Canada,2024-01-16,Premium,15216.22
6723,Synthetic Customer 06723,customer06723@example.invalid,Australia,2021-10-09,Premium,9047.05
6724,Synthetic Customer 06724,customer06724@example.invalid,USA,2024-03-29,Standard,408.09
6725,Synthetic Customer 06725,customer06725@example.invalid,UK,2020-11-05,Standard,3341.03
6726,Synthetic Customer 06726,customer06726@example.invalid,Germany,2025-10-12,Standard,14887.97
6727,Synthetic Customer 06727,,Singapore,2022-11-15,Basic,11781.53
6728,Synthetic Customer 06728,customer06728@example.invalid,UK,2021-11-03,Standard,7713.18
6729,Synthetic Customer 06729,customer06729@example.invalid,Germany,2021-08-24,Standard,16555.40
6730,Synthetic Customer 06730,customer06730@example.invalid,Australia,2020-12-11,Standard,9884.86
6731,Synthetic Customer 06731,customer06731@example.invalid,USA,2020-04-01,Premium,8343.19
6732,Synthetic Customer 06732,customer06732@example.invalid,India,2020-03-02,Basic,21.63
6733,Synthetic Customer 06733,customer06733@example.invalid,UK,2020-03-31,Basic,7710.81
6734,Synthetic Customer 06734,customer06734@example.invalid,India,2022-05-26,Premium,15585.75
6735,Synthetic Customer 06735,customer06735@example.invalid,India,2021-08-04,Basic,16909.96
6736,Synthetic Customer 06736,customer06736@example.invalid,USA,2024-03-27,Standard,13159.87
6737,Synthetic Customer 06737,customer06737@example.invalid,Germany,2020-03-06,Premium,13570.17
6738,Synthetic Customer 06738,customer06738@example.invalid,USA,2022-06-30,Basic,18719.67
6739,Synthetic Customer 06739,customer06739@example.invalid,UK,2021-10-28,Standard,7965.73
6740,Synthetic Customer 06740,customer06740@example.invalid,UK,2021-01-13,Standard,13410.59
6741,Synthetic Customer 06741,customer06741@example.invalid,Australia,2020-02-21,Standard,14189.59
6742,Synthetic Customer 06742,customer06742@example.invalid,Germany,2022-01-19,Standard,14698.17
6743,Synthetic Customer 06743,customer06743@example.invalid,Australia,2022-01-28,Premium,1262.60
6744,Synthetic Customer 06744,customer06744@example.invalid,Germany,2025-08-04,Standard,3293.54
6745,Synthetic Customer 06745,customer06745@example.invalid,Singapore,2025-09-08,Standard,14094.68
6746,Synthetic Customer 06746,customer06746@example.invalid,Singapore,2023-11-25,Premium,1542.94
6747,Synthetic Customer 06747,customer06747@example.invalid,India,2021-06-21,Premium,1601.52
6748,Synthetic Customer 06748,customer06748@example.invalid,USA,2023-12-08,Premium,1714.24
6749,Synthetic Customer 06749,customer06749@example.invalid,Australia,2025-01-22,Standard,6806.73
6750,Synthetic Customer 06750,customer06750@example.invalid,UK,2023-11-15,Standard,6777.01
6751,Synthetic Customer 06751,customer06751@example.invalid,USA,2020-09-25,Standard,15346.90
6752,Synthetic Customer 06752,customer06752@example.invalid,Australia,2020-10-06,Standard,18601.92
6753,Synthetic Customer 06753,customer06753@example.invalid,USA,2023-12-27,Standard,9843.78
6754,Synthetic Customer 06754,customer06754@example.invalid,Australia,2020-07-13,Basic,324.58
6755,Synthetic Customer 06755,customer06755@example.invalid,Germany,2020-12-16,Premium,8923.71
6756,Synthetic Customer 06756,customer06756@example.invalid,UK,2022-08-19,Standard,7746.46
6757,Synthetic Customer 06757,customer06757@example.invalid,Germany,2021-04-18,Basic,4672.37
6758,Synthetic Customer 06758,customer06758@example.invalid,Singapore,2022-12-27,Basic,4011.29
6759,Synthetic Customer 06759,customer06759@example.invalid,Singapore,2022-01-20,Basic,14694.77
6760,Synthetic Customer 06760,customer06760@example.invalid,UK,2022-07-03,Basic,18164.67
6761,Synthetic Customer 06761,customer06761@example.invalid,USA,2025-05-01,Basic,3036.76
6762,Synthetic Customer 06762,customer06762@example.invalid,Canada,2023-12-25,Standard,10554.58
6763,Synthetic Customer 06763,customer06763@example.invalid,Canada,2025-07-16,Basic,11311.58
6764,Synthetic Customer 06764,customer06764@example.invalid,Australia,2023-06-20,Premium,10690.08
6765,Synthetic Customer 06765,customer06765@example.invalid,Germany,2025-09-12,Standard,3193.44
6766,Synthetic Customer 06766,customer06766@example.invalid,UK,2023-03-03,Basic,18217.03
6767,Synthetic Customer 06767,customer06767@example.invalid,USA,2020-03-06,Standard,19051.84
6768,Synthetic Customer 06768,customer06768@example.invalid,Singapore,2022-11-24,Basic,1201.66
6769,Synthetic Customer 06769,customer06769@example.invalid,UK,2022-05-08,Premium,6761.84
6770,Synthetic Customer 06770,customer06770@example.invalid,Singapore,2021-04-15,Basic,4697.25
6771,Synthetic Customer 06771,customer06771@example.invalid,Germany,2021-01-29,Standard,1436.45
6772,Synthetic Customer 06772,customer06772@example.invalid,Germany,2021-09-03,Premium,1895.32
6773,Synthetic Customer 06773,customer06773@example.invalid,India,2023-10-15,Standard,2126.41
6774,Synthetic Customer 06774,customer06774@example.invalid,Germany,2024-06-06,Standard,12608.89
6775,Synthetic Customer 06775,customer06775@example.invalid,Singapore,2021-07-27,Premium,8836.63
6776,Synthetic Customer 06776,customer06776@example.invalid,Australia,2023-08-24,Standard,17960.47
6777,Synthetic Customer 06777,customer06777@example.invalid,Canada,2023-09-12,Premium,1579.37
6778,Synthetic Customer 06778,customer06778@example.invalid,Australia,2025-12-06,Standard,1464.11
6779,Synthetic Customer 06779,customer06779@example.invalid,USA,2025-10-28,Basic,18622.07
6780,Synthetic Customer 06780,customer06780@example.invalid,Singapore,2020-07-25,Basic,7066.13
6781,Synthetic Customer 06781,customer06781@example.invalid,Australia,2024-08-22,Basic,7638.48
6782,Synthetic Customer 06782,customer06782@example.invalid,Singapore,2025-12-17,Premium,2401.55
6783,Synthetic Customer 06783,customer06783@example.invalid,Australia,2025-06-09,Basic,3475.92
6784,Synthetic Customer 06784,customer06784@example.invalid,Australia,2020-07-20,Basic,11300.57
6785,Synthetic Customer 06785,customer06785@example.invalid,USA,2025-03-15,Basic,11384.42
6786,Synthetic Customer 06786,customer06786@example.invalid,Singapore,2025-10-11,Basic,7740.44
6787,Synthetic Customer 06787,customer06787@example.invalid,Canada,2025-03-31,Basic,1663.11
6788,Synthetic Customer 06788,customer06788@example.invalid,Canada,2023-05-06,Basic,17315.82
6789,Synthetic Customer 06789,customer06789@example.invalid,Australia,2025-08-03,Standard,14419.64
6790,Synthetic Customer 06790,customer06790@example.invalid,Australia,2024-03-22,Standard,2905.01
6791,Synthetic Customer 06791,customer06791@example.invalid,India,2024-06-06,Premium,16692.87
6792,Synthetic Customer 06792,customer06792@example.invalid,Canada,2024-08-10,Basic,19850.60
6793,Synthetic Customer 06793,customer06793@example.invalid,Singapore,2023-11-03,Standard,1243.59
6794,Synthetic Customer 06794,customer06794@example.invalid,Germany,2022-03-10,Basic,2380.10
6795,Synthetic Customer 06795,customer06795@example.invalid,USA,2021-06-19,Premium,17631.38
6796,Synthetic Customer 06796,customer06796@example.invalid,Germany,2023-07-30,Premium,2119.10
6797,Synthetic Customer 06797,customer06797@example.invalid,India,2023-12-14,Standard,728.06
6798,Synthetic Customer 06798,customer06798@example.invalid,USA,2024-05-07,Standard,2038.57
6799,Synthetic Customer 06799,customer06799@example.invalid,India,2021-08-31,Premium,11962.45
6800,Synthetic Customer 06800,customer06800@example.invalid,Singapore,2020-01-22,Standard,13987.23
6801,Synthetic Customer 06801,customer06801@example.invalid,USA,2025-04-30,Premium,15860.90
6802,Synthetic Customer 06802,customer06802@example.invalid,India,2023-02-24,Premium,17397.74
6803,Synthetic Customer 06803,customer06803@example.invalid,Australia,2024-05-13,Basic,13165.35
6804,Synthetic Customer 06804,customer06804@example.invalid,Canada,2024-06-19,Premium,13310.76
6805,Synthetic Customer 06805,customer06805@example.invalid,Canada,2024-11-11,Premium,10788.67
6806,Synthetic Customer 06806,customer06806@example.invalid,Singapore,2020-11-04,Standard,14685.28
6807,Synthetic Customer 06807,customer06807@example.invalid,Germany,2022-11-14,Premium,4280.57
6808,Synthetic Customer 06808,customer06808@example.invalid,India,2022-04-11,Standard,19782.44
6809,Synthetic Customer 06809,customer06809@example.invalid,Canada,2022-11-29,Basic,141.22
6810,Synthetic Customer 06810,customer06810@example.invalid,Singapore,2025-07-28,Standard,16113.09
6811,Synthetic Customer 06811,customer06811@example.invalid,Singapore,2022-06-03,Standard,18842.40
6812,Synthetic Customer 06812,customer06812@example.invalid,USA,2025-06-24,Premium,15993.38
6813,Synthetic Customer 06813,customer06813@example.invalid,Germany,2022-03-05,Premium,7146.92
6814,Synthetic Customer 06814,customer06814@example.invalid,India,2024-01-09,Standard,10734.08
6815,Synthetic Customer 06815,customer06815@example.invalid,India,2020-08-14,Standard,1489.64
6816,Synthetic Customer 06816,customer06816@example.invalid,UK,2022-10-05,Basic,5523.03
6817,Synthetic Customer 06817,customer06817@example.invalid,Canada,2021-09-08,Standard,5287.76
6818,Synthetic Customer 06818,customer06818@example.invalid,India,2022-09-20,Standard,4645.78
6819,Synthetic Customer 06819,customer06819@example.invalid,Australia,2023-03-08,Standard,12340.40
6820,Synthetic Customer 06820,customer06820@example.invalid,Singapore,2021-10-30,Standard,9397.22
6821,Synthetic Customer 06821,customer06821@example.invalid,Singapore,2020-11-27,Basic,6448.02
6822,Synthetic Customer 06822,customer06822@example.invalid,Germany,2021-05-29,Premium,90.53
6823,Synthetic Customer 06823,customer06823@example.invalid,Canada,2024-08-21,Basic,13653.26
6824,Synthetic Customer 06824,customer06824@example.invalid,Canada,2023-09-03,Basic,13225.38
6825,Synthetic Customer 06825,customer06825@example.invalid,UK,2021-11-27,Premium,15466.83
6826,Synthetic Customer 06826,customer06826@example.invalid,Singapore,2023-01-30,Premium,19333.36
6827,Synthetic Customer 06827,customer06827@example.invalid,Germany,2025-04-03,Basic,9001.37
6828,Synthetic Customer 06828,customer06828@example.invalid,Germany,2022-02-20,Standard,15545.06
6829,Synthetic Customer 06829,customer06829@example.invalid,USA,2022-01-30,Standard,17971.40
6830,Synthetic Customer 06830,customer06830@example.invalid,UK,2023-04-04,Standard,17150.51
6831,Synthetic Customer 06831,customer06831@example.invalid,Germany,2022-07-11,Basic,763.20
6832,Synthetic Customer 06832,customer06832@example.invalid,India,2020-11-04,Standard,10980.59
6833,Synthetic Customer 06833,customer06833@example.invalid,India,2023-06-06,Premium,10898.33
6834,Synthetic Customer 06834,customer06834@example.invalid,India,2022-11-20,Premium,1539.17
6835,Synthetic Customer 06835,customer06835@example.invalid,Canada,2024-08-05,Basic,14732.21
6836,Synthetic Customer 06836,customer06836@example.invalid,Australia,2022-03-20,Basic,1171.06
6837,Synthetic Customer 06837,customer06837@example.invalid,Germany,2025-03-30,Basic,13720.26
6838,Synthetic Customer 06838,customer06838@example.invalid,Germany,2020-06-05,Basic,17553.38
6839,Synthetic Customer 06839,customer06839@example.invalid,Australia,2023-11-12,Basic,10481.92
6840,Synthetic Customer 06840,customer06840@example.invalid,Germany,2024-07-01,Standard,7327.96
6841,Synthetic Customer 06841,customer06841@example.invalid,Canada,2022-01-04,Standard,3945.90
6842,Synthetic Customer 06842,customer06842@example.invalid,Canada,2023-01-24,Basic,13698.18
6843,Synthetic Customer 06843,customer06843@example.invalid,USA,2020-01-08,Standard,19399.24
6844,Synthetic Customer 06844,customer06844@example.invalid,Canada,2020-02-28,Premium,17903.53
6845,Synthetic Customer 06845,customer06845@example.invalid,Canada,2024-06-28,Standard,14454.34
6846,Synthetic Customer 06846,customer06846@example.invalid,Canada,2024-02-10,Standard,10573.80
6847,Synthetic Customer 06847,customer06847@example.invalid,Singapore,2024-12-11,Premium,7883.80
6848,Synthetic Customer 06848,customer06848@example.invalid,Australia,2023-07-24,Standard,16369.23
6849,Synthetic Customer 06849,customer06849@example.invalid,Singapore,2023-05-11,Basic,6832.65
6850,Synthetic Customer 06850,customer06850@example.invalid,Singapore,2021-10-27,Standard,13575.82
6851,Synthetic Customer 06851,customer06851@example.invalid,India,2023-01-27,Basic,1435.63
6852,Synthetic Customer 06852,customer06852@example.invalid,UK,2023-08-26,Standard,669.15
6853,Synthetic Customer 06853,customer06853@example.invalid,UK,2021-02-22,Standard,3209.13
6854,Synthetic Customer 06854,customer06854@example.invalid,Canada,2022-10-16,Standard,6071.46
6855,Synthetic Customer 06855,customer06855@example.invalid,Singapore,2023-07-16,Standard,19764.74
6856,Synthetic Customer 06856,customer06856@example.invalid,India,2025-11-20,Standard,15519.18
6857,Synthetic Customer 06857,customer06857@example.invalid,India,2021-09-04,Standard,2668.34
6858,Synthetic Customer 06858,customer06858@example.invalid,Australia,2020-12-15,Premium,11574.39
6859,Synthetic Customer 06859,customer06859@example.invalid,Australia,2021-08-19,Premium,5475.69
6860,Synthetic Customer 06860,customer06860@example.invalid,Germany,2023-09-21,Basic,14095.65
6861,Synthetic Customer 06861,customer06861@example.invalid,Canada,2020-12-28,Premium,2913.90
6862,Synthetic Customer 06862,customer06862@example.invalid,Australia,2022-05-28,Standard,274.87
6863,Synthetic Customer 06863,customer06863@example.invalid,Canada,2025-06-15,Standard,616.53
6864,Synthetic Customer 06864,customer06864@example.invalid,Canada,2022-01-12,Standard,13666.40
6865,Synthetic Customer 06865,customer06865@example.invalid,Singapore,2023-11-23,Basic,951.28
6866,Synthetic Customer 06866,customer06866@example.invalid,India,2023-12-06,Premium,9733.90
6867,Synthetic Customer 06867,customer06867@example.invalid,India,2021-09-13,Basic,5726.51
6868,Synthetic Customer 06868,customer06868@example.invalid,India,2022-04-11,Standard,166.24
6869,Synthetic Customer 06869,customer06869@example.invalid,Germany,2020-10-24,Basic,6297.24
6870,Synthetic Customer 06870,customer06870@example.invalid,Germany,2024-12-28,Premium,6056.39
6871,Synthetic Customer 06871,customer06871@example.invalid,Germany,2022-02-18,Premium,4976.44
6872,Synthetic Customer 06872,customer06872@example.invalid,UK,2020-05-07,Standard,14014.04
6873,Synthetic Customer 06873,customer06873@example.invalid,Canada,2021-02-19,Basic,3952.71
6874,Synthetic Customer 06874,customer06874@example.invalid,UK,2023-04-25,Basic,7332.50
6875,Synthetic Customer 06875,customer06875@example.invalid,Australia,2024-12-05,Standard,7565.56
6876,Synthetic Customer 06876,customer06876@example.invalid,UK,2025-10-10,Premium,12111.00
6877,Synthetic Customer 06877,customer06877@example.invalid,Australia,2022-03-08,Premium,13438.76
6878,Synthetic Customer 06878,customer06878@example.invalid,Canada,2023-07-22,Standard,17662.99
6879,Synthetic Customer 06879,customer06879@example.invalid,USA,2021-08-19,Premium,17281.03
6880,Synthetic Customer 06880,customer06880@example.invalid,Singapore,2020-06-11,Basic,5101.84
6881,Synthetic Customer 06881,customer06881@example.invalid,USA,2022-01-28,Premium,19499.52
6882,Synthetic Customer 06882,customer06882@example.invalid,Germany,2022-05-17,Standard,8589.09
6883,Synthetic Customer 06883,customer06883@example.invalid,India,2022-02-15,Standard,19818.11
6884,Synthetic Customer 06884,customer06884@example.invalid,Singapore,2022-01-10,Premium,14647.13
6885,Synthetic Customer 06885,customer06885@example.invalid,Singapore,2021-11-08,Premium,11838.83
6886,Synthetic Customer 06886,customer06886@example.invalid,India,2021-05-15,Basic,16811.75
6887,Synthetic Customer 06887,customer06887@example.invalid,Singapore,2025-09-07,Basic,15363.49
6888,Synthetic Customer 06888,customer06888@example.invalid,Australia,2022-06-03,Standard,14839.23
6889,Synthetic Customer 06889,customer06889@example.invalid,Canada,2023-02-12,Basic,19823.35
6890,Synthetic Customer 06890,customer06890@example.invalid,USA,2024-09-19,Standard,13692.57
6891,Synthetic Customer 06891,customer06891@example.invalid,Canada,2021-07-18,Basic,9355.80
6892,Synthetic Customer 06892,customer06892@example.invalid,Germany,2025-01-19,Premium,16822.89
6893,Synthetic Customer 06893,customer06893@example.invalid,Singapore,2023-08-24,Standard,5355.41
6894,Synthetic Customer 06894,customer06894@example.invalid,Australia,2024-06-03,Premium,4105.46
6895,Synthetic Customer 06895,customer06895@example.invalid,UK,2021-07-01,Premium,19703.99
6896,Synthetic Customer 06896,customer06896@example.invalid,Canada,2024-05-12,Basic,11968.29
6897,Synthetic Customer 06897,customer06897@example.invalid,Germany,2025-09-08,Standard,11773.14
6898,Synthetic Customer 06898,customer06898@example.invalid,Singapore,2021-12-08,Premium,6996.36
6899,Synthetic Customer 06899,customer06899@example.invalid,Singapore,2025-02-18,Premium,9078.79
6900,Synthetic Customer 06900,customer06900@example.invalid,India,2023-04-04,Premium,3490.29
6901,Synthetic Customer 06901,customer06901@example.invalid,Australia,2024-10-19,Premium,786.36
6902,Synthetic Customer 06902,customer06902@example.invalid,USA,2021-05-11,Premium,11856.94
6903,Synthetic Customer 06903,customer06903@example.invalid,Germany,2022-04-04,Standard,11168.79
6904,Synthetic Customer 06904,customer06904@example.invalid,UK,2023-01-10,Standard,6099.77
6905,Synthetic Customer 06905,customer06905@example.invalid,India,2020-09-21,Premium,13101.29
6906,Synthetic Customer 06906,customer06906@example.invalid,Singapore,2025-04-06,Premium,9978.44
6907,Synthetic Customer 06907,customer06907@example.invalid,UK,2024-12-28,Basic,9414.28
6908,Synthetic Customer 06908,customer06908@example.invalid,Singapore,2021-03-14,Standard,3388.74
6909,Synthetic Customer 06909,customer06909@example.invalid,Canada,2020-06-30,Basic,5992.05
6910,Synthetic Customer 06910,customer06910@example.invalid,Germany,2022-01-22,Basic,15488.62
6911,Synthetic Customer 06911,customer06911@example.invalid,USA,2021-08-13,Standard,10430.92
6912,Synthetic Customer 06912,customer06912@example.invalid,Germany,2022-12-22,Basic,5927.43
6913,Synthetic Customer 06913,customer06913@example.invalid,Germany,2022-05-02,Premium,8025.97
6914,Synthetic Customer 06914,customer06914@example.invalid,UK,2024-03-08,Basic,4428.11
6915,Synthetic Customer 06915,customer06915@example.invalid,Singapore,2023-04-14,Premium,1249.69
6916,Synthetic Customer 06916,customer06916@example.invalid,UK,2021-11-10,Basic,12950.98
6917,Synthetic Customer 06917,customer06917@example.invalid,Australia,2025-04-19,Basic,979.53
6918,Synthetic Customer 06918,customer06918@example.invalid,USA,2021-05-08,Premium,15511.56
6919,Synthetic Customer 06919,customer06919@example.invalid,India,2024-07-19,Premium,4138.18
6920,Synthetic Customer 06920,customer06920@example.invalid,Singapore,2025-08-10,Premium,10050.15
6921,Synthetic Customer 06921,customer06921@example.invalid,UK,2023-03-13,Basic,18828.01
6922,Synthetic Customer 06922,customer06922@example.invalid,UK,2021-08-17,Premium,6910.12
6923,Synthetic Customer 06923,customer06923@example.invalid,Australia,2022-06-08,Basic,18161.94
6924,Synthetic Customer 06924,customer06924@example.invalid,UK,2025-05-14,Standard,249.05
6925,Synthetic Customer 06925,customer06925@example.invalid,Canada,2021-09-15,Standard,9173.10
6926,Synthetic Customer 06926,customer06926@example.invalid,Germany,2020-02-24,Basic,15279.39
6927,Synthetic Customer 06927,customer06927@example.invalid,Australia,2021-10-20,Standard,9856.23
6928,Synthetic Customer 06928,customer06928@example.invalid,Singapore,2020-03-09,Premium,8470.33
6929,Synthetic Customer 06929,customer06929@example.invalid,Canada,2024-06-12,Standard,339.54
6930,Synthetic Customer 06930,customer06930@example.invalid,India,2021-06-30,Basic,2364.95
6931,Synthetic Customer 06931,customer06931@example.invalid,Germany,2022-06-17,Basic,15777.95
6932,Synthetic Customer 06932,customer06932@example.invalid,Singapore,2022-09-07,Standard,4153.15
6933,Synthetic Customer 06933,customer06933@example.invalid,Australia,2025-03-27,Standard,10166.80
6934,Synthetic Customer 06934,customer06934@example.invalid,Singapore,2025-11-16,Basic,1347.00
6935,Synthetic Customer 06935,customer06935@example.invalid,India,2020-12-31,Standard,19740.21
6936,Synthetic Customer 06936,customer06936@example.invalid,Germany,2022-08-09,Standard,2732.37
6937,Synthetic Customer 06937,customer06937@example.invalid,USA,2024-09-13,Basic,19080.71
6938,Synthetic Customer 06938,customer06938@example.invalid,USA,2020-08-21,Premium,10980.01
6939,Synthetic Customer 06939,customer06939@example.invalid,Canada,2022-08-29,Basic,3230.34
6940,Synthetic Customer 06940,customer06940@example.invalid,Singapore,2021-08-02,Basic,13009.89
6941,Synthetic Customer 06941,customer06941@example.invalid,India,2021-04-25,Premium,8046.49
6942,Synthetic Customer 06942,customer06942@example.invalid,Australia,2022-12-13,Basic,12268.30
6943,Synthetic Customer 06943,customer06943@example.invalid,Germany,2020-05-07,Basic,15420.54
6944,Synthetic Customer 06944,customer06944@example.invalid,USA,2025-10-23,Basic,875.14
6945,Synthetic Customer 06945,customer06945@example.invalid,Germany,2020-10-25,Basic,8117.13
6946,Synthetic Customer 06946,customer06946@example.invalid,Germany,2022-07-24,Premium,19468.55
6947,Synthetic Customer 06947,customer06947@example.invalid,India,2025-05-17,Premium,19885.73
6948,Synthetic Customer 06948,customer06948@example.invalid,UK,2023-08-22,Basic,2258.89
6949,Synthetic Customer 06949,customer06949@example.invalid,Singapore,2022-09-16,Standard,9818.01
6950,Synthetic Customer 06950,customer06950@example.invalid,Australia,2020-10-03,Premium,4620.52
6951,Synthetic Customer 06951,customer06951@example.invalid,UK,2025-03-10,Standard,16152.99
6952,Synthetic Customer 06952,customer06952@example.invalid,Australia,2024-08-28,Basic,2191.80
6953,Synthetic Customer 06953,customer06953@example.invalid,Australia,2020-03-22,Basic,6619.66
6954,Synthetic Customer 06954,customer06954@example.invalid,India,2022-06-03,Premium,5596.03
6955,Synthetic Customer 06955,customer06955@example.invalid,USA,2024-12-14,Basic,10492.99
6956,Synthetic Customer 06956,customer06956@example.invalid,India,2024-09-24,Basic,18709.74
6957,Synthetic Customer 06957,customer06957@example.invalid,Canada,2022-08-08,Basic,9986.44
6958,Synthetic Customer 06958,customer06958@example.invalid,UK,2023-08-06,Basic,3314.26
6959,Synthetic Customer 06959,customer06959@example.invalid,Canada,2024-04-11,Standard,14455.13
6960,Synthetic Customer 06960,customer06960@example.invalid,India,2024-01-10,Premium,6779.86
6961,Synthetic Customer 06961,customer06961@example.invalid,UK,2022-01-04,Basic,3639.37
6962,Synthetic Customer 06962,customer06962@example.invalid,UK,2023-06-27,Premium,18433.82
6963,Synthetic Customer 06963,customer06963@example.invalid,Canada,2024-05-25,Premium,10678.06
6964,Synthetic Customer 06964,customer06964@example.invalid,Australia,2020-07-07,Premium,10072.10
6965,Synthetic Customer 06965,customer06965@example.invalid,Australia,2022-10-02,Basic,10878.66
6966,Synthetic Customer 06966,customer06966@example.invalid,USA,2020-02-11,Standard,5565.12
6967,Synthetic Customer 06967,customer06967@example.invalid,Germany,2021-12-30,Premium,10605.04
6968,Synthetic Customer 06968,customer06968@example.invalid,Canada,2025-06-13,Standard,6250.95
6969,Synthetic Customer 06969,customer06969@example.invalid,USA,2025-04-08,Basic,17200.19
6970,Synthetic Customer 06970,customer06970@example.invalid,Germany,2020-10-03,Standard,12367.29
6971,Synthetic Customer 06971,customer06971@example.invalid,India,2023-04-26,Standard,5467.61
6972,Synthetic Customer 06972,customer06972@example.invalid,UK,invalid-date,Standard,4051.63
6973,Synthetic Customer 06973,customer06973@example.invalid,Germany,2022-03-19,Premium,7059.48
6974,Synthetic Customer 06974,customer06974@example.invalid,Germany,2020-01-26,Standard,15870.12
6975,Synthetic Customer 06975,customer06975@example.invalid,Canada,2021-08-30,Premium,5308.79
6976,Synthetic Customer 06976,customer06976@example.invalid,Australia,2021-05-12,Premium,5412.43
6977,Synthetic Customer 06977,customer06977@example.invalid,Australia,2023-10-19,Basic,16262.35
6978,Synthetic Customer 06978,customer06978@example.invalid,Germany,2025-09-15,Premium,17676.82
6979,Synthetic Customer 06979,customer06979@example.invalid,UK,2025-09-30,Standard,2485.14
6980,Synthetic Customer 06980,customer06980@example.invalid,USA,2021-09-22,Standard,1177.20
6981,Synthetic Customer 06981,customer06981@example.invalid,Germany,2021-02-01,Premium,19387.64
6982,Synthetic Customer 06982,customer06982@example.invalid,UK,2021-01-15,Premium,10602.68
6983,Synthetic Customer 06983,customer06983@example.invalid,Germany,2025-08-12,Basic,8236.05
6984,Synthetic Customer 06984,customer06984@example.invalid,Germany,2024-12-13,Premium,13769.93
6985,Synthetic Customer 06985,customer06985@example.invalid,USA,2020-07-13,Premium,9443.65
6986,Synthetic Customer 06986,customer06986@example.invalid,USA,2022-11-08,Premium,19922.41
6987,Synthetic Customer 06987,customer06987@example.invalid,Germany,2024-05-16,Premium,506.75
6988,Synthetic Customer 06988,customer06988@example.invalid,India,2024-01-09,Standard,14304.71
6989,Synthetic Customer 06989,customer06989@example.invalid,Canada,2023-03-07,Basic,4781.07
6990,Synthetic Customer 06990,customer06990@example.invalid,Germany,2023-07-26,Basic,14400.91
6991,Synthetic Customer 06991,customer06991@example.invalid,India,2022-11-25,Premium,9783.47
6992,Synthetic Customer 06992,customer06992@example.invalid,Germany,2023-05-06,Premium,19020.50
6993,Synthetic Customer 06993,customer06993@example.invalid,Canada,2025-12-13,Premium,141.63
6994,Synthetic Customer 06994,customer06994@example.invalid,Australia,2022-10-21,Premium,17480.10
6995,Synthetic Customer 06995,customer06995@example.invalid,India,2021-05-10,Standard,16578.50
6996,Synthetic Customer 06996,customer06996@example.invalid,Australia,2021-04-27,Premium,6290.77
6997,Synthetic Customer 06997,customer06997@example.invalid,Germany,2024-10-23,Basic,115.39
6998,Synthetic Customer 06998,customer06998@example.invalid,USA,2022-01-07,Basic,14849.85
6999,Synthetic Customer 06999,customer06999@example.invalid,Australia,2024-04-21,Basic,11910.27
7000,Synthetic Customer 07000,customer07000@example.invalid,India,2025-11-20,Standard,4905.33
7001,Synthetic Customer 07001,customer07001@example.invalid,Canada,2024-09-09,Premium,15207.01
7002,Synthetic Customer 07002,customer07002@example.invalid,Germany,2022-01-23,Basic,10471.15
7003,Synthetic Customer 07003,customer07003@example.invalid,Germany,2023-04-14,Premium,3978.10
7004,Synthetic Customer 07004,customer07004@example.invalid,Australia,2025-10-17,Basic,13927.43
7005,Synthetic Customer 07005,customer07005@example.invalid,USA,2022-08-31,Premium,946.24
7006,Synthetic Customer 07006,customer07006@example.invalid,Germany,2022-12-18,Premium,712.06
7007,Synthetic Customer 07007,customer07007@example.invalid,Australia,2021-02-26,Standard,6366.32
7008,Synthetic Customer 07008,customer07008@example.invalid,Singapore,2024-04-12,Standard,15013.22
7009,Synthetic Customer 07009,customer07009@example.invalid,Germany,2025-10-17,Premium,6387.05
7010,Synthetic Customer 07010,customer07010@example.invalid,India,2025-04-06,Premium,17220.60
7011,Synthetic Customer 07011,customer07011@example.invalid,UK,2022-11-09,Premium,17968.65
7012,Synthetic Customer 07012,customer07012@example.invalid,Canada,2021-04-15,Basic,11095.28
7013,Synthetic Customer 07013,customer07013@example.invalid,Germany,2022-03-05,Standard,13008.62
7014,Synthetic Customer 07014,customer07014@example.invalid,Australia,2023-09-18,Premium,14717.59
7015,Synthetic Customer 07015,customer07015@example.invalid,Canada,2022-06-02,Premium,10537.05
7016,Synthetic Customer 07016,customer07016@example.invalid,USA,2023-12-18,Basic,14492.07
7017,Synthetic Customer 07017,customer07017@example.invalid,Canada,2024-01-04,Standard,19674.30
7018,Synthetic Customer 07018,customer07018@example.invalid,USA,2020-07-02,Basic,18983.49
7019,Synthetic Customer 07019,customer07019@example.invalid,UK,2025-03-16,Premium,7811.59
7020,Synthetic Customer 07020,customer07020@example.invalid,Singapore,2025-12-31,Basic,9652.98
7021,Synthetic Customer 07021,customer07021@example.invalid,Australia,2025-04-06,Premium,290.64
7022,Synthetic Customer 07022,customer07022@example.invalid,Germany,2023-04-22,Premium,13459.06
7023,Synthetic Customer 07023,customer07023@example.invalid,Canada,2021-04-19,Premium,10468.91
7024,Synthetic Customer 07024,customer07024@example.invalid,UK,2023-11-22,Standard,15998.28
7025,Synthetic Customer 07025,customer07025@example.invalid,Australia,2025-12-29,Basic,16559.99
7026,Synthetic Customer 07026,customer07026@example.invalid,Australia,2020-09-27,Premium,12997.34
7027,Synthetic Customer 07027,customer07027@example.invalid,India,2022-03-04,Basic,1474.43
7028,Synthetic Customer 07028,customer07028@example.invalid,India,2024-04-16,Premium,12147.93
7029,Synthetic Customer 07029,customer07029@example.invalid,USA,2024-09-18,Basic,4496.97
7030,Synthetic Customer 07030,customer07030@example.invalid,India,2025-10-31,Standard,15832.46
7031,Synthetic Customer 07031,customer07031@example.invalid,UK,2021-03-12,Standard,9725.20
7032,Synthetic Customer 07032,customer07032@example.invalid,Germany,2022-07-07,Premium,10013.24
7033,Synthetic Customer 07033,customer07033@example.invalid,Germany,2022-11-06,Standard,17212.90
7034,Synthetic Customer 07034,customer07034@example.invalid,Australia,2024-11-21,Standard,10448.66
7035,Synthetic Customer 07035,customer07035@example.invalid,Germany,2023-06-04,Basic,8612.74
7036,Synthetic Customer 07036,customer07036@example.invalid,Australia,2023-07-01,Premium,19865.60
7037,Synthetic Customer 07037,customer07037@example.invalid,UK,2020-12-28,Standard,6377.55
7038,Synthetic Customer 07038,customer07038@example.invalid,USA,2021-05-30,Premium,767.83
7039,Synthetic Customer 07039,customer07039@example.invalid,USA,2025-08-18,Standard,18944.74
7040,Synthetic Customer 07040,customer07040@example.invalid,UK,2022-07-15,Standard,17778.69
7041,Synthetic Customer 07041,customer07041@example.invalid,Singapore,2022-08-29,Premium,17119.31
7042,Synthetic Customer 07042,customer07042@example.invalid,UK,2021-12-19,Basic,1856.76
7043,Synthetic Customer 07043,customer07043@example.invalid,USA,2025-06-29,Basic,19765.75
7044,Synthetic Customer 07044,customer07044@example.invalid,Singapore,2021-10-10,Basic,19898.02
7045,Synthetic Customer 07045,customer07045@example.invalid,India,2020-12-16,Premium,8009.20
7046,Synthetic Customer 07046,customer07046@example.invalid,India,2021-10-03,Basic,2080.32
7047,Synthetic Customer 07047,customer07047@example.invalid,Singapore,2024-07-10,Basic,17384.62
7048,Synthetic Customer 07048,customer07048@example.invalid,Germany,2023-09-07,Standard,16584.80
7049,Synthetic Customer 07049,customer07049@example.invalid,Germany,2020-10-07,Standard,16224.07
7050,Synthetic Customer 07050,customer07050@example.invalid,India,2025-10-21,Basic,5782.69
7051,Synthetic Customer 07051,customer07051@example.invalid,Singapore,2020-05-06,Premium,3746.11
7052,Synthetic Customer 07052,customer07052@example.invalid,Canada,2022-09-24,Standard,9429.63
7053,Synthetic Customer 07053,customer07053@example.invalid,India,2024-08-19,Basic,1695.77
7054,Synthetic Customer 07054,customer07054@example.invalid,Australia,2022-07-27,Premium,17437.38
7055,Synthetic Customer 07055,customer07055@example.invalid,UK,2024-07-17,Basic,6847.74
7056,Synthetic Customer 07056,customer07056@example.invalid,UK,2023-01-20,Standard,4733.27
7057,Synthetic Customer 07057,customer07057@example.invalid,India,2022-07-16,Premium,14616.28
7058,Synthetic Customer 07058,customer07058@example.invalid,USA,2022-04-25,Premium,14307.02
7059,Synthetic Customer 07059,customer07059@example.invalid,Australia,2023-02-17,Basic,1377.44
7060,Synthetic Customer 07060,customer07060@example.invalid,USA,2023-04-03,Basic,17320.18
7061,Synthetic Customer 07061,customer07061@example.invalid,UK,2024-03-06,Basic,17824.99
7062,Synthetic Customer 07062,customer07062@example.invalid,India,2022-08-27,Premium,3058.02
7063,Synthetic Customer 07063,customer07063@example.invalid,India,2022-10-08,Basic,15347.45
7064,Synthetic Customer 07064,customer07064@example.invalid,Germany,2021-08-24,Basic,5975.22
7065,Synthetic Customer 07065,customer07065@example.invalid,UK,2024-12-08,Standard,4135.83
7066,Synthetic Customer 07066,customer07066@example.invalid,India,2022-01-13,Basic,5801.72
7067,Synthetic Customer 07067,customer07067@example.invalid,Germany,2020-12-28,Premium,17555.71
7068,Synthetic Customer 07068,customer07068@example.invalid,Australia,2022-11-15,Basic,11866.78
7069,Synthetic Customer 07069,customer07069@example.invalid,Australia,2021-09-13,Standard,422.04
7070,Synthetic Customer 07070,customer07070@example.invalid,USA,2020-05-07,Standard,2646.18
7071,Synthetic Customer 07071,customer07071@example.invalid,India,2022-10-05,Standard,9439.49
7072,Synthetic Customer 07072,customer07072@example.invalid,Canada,2022-07-08,Basic,3377.72
7073,Synthetic Customer 07073,customer07073@example.invalid,Australia,2025-02-11,Standard,761.25
7074,Synthetic Customer 07074,customer07074@example.invalid,India,2023-02-08,Standard,7253.23
7075,Synthetic Customer 07075,customer07075@example.invalid,Germany,2021-03-11,Basic,6791.10
7076,Synthetic Customer 07076,customer07076@example.invalid,USA,2020-02-24,Premium,5132.41
7077,Synthetic Customer 07077,customer07077@example.invalid,Australia,2021-07-21,Premium,-100.00
7078,Synthetic Customer 07078,customer07078@example.invalid,India,2022-08-28,Standard,5102.76
7079,Synthetic Customer 07079,customer07079@example.invalid,Canada,2022-04-10,Premium,14531.52
7080,Synthetic Customer 07080,customer07080@example.invalid,Germany,2025-09-04,Basic,2231.88
7081,Synthetic Customer 07081,customer07081@example.invalid,UK,2022-05-20,Basic,529.76
7082,Synthetic Customer 07082,customer07082@example.invalid,India,2022-01-09,Basic,14723.70
7083,Synthetic Customer 07083,customer07083@example.invalid,UK,2022-06-16,Basic,1361.85
7084,Synthetic Customer 07084,customer07084@example.invalid,Australia,2021-11-11,Premium,12443.23
7085,Synthetic Customer 07085,customer07085@example.invalid,Canada,2023-11-10,Standard,2081.03
7086,Synthetic Customer 07086,customer07086@example.invalid,Canada,2023-05-26,Premium,12084.38
7087,Synthetic Customer 07087,customer07087@example.invalid,Canada,2023-09-12,Premium,5014.34
7088,Synthetic Customer 07088,customer07088@example.invalid,Canada,2024-04-02,Standard,5264.33
7089,Synthetic Customer 07089,customer07089@example.invalid,UK,2020-02-09,Basic,4386.75
7090,Synthetic Customer 07090,customer07090@example.invalid,Australia,2022-10-06,Standard,1274.71
7091,Synthetic Customer 07091,customer07091@example.invalid,Germany,2020-01-10,Premium,5223.52
7092,Synthetic Customer 07092,customer07092@example.invalid,USA,2025-11-21,Premium,8786.76
7093,Synthetic Customer 07093,customer07093@example.invalid,India,2023-06-11,Premium,3193.12
7094,Synthetic Customer 07094,customer07094@example.invalid,Germany,2022-09-26,Standard,3277.53
7095,Synthetic Customer 07095,customer07095@example.invalid,USA,2021-06-13,Standard,328.57
7096,Synthetic Customer 07096,customer07096@example.invalid,UK,2020-01-20,Standard,12095.42
7097,Synthetic Customer 07097,customer07097@example.invalid,UK,2024-06-28,Standard,13352.55
7098,Synthetic Customer 07098,customer07098@example.invalid,Singapore,2020-10-21,Premium,15702.32
7099,Synthetic Customer 07099,customer07099@example.invalid,India,2020-05-15,Standard,3207.20
7100,Synthetic Customer 07100,customer07100@example.invalid,USA,2020-03-28,Standard,13935.19
7101,Synthetic Customer 07101,customer07101@example.invalid,Canada,2024-11-28,Basic,18403.86
7102,Synthetic Customer 07102,customer07102@example.invalid,Germany,2022-03-30,Standard,16453.04
7103,Synthetic Customer 07103,customer07103@example.invalid,India,2024-07-19,Standard,15629.36
7104,Synthetic Customer 07104,customer07104@example.invalid,Australia,2021-08-08,Standard,8671.53
7105,Synthetic Customer 07105,customer07105@example.invalid,Australia,2021-06-29,Standard,4596.60
7106,Synthetic Customer 07106,customer07106@example.invalid,Canada,2022-05-01,Standard,3527.84
7107,Synthetic Customer 07107,customer07107@example.invalid,Germany,2025-07-10,Basic,10992.60
7108,Synthetic Customer 07108,customer07108@example.invalid,USA,2022-08-07,Premium,2515.21
7109,Synthetic Customer 07109,customer07109@example.invalid,Singapore,2023-09-30,Basic,544.30
7110,Synthetic Customer 07110,customer07110@example.invalid,Singapore,2020-02-21,Basic,2332.00
7111,Synthetic Customer 07111,customer07111@example.invalid,Canada,2025-07-01,Basic,13972.01
7112,Synthetic Customer 07112,customer07112@example.invalid,Singapore,2023-11-21,Basic,15605.62
7113,Synthetic Customer 07113,customer07113@example.invalid,Canada,2020-03-07,Premium,1688.43
7114,Synthetic Customer 07114,customer07114@example.invalid,Germany,2025-08-23,Standard,5208.11
7115,Synthetic Customer 07115,customer07115@example.invalid,Canada,2021-01-12,Standard,6707.11
7116,Synthetic Customer 07116,customer07116@example.invalid,USA,2021-10-14,Basic,1324.72
7117,Synthetic Customer 07117,customer07117@example.invalid,Canada,2021-11-06,Premium,16285.94
7118,Synthetic Customer 07118,customer07118@example.invalid,India,2023-10-20,Basic,8584.09
7119,Synthetic Customer 07119,customer07119@example.invalid,Australia,2025-11-02,Basic,3141.05
7120,Synthetic Customer 07120,customer07120@example.invalid,Australia,2023-08-05,Basic,5961.76
7121,Synthetic Customer 07121,customer07121@example.invalid,USA,2020-10-25,Premium,11989.15
7122,Synthetic Customer 07122,customer07122@example.invalid,Australia,2024-03-04,Standard,14887.85
7123,Synthetic Customer 07123,customer07123@example.invalid,UK,2024-12-03,Standard,3976.14
7124,Synthetic Customer 07124,customer07124@example.invalid,UK,2023-05-29,Standard,15466.66
7125,Synthetic Customer 07125,customer07125@example.invalid,UK,2020-10-16,Basic,12610.91
7126,Synthetic Customer 07126,customer07126@example.invalid,Canada,2024-05-19,Basic,7598.23
7127,Synthetic Customer 07127,customer07127@example.invalid,Germany,2024-03-07,Basic,14013.34
7128,Synthetic Customer 07128,customer07128@example.invalid,Australia,2021-06-25,Premium,2892.27
7129,Synthetic Customer 07129,customer07129@example.invalid,Canada,2024-09-04,Basic,10826.90
7130,Synthetic Customer 07130,customer07130@example.invalid,UK,2023-08-10,Standard,13948.03
7131,Synthetic Customer 07131,customer07131@example.invalid,Canada,2025-03-28,Standard,15638.88
7132,Synthetic Customer 07132,,Singapore,2025-09-26,Basic,4678.36
7133,Synthetic Customer 07133,customer07133@example.invalid,Canada,2025-10-20,Premium,13772.39
7134,Synthetic Customer 07134,customer07134@example.invalid,Canada,2022-12-06,Basic,11316.76
7135,Synthetic Customer 07135,customer07135@example.invalid,UK,2022-03-05,Basic,1978.76
7136,Synthetic Customer 07136,customer07136@example.invalid,Australia,2021-10-14,Basic,15761.49
7137,Synthetic Customer 07137,customer07137@example.invalid,India,2023-02-17,Standard,invalid-decimal
7138,Synthetic Customer 07138,customer07138@example.invalid,Singapore,2022-10-16,Basic,11000.83
7139,Synthetic Customer 07139,customer07139@example.invalid,Australia,2022-08-29,Premium,7875.20
7140,Synthetic Customer 07140,customer07140@example.invalid,UK,2023-09-22,Standard,10567.38
7141,Synthetic Customer 07141,customer07141@example.invalid,Singapore,2022-06-08,Premium,4059.27
7142,Synthetic Customer 07142,customer07142@example.invalid,UK,2025-11-20,Standard,823.32
7143,Synthetic Customer 07143,customer07143@example.invalid,Germany,2025-11-07,Basic,11122.68
7144,Synthetic Customer 07144,customer07144@example.invalid,Germany,2024-09-29,Basic,11129.76
7145,Synthetic Customer 07145,customer07145@example.invalid,Canada,2021-03-14,Standard,15803.91
7146,Synthetic Customer 07146,customer07146@example.invalid,Singapore,2025-12-27,Standard,9799.65
7147,Synthetic Customer 07147,customer07147@example.invalid,UK,2021-10-26,Standard,13150.17
7148,Synthetic Customer 07148,customer07148@example.invalid,Canada,2020-04-12,Standard,7346.18
7149,Synthetic Customer 07149,customer07149@example.invalid,Singapore,2024-09-25,Basic,13467.50
7150,Synthetic Customer 07150,customer07150@example.invalid,Canada,2022-04-18,Basic,5755.26
7151,Synthetic Customer 07151,customer07151@example.invalid,UK,2021-12-27,Basic,7920.12
7152,Synthetic Customer 07152,customer07152@example.invalid,Singapore,2023-10-14,Basic,10160.44
7153,Synthetic Customer 07153,customer07153@example.invalid,Canada,2022-07-08,Standard,4443.87
7154,Synthetic Customer 07154,,Germany,2025-02-12,Premium,4858.79
7155,Synthetic Customer 07155,customer07155@example.invalid,Australia,2025-10-13,Standard,7100.62
7156,Synthetic Customer 07156,customer07156@example.invalid,India,2021-09-05,Premium,7964.05
7157,Synthetic Customer 07157,customer07157@example.invalid,USA,2022-05-21,Basic,2064.76
7158,Synthetic Customer 07158,customer07158@example.invalid,Singapore,2024-04-26,Premium,3262.52
7159,Synthetic Customer 07159,customer07159@example.invalid,Singapore,2022-07-22,Standard,16640.50
7160,Synthetic Customer 07160,customer07160@example.invalid,Germany,2022-03-29,Standard,15780.36
7161,Synthetic Customer 07161,customer07161@example.invalid,USA,2023-02-19,Premium,16944.31
7162,Synthetic Customer 07162,customer07162@example.invalid,UK,2021-07-16,Premium,16611.62
7163,Synthetic Customer 07163,customer07163@example.invalid,UK,2025-01-26,Standard,5049.31
7164,Synthetic Customer 07164,customer07164@example.invalid,Australia,2023-09-26,Basic,390.51
7165,Synthetic Customer 07165,customer07165@example.invalid,Australia,2020-02-26,Premium,235.02
7166,Synthetic Customer 07166,customer07166@example.invalid,Germany,2024-02-18,Basic,2969.46
7167,Synthetic Customer 07167,customer07167@example.invalid,India,2025-08-22,Standard,10019.51
7168,Synthetic Customer 07168,customer07168@example.invalid,Germany,2020-03-27,Standard,9778.83
7169,Synthetic Customer 07169,customer07169@example.invalid,Canada,2024-10-26,Premium,900.52
7170,Synthetic Customer 07170,customer07170@example.invalid,USA,2022-02-26,Premium,19988.79
7171,Synthetic Customer 07171,customer07171@example.invalid,Germany,2023-09-05,Premium,15490.82
7172,Synthetic Customer 07172,customer07172@example.invalid,Canada,2020-08-25,Premium,4470.68
7173,Synthetic Customer 07173,customer07173@example.invalid,UK,2022-06-06,Standard,12186.01
7174,Synthetic Customer 07174,customer07174@example.invalid,Singapore,2022-04-07,Premium,14538.57
7175,Synthetic Customer 07175,customer07175@example.invalid,USA,2020-10-20,Standard,1702.65
7176,Synthetic Customer 07176,customer07176@example.invalid,Canada,2025-07-20,Premium,17942.19
7177,Synthetic Customer 07177,customer07177@example.invalid,India,2020-11-05,Standard,5591.71
7178,Synthetic Customer 07178,customer07178@example.invalid,Canada,2021-03-21,Standard,5007.46
7179,Synthetic Customer 07179,customer07179@example.invalid,Singapore,2024-05-23,Standard,1812.06
7180,Synthetic Customer 07180,customer07180@example.invalid,USA,2021-09-11,Premium,2017.05
7181,Synthetic Customer 07181,customer07181@example.invalid,Germany,2020-08-25,Standard,7686.22
7182,Synthetic Customer 07182,customer07182@example.invalid,India,2020-01-13,Standard,3871.53
7183,Synthetic Customer 07183,customer07183@example.invalid,India,2024-11-23,Premium,7477.20
7184,Synthetic Customer 07184,customer07184@example.invalid,India,2024-03-30,Premium,2184.03
7185,Synthetic Customer 07185,customer07185@example.invalid,India,2022-07-12,Basic,3179.86
7186,Synthetic Customer 07186,customer07186@example.invalid,Canada,2023-11-28,Basic,12952.95
7187,Synthetic Customer 07187,customer07187@example.invalid,Singapore,2023-06-18,Standard,2057.97
7188,Synthetic Customer 07188,customer07188@example.invalid,Singapore,2021-06-13,Basic,18697.72
7189,Synthetic Customer 07189,customer07189@example.invalid,Singapore,2023-05-12,Basic,12613.29
7190,Synthetic Customer 07190,customer07190@example.invalid,Australia,2021-08-12,Premium,17646.97
7191,Synthetic Customer 07191,customer07191@example.invalid,UK,2025-11-07,Standard,16005.29
7192,Synthetic Customer 07192,customer07192@example.invalid,UK,2020-12-17,Standard,2417.06
7193,Synthetic Customer 07193,customer07193@example.invalid,USA,2025-06-28,Standard,1394.24
7194,Synthetic Customer 07194,customer07194@example.invalid,USA,2023-12-14,Basic,19040.36
7195,Synthetic Customer 07195,customer07195@example.invalid,Australia,2024-08-04,Basic,14676.78
7196,Synthetic Customer 07196,customer07196@example.invalid,Canada,2022-11-15,Standard,6210.57
7197,Synthetic Customer 07197,customer07197@example.invalid,UK,2022-02-05,Premium,18532.19
7198,Synthetic Customer 07198,customer07198@example.invalid,Australia,2021-05-03,Standard,17838.67
7199,Synthetic Customer 07199,customer07199@example.invalid,USA,2020-01-25,Basic,10178.66
7200,Synthetic Customer 07200,customer07200@example.invalid,India,2021-11-27,Basic,18444.85
7201,Synthetic Customer 07201,customer07201@example.invalid,Germany,2024-03-22,Standard,1047.62
7202,Synthetic Customer 07202,customer07202@example.invalid,India,2023-04-26,Basic,18787.11
7203,Synthetic Customer 07203,customer07203@example.invalid,Germany,2024-01-21,Premium,10843.75
7204,Synthetic Customer 07204,customer07204@example.invalid,Germany,2022-11-28,Premium,11677.88
7205,Synthetic Customer 07205,customer07205@example.invalid,Germany,2025-04-24,Standard,16567.98
7206,Synthetic Customer 07206,customer07206@example.invalid,India,2025-02-28,Standard,897.94
7207,Synthetic Customer 07207,customer07207@example.invalid,USA,2023-03-18,Premium,10778.88
7208,Synthetic Customer 07208,customer07208@example.invalid,UK,2021-07-16,Standard,9559.34
7209,Synthetic Customer 07209,customer07209@example.invalid,UK,2024-07-15,Basic,3890.41
7210,Synthetic Customer 07210,customer07210@example.invalid,India,2023-08-28,Premium,17015.31
7211,Synthetic Customer 07211,customer07211@example.invalid,India,2023-05-18,Standard,8374.17
7212,Synthetic Customer 07212,customer07212@example.invalid,Australia,2023-10-13,Premium,19160.78
7213,Synthetic Customer 07213,customer07213@example.invalid,India,2025-05-31,Premium,9821.69
7214,Synthetic Customer 07214,customer07214@example.invalid,Germany,2022-06-01,Basic,492.49
7215,Synthetic Customer 07215,customer07215@example.invalid,UK,2022-01-31,Basic,7453.65
7216,Synthetic Customer 07216,customer07216@example.invalid,Canada,2022-04-13,Standard,11357.68
7217,Synthetic Customer 07217,customer07217@example.invalid,Australia,2020-11-26,Basic,13274.64
7218,Synthetic Customer 07218,customer07218@example.invalid,USA,2022-02-07,Premium,17640.47
7219,Synthetic Customer 07219,customer07219@example.invalid,India,2025-05-02,Premium,12379.36
7220,Synthetic Customer 07220,customer07220@example.invalid,Germany,2022-06-05,Premium,2353.03
7221,Synthetic Customer 07221,customer07221@example.invalid,Canada,2024-01-19,Premium,10452.37
7222,Synthetic Customer 07222,customer07222@example.invalid,Singapore,2025-10-13,Standard,487.91
7223,Synthetic Customer 07223,customer07223@example.invalid,UK,2024-04-16,Standard,6882.07
7224,Synthetic Customer 07224,customer07224@example.invalid,USA,2021-07-29,Standard,18384.23
7225,Synthetic Customer 07225,customer07225@example.invalid,Canada,2023-12-05,Basic,19218.14
7226,Synthetic Customer 07226,customer07226@example.invalid,India,2023-01-23,Premium,6755.03
7227,Synthetic Customer 07227,customer07227@example.invalid,India,2020-11-22,Premium,13404.70
7228,Synthetic Customer 07228,customer07228@example.invalid,UK,2022-10-31,Standard,15356.24
7229,Synthetic Customer 07229,customer07229@example.invalid,Canada,2025-03-21,Standard,2575.24
7230,Synthetic Customer 07230,customer07230@example.invalid,India,2023-09-02,Standard,10818.75
7231,Synthetic Customer 07231,customer07231@example.invalid,India,2025-04-17,Standard,14309.00
7232,Synthetic Customer 07232,customer07232@example.invalid,UK,2025-08-20,Standard,1956.78
7233,Synthetic Customer 07233,customer07233@example.invalid,Singapore,2023-09-15,Basic,2344.55
7234,Synthetic Customer 07234,customer07234@example.invalid,USA,2025-08-12,Premium,4511.96
7235,Synthetic Customer 07235,customer07235@example.invalid,Australia,2025-08-31,Basic,19018.35
7236,Synthetic Customer 07236,customer07236@example.invalid,Australia,2025-05-28,Basic,13500.80
7237,Synthetic Customer 07237,customer07237@example.invalid,India,2024-10-21,Premium,10350.99
7238,Synthetic Customer 07238,customer07238@example.invalid,UK,2022-09-10,Basic,14248.88
7239,Synthetic Customer 07239,customer07239@example.invalid,USA,2021-01-13,Premium,12574.83
7240,Synthetic Customer 07240,customer07240@example.invalid,USA,2025-03-24,Premium,12199.73
7241,Synthetic Customer 07241,,Canada,2020-04-09,Basic,1475.84
7242,Synthetic Customer 07242,customer07242@example.invalid,USA,2020-11-17,Premium,2150.69
7243,Synthetic Customer 07243,customer07243@example.invalid,Canada,2020-02-12,Standard,3992.25
7244,Synthetic Customer 07244,customer07244@example.invalid,UK,2023-01-05,Standard,5831.30
7245,Synthetic Customer 07245,customer07245@example.invalid,Singapore,2022-11-23,Premium,3310.85
7246,Synthetic Customer 07246,customer07246@example.invalid,Canada,2024-03-25,Standard,16984.10
7247,Synthetic Customer 07247,,UK,2023-01-12,Standard,13165.63
7248,Synthetic Customer 07248,customer07248@example.invalid,USA,2020-08-01,Standard,13139.01
7249,Synthetic Customer 07249,customer07249@example.invalid,USA,2022-08-08,Basic,11341.20
7250,Synthetic Customer 07250,customer07250@example.invalid,USA,2025-02-08,Basic,288.47
7251,Synthetic Customer 07251,customer07251@example.invalid,Australia,2020-09-08,Basic,12022.02
7252,Synthetic Customer 07252,customer07252@example.invalid,Australia,2023-12-30,Basic,16648.33
7253,Synthetic Customer 07253,customer07253@example.invalid,Canada,2020-05-27,Premium,2455.03
7254,Synthetic Customer 07254,customer07254@example.invalid,Germany,2020-06-14,Standard,13717.25
7255,Synthetic Customer 07255,customer07255@example.invalid,Germany,2020-03-03,Basic,966.23
7256,Synthetic Customer 07256,customer07256@example.invalid,Canada,2024-03-11,Standard,17646.35
7257,Synthetic Customer 07257,customer07257@example.invalid,UK,2021-08-02,Premium,821.94
7258,Synthetic Customer 07258,customer07258@example.invalid,Canada,2023-05-14,Premium,3448.24
7259,Synthetic Customer 07259,customer07259@example.invalid,Canada,2021-06-28,Standard,2577.19
7260,Synthetic Customer 07260,customer07260@example.invalid,UK,2024-07-09,Basic,9777.01
7261,Synthetic Customer 07261,customer07261@example.invalid,India,2025-06-23,Basic,5835.23
7262,Synthetic Customer 07262,customer07262@example.invalid,Canada,2020-08-15,Basic,6487.62
7263,Synthetic Customer 07263,customer07263@example.invalid,UK,2024-09-20,Standard,16914.63
7264,Synthetic Customer 07264,customer07264@example.invalid,Canada,2021-05-15,Standard,10034.78
7265,Synthetic Customer 07265,customer07265@example.invalid,Germany,2023-08-15,Premium,1860.08
7266,Synthetic Customer 07266,customer07266@example.invalid,UK,2023-01-09,Premium,10018.17
7267,Synthetic Customer 07267,customer07267@example.invalid,India,2022-05-13,Premium,15298.53
7268,Synthetic Customer 07268,customer07268@example.invalid,India,2020-01-08,Premium,11086.30
7269,Synthetic Customer 07269,customer07269@example.invalid,Germany,2021-02-26,Basic,14734.74
7270,Synthetic Customer 07270,customer07270@example.invalid,USA,2023-10-25,Standard,7329.82
7271,Synthetic Customer 07271,customer07271@example.invalid,UK,2022-05-11,Standard,7849.73
7272,Synthetic Customer 07272,customer07272@example.invalid,Canada,2025-10-11,Standard,8066.38
7273,Synthetic Customer 07273,customer07273@example.invalid,Canada,2024-12-28,Standard,600.82
7274,Synthetic Customer 07274,customer07274@example.invalid,India,2022-06-17,Standard,3275.32
7275,Synthetic Customer 07275,customer07275@example.invalid,Germany,2024-05-31,Standard,5543.65
7276,Synthetic Customer 07276,customer07276@example.invalid,Australia,2023-12-09,Premium,11634.75
7277,Synthetic Customer 07277,customer07277@example.invalid,UK,2022-06-15,Standard,12730.72
7278,Synthetic Customer 07278,customer07278@example.invalid,Germany,2020-11-13,Premium,15551.64
7279,Synthetic Customer 07279,customer07279@example.invalid,Singapore,2024-06-12,Standard,6343.53
7280,Synthetic Customer 07280,customer07280@example.invalid,Singapore,2024-10-05,Standard,18974.42
7281,Synthetic Customer 07281,customer07281@example.invalid,Australia,2022-05-16,Basic,2367.15
7282,Synthetic Customer 07282,customer07282@example.invalid,Canada,2021-02-12,Standard,1139.63
7283,Synthetic Customer 07283,customer07283@example.invalid,Australia,2022-07-16,Basic,12801.34
7284,Synthetic Customer 07284,customer07284@example.invalid,Canada,2022-02-19,Standard,19811.25
7285,Synthetic Customer 07285,customer07285@example.invalid,Canada,2021-10-30,Standard,6934.37
7286,Synthetic Customer 07286,customer07286@example.invalid,Australia,2024-05-27,Premium,16836.46
7287,Synthetic Customer 07287,customer07287@example.invalid,Canada,2022-02-10,Standard,10143.24
7288,Synthetic Customer 07288,customer07288@example.invalid,USA,2024-10-06,Basic,8874.40
7289,Synthetic Customer 07289,customer07289@example.invalid,USA,2025-03-16,Premium,6027.17
7290,Synthetic Customer 07290,customer07290@example.invalid,Australia,2023-10-30,Premium,3731.53
7291,Synthetic Customer 07291,customer07291@example.invalid,India,2020-06-29,Basic,3685.66
7292,Synthetic Customer 07292,customer07292@example.invalid,USA,2024-11-09,Premium,17726.04
7293,Synthetic Customer 07293,customer07293@example.invalid,India,2023-06-19,Premium,8180.12
7294,Synthetic Customer 07294,customer07294@example.invalid,Canada,2022-02-16,Basic,17907.91
7295,Synthetic Customer 07295,customer07295@example.invalid,Singapore,2020-04-18,Premium,5155.32
7296,Synthetic Customer 07296,customer07296@example.invalid,Canada,2020-08-31,Basic,5204.43
7297,Synthetic Customer 07297,customer07297@example.invalid,UK,2023-09-10,Premium,9095.23
7298,Synthetic Customer 07298,customer07298@example.invalid,Canada,2020-11-25,Standard,1037.92
7299,Synthetic Customer 07299,customer07299@example.invalid,Australia,2023-06-29,Premium,8638.22
7300,Synthetic Customer 07300,customer07300@example.invalid,Canada,2022-08-02,Premium,1144.67
7301,Synthetic Customer 07301,customer07301@example.invalid,UK,2021-06-19,Premium,4803.33
7302,Synthetic Customer 07302,customer07302@example.invalid,Canada,2021-11-27,Premium,19842.80
7303,Synthetic Customer 07303,customer07303@example.invalid,Singapore,2020-03-31,Standard,3015.00
7304,Synthetic Customer 07304,customer07304@example.invalid,Australia,2021-12-23,Premium,8070.33
7305,Synthetic Customer 07305,customer07305@example.invalid,India,2024-11-27,Basic,4389.14
7306,Synthetic Customer 07306,customer07306@example.invalid,Canada,2020-01-17,Standard,7916.57
7307,Synthetic Customer 07307,customer07307@example.invalid,USA,2025-07-29,Basic,10224.35
7308,Synthetic Customer 07308,customer07308@example.invalid,Singapore,2025-05-02,Standard,14101.44
7309,Synthetic Customer 07309,customer07309@example.invalid,India,2020-02-18,Standard,13309.76
7310,Synthetic Customer 07310,customer07310@example.invalid,Australia,2025-11-13,Standard,11882.07
7311,Synthetic Customer 07311,customer07311@example.invalid,India,2024-03-28,Standard,15140.64
7312,Synthetic Customer 07312,customer07312@example.invalid,India,2022-09-20,Premium,13388.97
7313,Synthetic Customer 07313,customer07313@example.invalid,India,2021-11-29,Premium,15534.23
7314,Synthetic Customer 07314,customer07314@example.invalid,India,2021-02-20,Basic,16048.95
7315,Synthetic Customer 07315,customer07315@example.invalid,Germany,2025-05-19,Standard,5001.29
7316,Synthetic Customer 07316,customer07316@example.invalid,India,2022-07-26,Standard,2008.89
7317,Synthetic Customer 07317,customer07317@example.invalid,Singapore,2020-06-09,Premium,12990.62
7318,Synthetic Customer 07318,customer07318@example.invalid,Canada,2023-10-12,Standard,3292.18
7319,Synthetic Customer 07319,customer07319@example.invalid,Singapore,2024-06-26,Basic,14709.31
7320,Synthetic Customer 07320,customer07320@example.invalid,USA,2025-06-01,Premium,3307.89
7321,Synthetic Customer 07321,customer07321@example.invalid,Singapore,2020-01-22,Basic,19242.80
7322,Synthetic Customer 07322,customer07322@example.invalid,UK,2025-05-25,Standard,115.45
7323,Synthetic Customer 07323,customer07323@example.invalid,Singapore,2022-10-25,Standard,2612.42
7324,Synthetic Customer 07324,customer07324@example.invalid,Australia,2022-01-26,Basic,15024.39
7325,Synthetic Customer 07325,customer07325@example.invalid,Australia,2020-05-04,Standard,8507.31
7326,Synthetic Customer 07326,customer07326@example.invalid,Canada,2022-09-04,Premium,1083.54
7327,Synthetic Customer 07327,customer07327@example.invalid,USA,2020-10-17,Premium,11469.45
7328,Synthetic Customer 07328,customer07328@example.invalid,Singapore,2022-07-02,Basic,8268.40
7329,Synthetic Customer 07329,customer07329@example.invalid,UK,2023-12-13,Standard,9272.00
7330,Synthetic Customer 07330,customer07330@example.invalid,Singapore,2023-08-06,Basic,11918.60
7331,Synthetic Customer 07331,customer07331@example.invalid,Canada,2024-04-08,Premium,6378.08
7332,Synthetic Customer 07332,customer07332@example.invalid,Australia,2024-11-23,Premium,15142.98
7333,Synthetic Customer 07333,customer07333@example.invalid,Germany,2022-04-20,Standard,11865.24
7334,Synthetic Customer 07334,customer07334@example.invalid,UK,2023-06-05,Standard,12546.21
7335,Synthetic Customer 07335,customer07335@example.invalid,UK,2021-04-27,Standard,6563.26
7336,Synthetic Customer 07336,customer07336@example.invalid,Canada,2025-05-03,Basic,14388.07
7337,Synthetic Customer 07337,customer07337@example.invalid,UK,2024-10-18,Basic,3376.22
7338,Synthetic Customer 07338,customer07338@example.invalid,India,2020-09-12,Standard,14708.50
7339,Synthetic Customer 07339,customer07339@example.invalid,Australia,2022-11-06,Standard,9467.54
7340,Synthetic Customer 07340,customer07340@example.invalid,Australia,2023-01-24,Basic,4482.51
7341,Synthetic Customer 07341,customer07341@example.invalid,Germany,2020-01-23,Standard,3959.59
7342,Synthetic Customer 07342,customer07342@example.invalid,Germany,2024-08-02,Basic,145.99
7343,Synthetic Customer 07343,customer07343@example.invalid,USA,2025-05-22,Premium,12996.26
7344,Synthetic Customer 07344,customer07344@example.invalid,India,2024-02-24,Basic,16377.58
7345,Synthetic Customer 07345,customer07345@example.invalid,Australia,2023-11-16,Basic,2424.76
7346,Synthetic Customer 07346,customer07346@example.invalid,UK,2020-03-25,Premium,5900.88
7347,Synthetic Customer 07347,customer07347@example.invalid,UK,2020-07-27,Basic,13799.90
7348,Synthetic Customer 07348,customer07348@example.invalid,UK,2021-05-16,Basic,11164.49
7349,Synthetic Customer 07349,customer07349@example.invalid,Canada,2023-05-11,Standard,81.42
7350,Synthetic Customer 07350,customer07350@example.invalid,USA,2025-07-03,Premium,19881.15
7351,Synthetic Customer 07351,customer07351@example.invalid,Singapore,2025-09-28,Premium,18890.14
7352,Synthetic Customer 07352,customer07352@example.invalid,USA,2023-10-07,Standard,11459.32
7353,Synthetic Customer 07353,customer07353@example.invalid,Singapore,2025-04-25,Standard,716.64
7354,Synthetic Customer 07354,customer07354@example.invalid,Germany,2024-05-12,Standard,5162.66
7355,Synthetic Customer 07355,customer07355@example.invalid,Germany,2025-01-27,Premium,7126.81
7356,Synthetic Customer 07356,customer07356@example.invalid,Singapore,2022-05-31,Standard,7833.94
7357,Synthetic Customer 07357,customer07357@example.invalid,India,2020-09-29,Basic,9474.02
7358,Synthetic Customer 07358,customer07358@example.invalid,UK,2022-03-10,Basic,2144.52
7359,Synthetic Customer 07359,customer07359@example.invalid,Germany,2021-08-21,Premium,11283.92
7360,Synthetic Customer 07360,customer07360@example.invalid,Germany,2024-04-05,Standard,15269.30
7361,Synthetic Customer 07361,customer07361@example.invalid,India,2024-02-08,Premium,9441.62
7362,Synthetic Customer 07362,customer07362@example.invalid,UK,2025-07-26,Basic,2899.41
7363,Synthetic Customer 07363,customer07363@example.invalid,Singapore,2021-03-26,Premium,12081.23
7364,Synthetic Customer 07364,customer07364@example.invalid,Germany,2024-12-04,Basic,10900.69
7365,Synthetic Customer 07365,customer07365@example.invalid,Canada,2024-07-12,Basic,12576.10
7366,Synthetic Customer 07366,customer07366@example.invalid,Canada,2021-02-17,Premium,8446.79
7367,Synthetic Customer 07367,customer07367@example.invalid,USA,2024-04-16,Basic,1491.54
7368,Synthetic Customer 07368,customer07368@example.invalid,Germany,2024-05-20,Standard,4827.28
7369,Synthetic Customer 07369,customer07369@example.invalid,Canada,2023-05-14,Standard,10978.40
7370,Synthetic Customer 07370,customer07370@example.invalid,USA,2024-06-08,Standard,12663.20
7371,Synthetic Customer 07371,customer07371@example.invalid,UK,2020-01-31,Premium,7349.40
7372,Synthetic Customer 07372,customer07372@example.invalid,Singapore,2020-10-15,Premium,19986.54
7373,Synthetic Customer 07373,customer07373@example.invalid,India,2021-01-05,Standard,5986.77
7374,Synthetic Customer 07374,customer07374@example.invalid,Singapore,2020-11-29,Standard,11643.63
7375,Synthetic Customer 07375,customer07375@example.invalid,Canada,2022-09-10,Basic,17815.33
7376,Synthetic Customer 07376,customer07376@example.invalid,Germany,2023-10-03,Premium,6884.18
7377,Synthetic Customer 07377,customer07377@example.invalid,Australia,2024-08-15,Standard,7273.41
7378,Synthetic Customer 07378,customer07378@example.invalid,Canada,2022-05-08,Standard,2044.94
7379,Synthetic Customer 07379,customer07379@example.invalid,Australia,2020-08-10,Premium,1403.28
7380,Synthetic Customer 07380,customer07380@example.invalid,Singapore,2021-09-19,Premium,3708.84
7381,Synthetic Customer 07381,customer07381@example.invalid,Singapore,2022-09-27,Premium,5831.36
7382,Synthetic Customer 07382,customer07382@example.invalid,Singapore,2021-06-17,Premium,9696.11
7383,Synthetic Customer 07383,customer07383@example.invalid,Germany,2021-03-07,Basic,5043.92
7384,Synthetic Customer 07384,customer07384@example.invalid,USA,2023-10-27,Standard,11168.50
7385,Synthetic Customer 07385,customer07385@example.invalid,Singapore,2023-09-09,Premium,15045.44
7386,Synthetic Customer 07386,customer07386@example.invalid,Germany,2020-11-16,Basic,6252.19
7387,Synthetic Customer 07387,customer07387@example.invalid,Canada,2022-06-08,Basic,8149.54
7388,Synthetic Customer 07388,customer07388@example.invalid,Australia,2022-02-25,Standard,4212.14
7389,Synthetic Customer 07389,customer07389@example.invalid,UK,2025-12-24,Premium,8826.12
7390,Synthetic Customer 07390,customer07390@example.invalid,India,2021-05-15,Basic,6711.71
7391,Synthetic Customer 07391,customer07391@example.invalid,USA,2021-10-17,Standard,16161.96
7392,Synthetic Customer 07392,customer07392@example.invalid,Germany,2024-05-03,Basic,132.87
7393,Synthetic Customer 07393,customer07393@example.invalid,India,2023-01-23,Premium,15451.62
7394,Synthetic Customer 07394,customer07394@example.invalid,USA,2025-03-07,Standard,17094.03
7395,Synthetic Customer 07395,customer07395@example.invalid,Germany,2021-09-30,Basic,12447.27
7396,Synthetic Customer 07396,customer07396@example.invalid,Singapore,2025-09-16,Premium,16409.73
7397,Synthetic Customer 07397,customer07397@example.invalid,Germany,2021-12-05,Standard,1402.93
7398,Synthetic Customer 07398,customer07398@example.invalid,Australia,2021-01-19,Basic,3130.16
7399,Synthetic Customer 07399,customer07399@example.invalid,Germany,2022-08-31,Basic,15645.55
7400,Synthetic Customer 07400,customer07400@example.invalid,USA,2021-09-08,Standard,6112.07
7401,Synthetic Customer 07401,customer07401@example.invalid,Canada,2024-06-02,Premium,12820.29
7402,Synthetic Customer 07402,customer07402@example.invalid,Australia,2020-01-17,Premium,18014.67
7403,Synthetic Customer 07403,customer07403@example.invalid,UK,2020-06-30,Standard,3102.81
7404,Synthetic Customer 07404,customer07404@example.invalid,UK,2021-02-10,Premium,8152.39
7405,Synthetic Customer 07405,customer07405@example.invalid,Canada,2021-04-15,Standard,15233.22
7406,Synthetic Customer 07406,customer07406@example.invalid,USA,2024-02-29,Basic,3245.88
7407,Synthetic Customer 07407,customer07407@example.invalid,Australia,2021-01-26,Premium,13499.96
7408,Synthetic Customer 07408,customer07408@example.invalid,India,2024-05-14,Basic,10159.18
7409,Synthetic Customer 07409,customer07409@example.invalid,Singapore,2020-06-01,Standard,5561.30
7410,Synthetic Customer 07410,customer07410@example.invalid,Australia,2023-02-07,Standard,1658.21
7411,Synthetic Customer 07411,customer07411@example.invalid,Canada,2023-12-17,Basic,8176.71
7412,Synthetic Customer 07412,customer07412@example.invalid,Germany,2020-01-20,Standard,5036.16
7413,Synthetic Customer 07413,customer07413@example.invalid,USA,2024-10-24,Basic,7138.46
7414,Synthetic Customer 07414,customer07414@example.invalid,Germany,2022-05-09,Standard,15352.69
7415,Synthetic Customer 07415,customer07415@example.invalid,Germany,2021-09-29,Basic,17914.32
7416,Synthetic Customer 07416,customer07416@example.invalid,India,2025-01-15,Premium,9741.11
7417,Synthetic Customer 07417,customer07417@example.invalid,India,2021-05-07,Standard,4598.74
7418,Synthetic Customer 07418,customer07418@example.invalid,Germany,2024-07-22,Standard,11763.25
7419,Synthetic Customer 07419,customer07419@example.invalid,Germany,2024-10-12,Basic,8249.85
7420,Synthetic Customer 07420,customer07420@example.invalid,India,2023-11-26,Basic,17702.45
7421,Synthetic Customer 07421,customer07421@example.invalid,USA,2024-06-19,Basic,11383.87
7422,Synthetic Customer 07422,customer07422@example.invalid,Germany,2020-07-04,Premium,10560.57
7423,Synthetic Customer 07423,customer07423@example.invalid,Canada,2022-05-23,Premium,11395.17
7424,Synthetic Customer 07424,customer07424@example.invalid,Germany,2023-06-10,Basic,2459.79
7425,Synthetic Customer 07425,customer07425@example.invalid,Germany,2021-05-04,Standard,10625.65
7426,Synthetic Customer 07426,customer07426@example.invalid,USA,2022-05-20,Basic,3095.66
7427,Synthetic Customer 07427,customer07427@example.invalid,UK,2024-06-22,Premium,9391.80
7428,Synthetic Customer 07428,customer07428@example.invalid,Singapore,2025-06-22,Standard,16720.97
7429,Synthetic Customer 07429,customer07429@example.invalid,Germany,2022-10-29,Premium,8604.99
7430,Synthetic Customer 07430,customer07430@example.invalid,Australia,2024-12-15,Standard,6885.27
7431,Synthetic Customer 07431,customer07431@example.invalid,UK,2022-05-29,Premium,18253.01
7432,Synthetic Customer 07432,customer07432@example.invalid,Singapore,2021-07-17,Basic,5593.32
7433,Synthetic Customer 07433,customer07433@example.invalid,Singapore,2025-07-06,Standard,5602.34
7434,Synthetic Customer 07434,customer07434@example.invalid,UK,2023-07-16,Standard,9328.93
7435,Synthetic Customer 07435,customer07435@example.invalid,Australia,2023-06-21,Premium,11516.24
7436,Synthetic Customer 07436,customer07436@example.invalid,Canada,2020-07-18,Premium,18928.28
7437,Synthetic Customer 07437,customer07437@example.invalid,Singapore,2025-02-16,Standard,1748.01
7438,Synthetic Customer 07438,customer07438@example.invalid,Australia,2024-12-20,Basic,14892.27
7439,Synthetic Customer 07439,customer07439@example.invalid,Singapore,2025-04-07,Basic,9197.31
7440,Synthetic Customer 07440,customer07440@example.invalid,Singapore,2023-04-28,Premium,17342.10
7441,Synthetic Customer 07441,customer07441@example.invalid,USA,2021-06-28,Standard,15990.27
7442,Synthetic Customer 07442,customer07442@example.invalid,Germany,2020-12-21,Premium,13685.04
7443,Synthetic Customer 07443,customer07443@example.invalid,Singapore,2020-08-08,Premium,8922.90
7444,Synthetic Customer 07444,customer07444@example.invalid,USA,2022-03-16,Standard,997.13
7445,Synthetic Customer 07445,customer07445@example.invalid,USA,2024-08-12,Premium,3281.73
7446,Synthetic Customer 07446,customer07446@example.invalid,Germany,2020-03-23,Basic,14902.64
7447,Synthetic Customer 07447,customer07447@example.invalid,Germany,2024-06-18,Basic,15979.00
7448,Synthetic Customer 07448,customer07448@example.invalid,India,2021-10-06,Premium,5797.10
7449,Synthetic Customer 07449,customer07449@example.invalid,India,2020-02-06,Basic,17848.85
7450,Synthetic Customer 07450,customer07450@example.invalid,Germany,2022-09-17,Standard,13823.62
7451,Synthetic Customer 07451,customer07451@example.invalid,UK,2022-01-14,Premium,7224.86
7452,Synthetic Customer 07452,customer07452@example.invalid,India,2023-09-05,Standard,16107.77
7453,Synthetic Customer 07453,customer07453@example.invalid,UK,2020-10-31,Premium,13038.90
7454,Synthetic Customer 07454,customer07454@example.invalid,Singapore,2021-05-03,Standard,19906.61
7455,Synthetic Customer 07455,customer07455@example.invalid,Germany,2021-07-22,Premium,17735.17
7456,Synthetic Customer 07456,customer07456@example.invalid,Singapore,2024-03-25,Premium,13150.13
7457,Synthetic Customer 07457,customer07457@example.invalid,Singapore,2022-11-20,Basic,11311.35
7458,Synthetic Customer 07458,customer07458@example.invalid,USA,2021-11-12,Premium,19088.71
7459,Synthetic Customer 07459,customer07459@example.invalid,USA,2022-08-01,Premium,18701.90
7460,Synthetic Customer 07460,customer07460@example.invalid,USA,2022-04-27,Premium,12780.65
7461,Synthetic Customer 07461,,Singapore,2021-01-13,Premium,2812.27
7462,Synthetic Customer 07462,customer07462@example.invalid,Canada,2024-11-02,Premium,6267.74
7463,Synthetic Customer 07463,customer07463@example.invalid,UK,2020-05-16,Basic,11845.99
7464,Synthetic Customer 07464,customer07464@example.invalid,Australia,2025-01-01,Premium,4357.81
7465,Synthetic Customer 07465,customer07465@example.invalid,USA,2020-11-08,Standard,9960.73
7466,Synthetic Customer 07466,customer07466@example.invalid,USA,2022-08-06,Premium,8207.99
7467,Synthetic Customer 07467,customer07467@example.invalid,India,2025-11-15,Standard,19067.68
7468,Synthetic Customer 07468,customer07468@example.invalid,UK,2021-06-05,Basic,2627.10
7469,Synthetic Customer 07469,customer07469@example.invalid,UK,2022-03-31,Premium,12353.30
7470,Synthetic Customer 07470,customer07470@example.invalid,UK,2024-02-05,Standard,9846.04
7471,Synthetic Customer 07471,customer07471@example.invalid,UK,2020-04-24,Standard,7563.89
7472,Synthetic Customer 07472,customer07472@example.invalid,Canada,2024-09-09,Standard,16317.62
7473,Synthetic Customer 07473,customer07473@example.invalid,India,2020-08-26,Standard,12449.85
7474,Synthetic Customer 07474,customer07474@example.invalid,Germany,2025-03-06,Basic,3875.39
7475,Synthetic Customer 07475,customer07475@example.invalid,Australia,2023-06-01,Basic,11186.61
7476,Synthetic Customer 07476,customer07476@example.invalid,USA,2020-06-22,Premium,2005.36
7477,Synthetic Customer 07477,customer07477@example.invalid,Australia,2022-08-20,Basic,12714.81
7478,Synthetic Customer 07478,customer07478@example.invalid,Germany,2020-11-28,Standard,13943.96
7479,Synthetic Customer 07479,customer07479@example.invalid,Canada,2025-01-20,Standard,2871.51
7480,Synthetic Customer 07480,customer07480@example.invalid,Germany,2020-03-04,Premium,1031.00
7481,Synthetic Customer 07481,customer07481@example.invalid,UK,2021-05-25,Basic,3853.58
7482,Synthetic Customer 07482,customer07482@example.invalid,India,2022-12-26,Standard,17179.66
7483,Synthetic Customer 07483,customer07483@example.invalid,Australia,2025-05-31,Premium,989.58
7484,Synthetic Customer 07484,customer07484@example.invalid,Australia,2021-03-13,Premium,15353.88
7485,Synthetic Customer 07485,customer07485@example.invalid,UK,2024-07-30,Premium,9576.13
7486,Synthetic Customer 07486,customer07486@example.invalid,USA,2023-04-09,Basic,4990.91
7487,Synthetic Customer 07487,customer07487@example.invalid,UK,2021-10-28,Premium,178.34
7488,Synthetic Customer 07488,customer07488@example.invalid,India,2023-09-23,Premium,14938.65
7489,Synthetic Customer 07489,customer07489@example.invalid,USA,2022-09-21,Premium,9162.18
7490,Synthetic Customer 07490,customer07490@example.invalid,Singapore,2022-06-06,Premium,10502.28
7491,Synthetic Customer 07491,customer07491@example.invalid,India,2023-01-16,Standard,11586.24
7492,Synthetic Customer 07492,customer07492@example.invalid,Australia,2023-08-06,Premium,13336.18
7493,Synthetic Customer 07493,customer07493@example.invalid,Germany,2025-11-09,Basic,948.33
7494,Synthetic Customer 07494,customer07494@example.invalid,USA,2021-02-07,Standard,7542.15
7495,Synthetic Customer 07495,customer07495@example.invalid,Australia,2025-10-20,Standard,5773.23
7496,Synthetic Customer 07496,customer07496@example.invalid,UK,2024-06-08,Basic,10802.86
7497,Synthetic Customer 07497,customer07497@example.invalid,India,2020-10-10,Premium,5869.44
7498,Synthetic Customer 07498,customer07498@example.invalid,Germany,2021-08-05,Premium,3091.37
7499,Synthetic Customer 07499,customer07499@example.invalid,Germany,2025-01-07,Premium,558.56
7500,Synthetic Customer 07500,customer07500@example.invalid,Singapore,2024-11-05,Basic,11065.50
7501,Synthetic Customer 07501,customer07501@example.invalid,UK,2022-10-03,Premium,19189.07
7502,Synthetic Customer 07502,customer07502@example.invalid,Canada,2023-01-14,Standard,17940.58
7503,Synthetic Customer 07503,customer07503@example.invalid,Germany,2021-10-27,Premium,6005.90
7504,Synthetic Customer 07504,customer07504@example.invalid,Australia,2025-06-05,Basic,14897.57
7505,Synthetic Customer 07505,customer07505@example.invalid,UK,2024-02-25,Standard,1432.00
7506,Synthetic Customer 07506,customer07506@example.invalid,India,2022-11-01,Basic,8178.08
7507,Synthetic Customer 07507,customer07507@example.invalid,Canada,2025-05-10,Premium,3655.08
7508,Synthetic Customer 07508,customer07508@example.invalid,Germany,2025-10-12,Premium,2040.51
7509,Synthetic Customer 07509,customer07509@example.invalid,Canada,2023-01-06,Basic,10774.57
7510,Synthetic Customer 07510,customer07510@example.invalid,India,2024-02-10,Standard,10284.45
7511,Synthetic Customer 07511,customer07511@example.invalid,Germany,2022-08-24,Basic,13460.24
7512,Synthetic Customer 07512,customer07512@example.invalid,Singapore,2024-12-27,Premium,11653.32
7513,Synthetic Customer 07513,customer07513@example.invalid,USA,2020-07-23,Premium,4582.95
7514,Synthetic Customer 07514,customer07514@example.invalid,Australia,2020-12-07,Basic,16984.76
7515,Synthetic Customer 07515,customer07515@example.invalid,USA,2022-12-22,Basic,5807.11
7516,Synthetic Customer 07516,customer07516@example.invalid,Australia,2020-12-02,Standard,10512.44
7517,Synthetic Customer 07517,customer07517@example.invalid,UK,2021-07-04,Premium,5390.17
7518,Synthetic Customer 07518,customer07518@example.invalid,UK,2021-09-26,Basic,17198.96
7519,Synthetic Customer 07519,customer07519@example.invalid,Australia,2020-12-11,Basic,15451.71
7520,Synthetic Customer 07520,customer07520@example.invalid,Canada,2021-11-13,Basic,8060.12
7521,Synthetic Customer 07521,customer07521@example.invalid,Canada,2023-06-01,Basic,8144.40
7522,Synthetic Customer 07522,customer07522@example.invalid,UK,2022-04-23,Premium,8331.87
7523,Synthetic Customer 07523,customer07523@example.invalid,Singapore,2021-12-15,Standard,12428.87
7524,Synthetic Customer 07524,customer07524@example.invalid,Germany,2023-05-22,Premium,8571.52
7525,Synthetic Customer 07525,customer07525@example.invalid,Australia,2023-07-09,Standard,396.69
7526,Synthetic Customer 07526,customer07526@example.invalid,UK,2021-02-09,Premium,4529.29
7527,Synthetic Customer 07527,customer07527@example.invalid,Germany,2025-09-18,Standard,18885.32
7528,Synthetic Customer 07528,customer07528@example.invalid,Singapore,2022-09-28,Premium,9064.56
7529,Synthetic Customer 07529,customer07529@example.invalid,Australia,2023-09-17,Basic,8176.10
7530,Synthetic Customer 07530,customer07530@example.invalid,Australia,2023-08-14,Basic,7514.49
7531,Synthetic Customer 07531,customer07531@example.invalid,Germany,2023-01-26,Basic,18442.52
7532,Synthetic Customer 07532,customer07532@example.invalid,Singapore,2023-02-09,Standard,12392.20
7533,Synthetic Customer 07533,customer07533@example.invalid,UK,2021-01-28,Premium,17036.57
7534,Synthetic Customer 07534,customer07534@example.invalid,Singapore,2025-11-22,Basic,623.08
7535,Synthetic Customer 07535,customer07535@example.invalid,India,2022-03-22,Basic,862.16
7536,Synthetic Customer 07536,customer07536@example.invalid,Germany,2020-03-23,Premium,19227.71
7537,Synthetic Customer 07537,customer07537@example.invalid,Germany,2021-02-27,Standard,13585.99
7538,Synthetic Customer 07538,customer07538@example.invalid,Canada,2023-04-06,Premium,8631.43
7539,Synthetic Customer 07539,customer07539@example.invalid,Canada,2022-02-10,Premium,6026.53
7540,Synthetic Customer 07540,customer07540@example.invalid,Australia,2025-05-06,Standard,19526.61
7541,Synthetic Customer 07541,customer07541@example.invalid,Australia,2020-05-30,Basic,19120.04
7542,Synthetic Customer 07542,customer07542@example.invalid,India,2022-04-04,Premium,2132.56
7543,Synthetic Customer 07543,customer07543@example.invalid,Singapore,2025-07-13,Basic,10216.64
7544,Synthetic Customer 07544,customer07544@example.invalid,Singapore,2025-12-27,Premium,7636.08
7545,Synthetic Customer 07545,customer07545@example.invalid,USA,2024-09-13,Basic,17980.60
7546,Synthetic Customer 07546,customer07546@example.invalid,India,2024-08-01,Standard,9591.80
7547,Synthetic Customer 07547,customer07547@example.invalid,Germany,2024-02-08,Standard,834.03
7548,Synthetic Customer 07548,customer07548@example.invalid,UK,2020-10-01,Premium,4763.75
7549,Synthetic Customer 07549,customer07549@example.invalid,Germany,2025-11-11,Premium,9047.14
7550,Synthetic Customer 07550,customer07550@example.invalid,Germany,2021-08-17,Basic,5396.49
7551,Synthetic Customer 07551,customer07551@example.invalid,India,2022-03-10,Basic,-100.00
7552,Synthetic Customer 07552,customer07552@example.invalid,India,2024-05-10,Basic,13557.38
7553,Synthetic Customer 07553,customer07553@example.invalid,Australia,2020-10-11,Basic,18338.73
7554,Synthetic Customer 07554,customer07554@example.invalid,UK,2022-07-23,Premium,11172.58
7555,Synthetic Customer 07555,customer07555@example.invalid,Singapore,2020-03-09,Standard,10297.26
7556,Synthetic Customer 07556,customer07556@example.invalid,UK,2023-11-01,Premium,15928.77
7557,Synthetic Customer 07557,customer07557@example.invalid,Germany,2023-10-16,Basic,19230.13
7558,Synthetic Customer 07558,customer07558@example.invalid,Singapore,2020-12-13,Premium,4909.77
7559,Synthetic Customer 07559,customer07559@example.invalid,India,2022-09-17,Basic,14113.66
7560,Synthetic Customer 07560,customer07560@example.invalid,Singapore,2025-10-22,Basic,2456.85
7561,Synthetic Customer 07561,customer07561@example.invalid,Australia,2022-06-18,Basic,8195.61
7562,Synthetic Customer 07562,customer07562@example.invalid,Canada,2020-08-22,Standard,6862.11
7563,Synthetic Customer 07563,customer07563@example.invalid,India,2022-05-25,Standard,3198.41
7564,Synthetic Customer 07564,customer07564@example.invalid,Canada,2022-08-18,Premium,878.24
7565,Synthetic Customer 07565,customer07565@example.invalid,Australia,2022-08-27,Premium,19176.50
7566,Synthetic Customer 07566,customer07566@example.invalid,Singapore,2024-01-12,Standard,16760.44
7567,Synthetic Customer 07567,customer07567@example.invalid,USA,2022-11-30,Premium,17893.60
7568,Synthetic Customer 07568,customer07568@example.invalid,Germany,2024-09-05,Basic,1424.35
7569,Synthetic Customer 07569,customer07569@example.invalid,Canada,2024-12-07,Premium,11815.29
7570,Synthetic Customer 07570,customer07570@example.invalid,UK,2025-08-06,Premium,1609.28
7571,Synthetic Customer 07571,customer07571@example.invalid,Singapore,2024-10-13,Premium,7416.78
7572,Synthetic Customer 07572,customer07572@example.invalid,Singapore,2020-10-09,Standard,16239.89
7573,Synthetic Customer 07573,customer07573@example.invalid,Singapore,2021-11-01,Premium,14160.30
7574,Synthetic Customer 07574,customer07574@example.invalid,Singapore,2021-12-27,Basic,152.64
7575,Synthetic Customer 07575,customer07575@example.invalid,Australia,2024-05-07,Premium,9835.13
7576,Synthetic Customer 07576,customer07576@example.invalid,Australia,2021-09-19,Standard,6884.73
7577,Synthetic Customer 07577,customer07577@example.invalid,Germany,2024-08-18,Premium,3615.81
7578,Synthetic Customer 07578,customer07578@example.invalid,Germany,2021-10-02,Standard,14396.92
7579,Synthetic Customer 07579,customer07579@example.invalid,India,2024-09-04,Premium,16296.53
7580,Synthetic Customer 07580,customer07580@example.invalid,Singapore,2024-10-15,Premium,9872.74
7581,Synthetic Customer 07581,customer07581@example.invalid,Canada,2025-10-11,Basic,1955.74
7582,Synthetic Customer 07582,customer07582@example.invalid,Singapore,2024-06-12,Standard,10124.54
7583,Synthetic Customer 07583,customer07583@example.invalid,India,2021-11-19,Premium,11841.31
7584,Synthetic Customer 07584,customer07584@example.invalid,India,2023-05-25,Standard,12564.51
7585,Synthetic Customer 07585,customer07585@example.invalid,UK,2022-11-11,Premium,4992.09
7586,Synthetic Customer 07586,customer07586@example.invalid,Australia,2023-11-02,Standard,12643.38
7587,Synthetic Customer 07587,customer07587@example.invalid,USA,2020-08-11,Premium,12639.36
7588,Synthetic Customer 07588,customer07588@example.invalid,Australia,2024-07-05,Basic,18673.30
7589,Synthetic Customer 07589,customer07589@example.invalid,UK,2023-12-12,Standard,16698.17
7590,Synthetic Customer 07590,customer07590@example.invalid,USA,2021-06-30,Premium,11041.69
7591,Synthetic Customer 07591,customer07591@example.invalid,Australia,2023-02-07,Basic,11348.67
7592,Synthetic Customer 07592,customer07592@example.invalid,India,2023-06-05,Standard,12693.32
7593,Synthetic Customer 07593,customer07593@example.invalid,Germany,2020-12-24,Premium,5702.86
7594,Synthetic Customer 07594,customer07594@example.invalid,Singapore,2021-10-03,Basic,18779.75
7595,Synthetic Customer 07595,customer07595@example.invalid,Australia,2020-02-28,Standard,8442.68
7596,Synthetic Customer 07596,customer07596@example.invalid,UK,2024-09-10,Standard,759.03
7597,Synthetic Customer 07597,customer07597@example.invalid,Australia,2024-10-17,Premium,11141.73
7598,Synthetic Customer 07598,customer07598@example.invalid,Germany,2025-06-26,Standard,10802.98
7599,Synthetic Customer 07599,customer07599@example.invalid,Australia,2021-09-20,Premium,6029.00
7600,Synthetic Customer 07600,customer07600@example.invalid,Germany,2024-02-14,Standard,5177.48
7601,Synthetic Customer 07601,customer07601@example.invalid,USA,2025-04-01,Standard,13089.40
7602,Synthetic Customer 07602,customer07602@example.invalid,USA,2021-08-16,Standard,6056.09
7603,Synthetic Customer 07603,customer07603@example.invalid,UK,2024-05-15,Standard,14778.41
7604,Synthetic Customer 07604,customer07604@example.invalid,Singapore,2022-09-13,Standard,1780.17
7605,Synthetic Customer 07605,customer07605@example.invalid,Canada,2020-08-11,Standard,9090.34
7606,Synthetic Customer 07606,customer07606@example.invalid,UK,2023-05-22,Standard,15632.75
7607,Synthetic Customer 07607,customer07607@example.invalid,India,2023-11-07,Premium,12412.77
7608,Synthetic Customer 07608,customer07608@example.invalid,Canada,2025-09-20,Premium,1645.89
7609,Synthetic Customer 07609,customer07609@example.invalid,Germany,2021-10-22,Standard,16557.00
7610,Synthetic Customer 07610,customer07610@example.invalid,Canada,2022-12-25,Standard,16695.95
7611,Synthetic Customer 07611,customer07611@example.invalid,UK,2020-11-23,Premium,7600.40
7612,Synthetic Customer 07612,customer07612@example.invalid,UK,2022-05-12,Standard,12827.44
7613,Synthetic Customer 07613,customer07613@example.invalid,Germany,2025-10-06,Premium,13671.26
7614,Synthetic Customer 07614,customer07614@example.invalid,UK,2025-05-31,Premium,4600.27
7615,Synthetic Customer 07615,customer07615@example.invalid,UK,2024-11-13,Premium,16305.65
7616,Synthetic Customer 07616,customer07616@example.invalid,UK,2020-09-12,Basic,13329.15
7617,Synthetic Customer 07617,customer07617@example.invalid,USA,2023-03-14,Standard,493.92
7618,Synthetic Customer 07618,customer07618@example.invalid,Germany,2023-02-17,Premium,18403.40
7619,Synthetic Customer 07619,customer07619@example.invalid,India,2024-09-29,Premium,13032.62
7620,Synthetic Customer 07620,customer07620@example.invalid,Australia,2025-08-09,Standard,5414.86
7621,Synthetic Customer 07621,customer07621@example.invalid,Canada,2021-09-11,Basic,8002.07
7622,Synthetic Customer 07622,customer07622@example.invalid,Canada,2025-02-14,Premium,3226.88
7623,Synthetic Customer 07623,customer07623@example.invalid,Germany,2024-05-15,Premium,14874.27
7624,Synthetic Customer 07624,customer07624@example.invalid,UK,2021-08-26,Basic,4027.82
7625,Synthetic Customer 07625,customer07625@example.invalid,Australia,2020-12-26,Premium,4777.85
7626,Synthetic Customer 07626,customer07626@example.invalid,Australia,2020-08-28,Standard,2875.60
7627,Synthetic Customer 07627,customer07627@example.invalid,Australia,2021-02-22,Standard,5410.10
7628,Synthetic Customer 07628,customer07628@example.invalid,Germany,2024-05-17,Standard,16663.86
7629,Synthetic Customer 07629,customer07629@example.invalid,USA,2025-08-19,Standard,5139.84
7630,Synthetic Customer 07630,customer07630@example.invalid,Canada,2025-11-04,Basic,2071.26
7631,Synthetic Customer 07631,customer07631@example.invalid,Germany,2021-03-28,Standard,17582.83
7632,Synthetic Customer 07632,customer07632@example.invalid,Australia,2021-04-20,Premium,8978.67
7633,Synthetic Customer 07633,customer07633@example.invalid,USA,2025-01-20,Basic,18894.20
7634,Synthetic Customer 07634,customer07634@example.invalid,Australia,2024-03-17,Standard,1708.86
7635,Synthetic Customer 07635,customer07635@example.invalid,Singapore,2022-09-16,Basic,15687.28
7636,Synthetic Customer 07636,customer07636@example.invalid,India,2022-10-10,Premium,19587.04
7637,Synthetic Customer 07637,customer07637@example.invalid,USA,2024-04-22,Standard,2770.25
7638,Synthetic Customer 07638,customer07638@example.invalid,Germany,2021-02-08,Standard,786.57
7639,Synthetic Customer 07639,customer07639@example.invalid,UK,2023-11-28,Basic,11165.73
7640,Synthetic Customer 07640,customer07640@example.invalid,India,2023-04-16,Standard,1967.40
7641,Synthetic Customer 07641,customer07641@example.invalid,USA,2025-02-15,Standard,18481.31
7642,Synthetic Customer 07642,customer07642@example.invalid,Canada,2023-11-21,Standard,3356.62
7643,Synthetic Customer 07643,customer07643@example.invalid,India,2020-03-01,Standard,16787.59
7644,Synthetic Customer 07644,customer07644@example.invalid,USA,2024-04-27,Standard,9713.86
7645,Synthetic Customer 07645,customer07645@example.invalid,UK,2021-04-20,Standard,6050.85
7646,Synthetic Customer 07646,customer07646@example.invalid,UK,2022-03-13,Basic,17955.02
7647,Synthetic Customer 07647,customer07647@example.invalid,India,2020-09-03,Basic,14437.72
7648,Synthetic Customer 07648,customer07648@example.invalid,Canada,2020-12-20,Basic,15866.07
7649,Synthetic Customer 07649,customer07649@example.invalid,Australia,2022-12-14,Standard,19154.61
7650,Synthetic Customer 07650,customer07650@example.invalid,USA,2025-07-17,Basic,17424.02
7651,Synthetic Customer 07651,customer07651@example.invalid,UK,2022-03-27,Premium,16894.17
7652,Synthetic Customer 07652,customer07652@example.invalid,Singapore,2025-12-12,Basic,18595.82
7653,Synthetic Customer 07653,customer07653@example.invalid,UK,2023-01-03,Premium,7449.60
7654,Synthetic Customer 07654,customer07654@example.invalid,USA,2023-04-14,Basic,4967.54
7655,Synthetic Customer 07655,customer07655@example.invalid,USA,2023-06-11,Premium,3150.57
7656,Synthetic Customer 07656,customer07656@example.invalid,Australia,2022-06-22,Standard,10304.87
7657,Synthetic Customer 07657,customer07657@example.invalid,USA,2025-04-11,Basic,10001.08
7658,Synthetic Customer 07658,customer07658@example.invalid,Australia,2023-12-25,Basic,384.79
7659,Synthetic Customer 07659,customer07659@example.invalid,Singapore,2020-05-29,Standard,10478.70
7660,Synthetic Customer 07660,customer07660@example.invalid,Australia,2021-04-01,Premium,18668.49
7661,Synthetic Customer 07661,customer07661@example.invalid,Germany,2024-07-11,Basic,1810.64
7662,Synthetic Customer 07662,customer07662@example.invalid,Germany,2022-01-29,Standard,26.95
7663,Synthetic Customer 07663,customer07663@example.invalid,Australia,2025-03-29,Premium,7567.97
7664,Synthetic Customer 07664,customer07664@example.invalid,Australia,2024-03-15,Premium,4928.41
7665,Synthetic Customer 07665,customer07665@example.invalid,Singapore,2022-09-12,Premium,1024.26
7666,Synthetic Customer 07666,customer07666@example.invalid,India,2023-07-02,Premium,10911.36
7667,Synthetic Customer 07667,customer07667@example.invalid,UK,2025-07-03,Premium,12893.10
7668,Synthetic Customer 07668,customer07668@example.invalid,Australia,2025-08-12,Basic,17636.82
7669,Synthetic Customer 07669,customer07669@example.invalid,UK,2022-12-27,Premium,17855.20
7670,Synthetic Customer 07670,customer07670@example.invalid,Singapore,2021-12-28,Basic,249.03
7671,Synthetic Customer 07671,customer07671@example.invalid,USA,2021-08-22,Premium,17419.56
7672,Synthetic Customer 07672,customer07672@example.invalid,Singapore,2022-11-18,Premium,4245.86
7673,Synthetic Customer 07673,customer07673@example.invalid,Germany,2025-05-08,Basic,2738.97
7674,Synthetic Customer 07674,customer07674@example.invalid,Canada,2024-10-10,Standard,1516.33
7675,Synthetic Customer 07675,customer07675@example.invalid,UK,2025-09-18,Basic,10120.06
7676,Synthetic Customer 07676,customer07676@example.invalid,Canada,2020-01-04,Basic,16471.01
7677,Synthetic Customer 07677,customer07677@example.invalid,Singapore,2024-01-05,Basic,6023.62
7678,Synthetic Customer 07678,customer07678@example.invalid,India,2024-09-04,Premium,1119.30
7679,Synthetic Customer 07679,customer07679@example.invalid,Australia,2022-01-28,Premium,12523.96
7680,Synthetic Customer 07680,customer07680@example.invalid,India,2021-05-17,Premium,17781.13
7681,Synthetic Customer 07681,customer07681@example.invalid,UK,2023-09-24,Basic,12822.83
7682,Synthetic Customer 07682,customer07682@example.invalid,Germany,2020-06-21,Standard,5529.36
7683,Synthetic Customer 07683,customer07683@example.invalid,Germany,2023-12-22,Basic,320.24
7684,Synthetic Customer 07684,customer07684@example.invalid,UK,2023-12-11,Basic,14872.31
7685,Synthetic Customer 07685,customer07685@example.invalid,UK,2024-04-09,Premium,9196.21
7686,Synthetic Customer 07686,customer07686@example.invalid,India,2025-10-25,Standard,15920.04
7687,Synthetic Customer 07687,customer07687@example.invalid,Singapore,2024-05-08,Standard,17226.90
7688,Synthetic Customer 07688,customer07688@example.invalid,UK,2023-07-08,Basic,19918.59
7689,Synthetic Customer 07689,customer07689@example.invalid,India,2020-06-02,Premium,12624.06
7690,Synthetic Customer 07690,customer07690@example.invalid,USA,2024-05-22,Premium,8669.12
7691,Synthetic Customer 07691,customer07691@example.invalid,UK,2021-09-30,Standard,19799.44
7692,Synthetic Customer 07692,customer07692@example.invalid,Canada,2023-06-24,Premium,10293.67
7693,Synthetic Customer 07693,customer07693@example.invalid,Singapore,2020-07-25,Basic,9125.10
7694,Synthetic Customer 07694,customer07694@example.invalid,Germany,2022-01-01,Standard,1041.07
7695,Synthetic Customer 07695,customer07695@example.invalid,Germany,2021-01-16,Basic,2343.20
7696,Synthetic Customer 07696,customer07696@example.invalid,Australia,2025-10-02,Standard,706.23
7697,Synthetic Customer 07697,customer07697@example.invalid,Canada,2022-09-25,Premium,9028.71
7698,Synthetic Customer 07698,customer07698@example.invalid,India,2022-01-18,Premium,18445.00
7699,Synthetic Customer 07699,customer07699@example.invalid,Australia,2020-05-18,Basic,17989.44
7700,Synthetic Customer 07700,customer07700@example.invalid,Australia,2024-08-15,Premium,3916.55
7701,Synthetic Customer 07701,customer07701@example.invalid,USA,2020-03-09,Standard,11369.62
7702,Synthetic Customer 07702,customer07702@example.invalid,Singapore,2021-03-04,Premium,5885.32
7703,Synthetic Customer 07703,customer07703@example.invalid,Germany,2020-06-02,Premium,9753.91
7704,Synthetic Customer 07704,customer07704@example.invalid,Canada,2022-07-15,Standard,6126.25
7705,Synthetic Customer 07705,customer07705@example.invalid,Singapore,2020-05-18,Premium,19894.01
7706,Synthetic Customer 07706,customer07706@example.invalid,UK,2025-09-06,Premium,4503.37
7707,Synthetic Customer 07707,customer07707@example.invalid,Canada,2022-06-09,Basic,13931.47
7708,Synthetic Customer 07708,customer07708@example.invalid,Singapore,2020-02-26,Standard,1269.07
7709,Synthetic Customer 07709,customer07709@example.invalid,USA,2025-08-04,Premium,7549.96
7710,Synthetic Customer 07710,customer07710@example.invalid,UK,2023-06-29,Premium,716.23
7711,Synthetic Customer 07711,customer07711@example.invalid,Canada,2020-04-07,Standard,7146.85
7712,Synthetic Customer 07712,customer07712@example.invalid,Australia,2021-05-31,Standard,17073.43
7713,Synthetic Customer 07713,customer07713@example.invalid,USA,2024-04-06,Basic,16896.11
7714,Synthetic Customer 07714,customer07714@example.invalid,Canada,2023-05-26,Premium,11209.25
7715,Synthetic Customer 07715,customer07715@example.invalid,USA,2020-01-20,Basic,15913.82
7716,Synthetic Customer 07716,customer07716@example.invalid,Australia,2020-07-13,Basic,17484.81
7717,Synthetic Customer 07717,customer07717@example.invalid,USA,2025-07-23,Basic,14072.14
7718,Synthetic Customer 07718,customer07718@example.invalid,Australia,2020-04-07,Standard,13162.02
7719,Synthetic Customer 07719,customer07719@example.invalid,Singapore,2022-11-06,Premium,8885.39
7720,Synthetic Customer 07720,customer07720@example.invalid,USA,2023-08-11,Standard,14084.77
7721,Synthetic Customer 07721,customer07721@example.invalid,Australia,2024-01-16,Basic,2751.37
7722,Synthetic Customer 07722,customer07722@example.invalid,Australia,2020-07-03,Standard,19865.29
7723,Synthetic Customer 07723,customer07723@example.invalid,USA,2023-07-04,Standard,4119.32
7724,Synthetic Customer 07724,customer07724@example.invalid,Canada,2022-10-28,Premium,3729.17
7725,Synthetic Customer 07725,customer07725@example.invalid,USA,2024-11-01,Basic,12400.05
7726,Synthetic Customer 07726,customer07726@example.invalid,Australia,2022-03-13,Standard,9145.17
7727,Synthetic Customer 07727,customer07727@example.invalid,Germany,2023-06-21,Basic,9231.27
7728,Synthetic Customer 07728,customer07728@example.invalid,Germany,2024-06-29,Basic,9025.19
7729,Synthetic Customer 07729,customer07729@example.invalid,USA,2023-10-09,Premium,19953.20
7730,Synthetic Customer 07730,customer07730@example.invalid,UK,2022-11-11,Premium,10455.00
7731,Synthetic Customer 07731,customer07731@example.invalid,Australia,2020-08-30,Basic,4542.82
7732,Synthetic Customer 07732,customer07732@example.invalid,Australia,2025-01-10,Premium,3035.51
7733,Synthetic Customer 07733,customer07733@example.invalid,Australia,2020-08-29,Standard,19304.53
7734,Synthetic Customer 07734,customer07734@example.invalid,India,2020-03-15,Standard,2805.35
7735,Synthetic Customer 07735,customer07735@example.invalid,India,2021-06-12,Premium,13907.72
7736,Synthetic Customer 07736,customer07736@example.invalid,USA,2025-01-20,Premium,4904.25
7737,Synthetic Customer 07737,customer07737@example.invalid,Canada,2020-06-05,Standard,17776.13
7738,Synthetic Customer 07738,customer07738@example.invalid,Singapore,2022-12-17,Standard,12988.88
7739,Synthetic Customer 07739,customer07739@example.invalid,Germany,2025-06-24,Standard,17444.95
7740,Synthetic Customer 07740,customer07740@example.invalid,Canada,2023-11-01,Basic,1242.57
7741,Synthetic Customer 07741,customer07741@example.invalid,Singapore,2022-02-03,Basic,11262.43
7742,Synthetic Customer 07742,customer07742@example.invalid,Singapore,2022-09-08,Premium,10057.43
7743,Synthetic Customer 07743,customer07743@example.invalid,UK,2025-11-13,Basic,650.34
7744,Synthetic Customer 07744,customer07744@example.invalid,Canada,2024-02-20,Basic,18954.27
7745,Synthetic Customer 07745,customer07745@example.invalid,USA,2023-09-20,Standard,10371.00
7746,Synthetic Customer 07746,customer07746@example.invalid,UK,2022-11-05,Basic,2116.98
7747,Synthetic Customer 07747,customer07747@example.invalid,Australia,2022-01-07,Premium,2909.75
7748,Synthetic Customer 07748,customer07748@example.invalid,UK,2024-04-05,Standard,3773.89
7749,Synthetic Customer 07749,customer07749@example.invalid,USA,2021-06-10,Basic,18957.78
7750,Synthetic Customer 07750,customer07750@example.invalid,India,2020-10-13,Premium,8987.23
7751,Synthetic Customer 07751,customer07751@example.invalid,India,2020-03-17,Premium,3370.84
7752,Synthetic Customer 07752,customer07752@example.invalid,UK,2021-09-29,Basic,11436.00
7753,Synthetic Customer 07753,customer07753@example.invalid,UK,2022-01-10,Premium,17168.77
7754,Synthetic Customer 07754,customer07754@example.invalid,Germany,2021-11-01,Basic,3261.10
7755,Synthetic Customer 07755,customer07755@example.invalid,India,2023-08-16,Basic,9562.39
7756,Synthetic Customer 07756,customer07756@example.invalid,Singapore,2020-01-16,Basic,791.21
7757,Synthetic Customer 07757,customer07757@example.invalid,Germany,2024-07-19,Premium,5875.83
7758,Synthetic Customer 07758,customer07758@example.invalid,Singapore,2025-02-24,Basic,9153.89
7759,Synthetic Customer 07759,customer07759@example.invalid,Canada,2025-05-14,Basic,5507.67
7760,Synthetic Customer 07760,customer07760@example.invalid,UK,2025-02-08,Standard,12972.93
7761,Synthetic Customer 07761,customer07761@example.invalid,USA,2023-11-07,Premium,2964.37
7762,Synthetic Customer 07762,customer07762@example.invalid,Canada,2025-09-18,Premium,4030.28
7763,Synthetic Customer 07763,customer07763@example.invalid,Canada,2022-10-11,Basic,6608.89
7764,Synthetic Customer 07764,customer07764@example.invalid,Canada,2023-10-29,Basic,12980.64
7765,Synthetic Customer 07765,customer07765@example.invalid,UK,2022-10-08,Standard,4726.32
7766,Synthetic Customer 07766,customer07766@example.invalid,USA,2024-04-16,Premium,9624.87
7767,Synthetic Customer 07767,customer07767@example.invalid,Australia,2021-12-20,Premium,1440.87
7768,Synthetic Customer 07768,customer07768@example.invalid,India,2023-04-26,Standard,11697.07
7769,Synthetic Customer 07769,customer07769@example.invalid,India,2024-10-07,Premium,7647.32
7770,Synthetic Customer 07770,customer07770@example.invalid,Canada,2024-08-09,Basic,10955.43
7771,Synthetic Customer 07771,customer07771@example.invalid,Australia,2022-06-01,Premium,7838.54
7772,Synthetic Customer 07772,customer07772@example.invalid,Canada,2021-06-07,Basic,6065.79
7773,Synthetic Customer 07773,customer07773@example.invalid,Canada,2022-08-07,Standard,11495.44
7774,Synthetic Customer 07774,customer07774@example.invalid,Canada,2022-10-12,Standard,4968.24
7775,Synthetic Customer 07775,customer07775@example.invalid,UK,2024-09-22,Premium,1609.75
7776,Synthetic Customer 07776,customer07776@example.invalid,India,2024-07-09,Basic,3384.49
7777,Synthetic Customer 07777,customer07777@example.invalid,UK,2021-04-28,Basic,1189.64
7778,Synthetic Customer 07778,customer07778@example.invalid,USA,2020-05-29,Premium,17072.72
7779,Synthetic Customer 07779,customer07779@example.invalid,Germany,2025-01-27,Standard,4012.26
7780,Synthetic Customer 07780,customer07780@example.invalid,Singapore,2020-08-26,Standard,19232.58
7781,Synthetic Customer 07781,customer07781@example.invalid,UK,2022-01-17,Standard,9961.09
7782,Synthetic Customer 07782,customer07782@example.invalid,India,2025-06-26,Premium,11293.24
7783,Synthetic Customer 07783,customer07783@example.invalid,Canada,2025-08-24,Standard,16639.94
7784,Synthetic Customer 07784,customer07784@example.invalid,USA,2025-11-18,Premium,15118.91
7785,Synthetic Customer 07785,customer07785@example.invalid,Australia,2025-06-08,Standard,6059.93
7786,Synthetic Customer 07786,customer07786@example.invalid,Canada,2022-06-28,Standard,9702.24
7787,Synthetic Customer 07787,customer07787@example.invalid,Canada,2021-02-06,Standard,8488.70
7788,Synthetic Customer 07788,customer07788@example.invalid,Australia,2024-03-25,Premium,17972.46
7789,Synthetic Customer 07789,customer07789@example.invalid,Singapore,2020-09-30,Premium,8917.58
7790,Synthetic Customer 07790,customer07790@example.invalid,Australia,2022-11-12,Standard,12635.70
7791,Synthetic Customer 07791,customer07791@example.invalid,India,2022-04-18,Standard,19404.46
7792,Synthetic Customer 07792,customer07792@example.invalid,Canada,2021-01-20,Standard,3216.35
7793,Synthetic Customer 07793,customer07793@example.invalid,Germany,2024-04-04,Standard,17470.08
7794,Synthetic Customer 07794,customer07794@example.invalid,USA,2021-01-10,Standard,9479.86
7795,Synthetic Customer 07795,customer07795@example.invalid,Germany,2023-08-09,Premium,1225.75
7796,Synthetic Customer 07796,customer07796@example.invalid,Canada,2022-02-27,Standard,5279.89
7797,Synthetic Customer 07797,customer07797@example.invalid,Singapore,2024-05-28,Standard,3190.18
7798,Synthetic Customer 07798,customer07798@example.invalid,UK,2021-11-26,Basic,6130.07
7799,Synthetic Customer 07799,customer07799@example.invalid,Australia,2022-12-20,Basic,9021.98
7800,Synthetic Customer 07800,customer07800@example.invalid,Canada,2025-02-13,Basic,10353.19
7801,Synthetic Customer 07801,customer07801@example.invalid,India,2024-02-26,Basic,8944.55
7802,Synthetic Customer 07802,customer07802@example.invalid,Canada,2023-07-19,Premium,19047.19
7803,Synthetic Customer 07803,customer07803@example.invalid,India,2025-09-09,Basic,8249.20
7804,Synthetic Customer 07804,customer07804@example.invalid,India,2023-11-06,Premium,9626.18
7805,Synthetic Customer 07805,customer07805@example.invalid,Australia,2024-05-20,Premium,10301.82
7806,Synthetic Customer 07806,customer07806@example.invalid,Germany,2020-04-05,Standard,1580.84
7807,Synthetic Customer 07807,customer07807@example.invalid,Canada,2020-03-02,Standard,17448.09
7808,Synthetic Customer 07808,customer07808@example.invalid,Australia,2024-12-07,Standard,13952.87
7809,Synthetic Customer 07809,customer07809@example.invalid,Germany,2022-07-15,Basic,14024.37
7810,Synthetic Customer 07810,customer07810@example.invalid,USA,2024-08-20,Basic,1518.36
7811,Synthetic Customer 07811,customer07811@example.invalid,India,2020-07-02,Premium,17899.20
7812,Synthetic Customer 07812,customer07812@example.invalid,Australia,2020-10-16,Premium,629.20
7813,Synthetic Customer 07813,customer07813@example.invalid,UK,2022-05-31,Standard,7458.76
7814,Synthetic Customer 07814,customer07814@example.invalid,UK,2022-06-14,Premium,10693.93
7815,Synthetic Customer 07815,customer07815@example.invalid,UK,2022-04-03,Basic,17412.77
7816,Synthetic Customer 07816,customer07816@example.invalid,Singapore,2022-07-07,Standard,17994.87
7817,Synthetic Customer 07817,customer07817@example.invalid,Germany,2023-08-17,Premium,13011.39
7818,Synthetic Customer 07818,customer07818@example.invalid,Germany,2024-03-25,Standard,19255.96
7819,Synthetic Customer 07819,customer07819@example.invalid,UK,2023-05-14,Standard,16445.51
7820,Synthetic Customer 07820,customer07820@example.invalid,UK,2022-03-28,Standard,8837.21
7821,Synthetic Customer 07821,customer07821@example.invalid,UK,2025-05-05,Basic,19353.53
7822,Synthetic Customer 07822,customer07822@example.invalid,UK,2023-07-25,Premium,19831.74
7823,Synthetic Customer 07823,customer07823@example.invalid,UK,2022-04-18,Basic,15321.23
7824,Synthetic Customer 07824,customer07824@example.invalid,Singapore,2020-02-15,Basic,12692.11
7825,Synthetic Customer 07825,customer07825@example.invalid,Singapore,2024-03-11,Basic,19016.17
7826,Synthetic Customer 07826,customer07826@example.invalid,Germany,2022-10-12,Standard,18927.67
7827,Synthetic Customer 07827,customer07827@example.invalid,USA,2020-07-15,Standard,2810.29
7828,Synthetic Customer 07828,customer07828@example.invalid,UK,2020-05-11,Premium,15759.05
7829,Synthetic Customer 07829,customer07829@example.invalid,Germany,2020-10-05,Premium,4080.42
7830,Synthetic Customer 07830,customer07830@example.invalid,USA,2020-03-23,Standard,2857.71
7831,Synthetic Customer 07831,customer07831@example.invalid,USA,2021-05-02,Premium,19391.91
7832,Synthetic Customer 07832,customer07832@example.invalid,Germany,2024-11-23,Standard,6132.88
7833,Synthetic Customer 07833,customer07833@example.invalid,Singapore,2022-04-28,Standard,6134.53
7834,Synthetic Customer 07834,customer07834@example.invalid,Singapore,2022-12-22,Basic,4548.34
7835,Synthetic Customer 07835,customer07835@example.invalid,Australia,2023-04-01,Standard,19541.64
7836,Synthetic Customer 07836,customer07836@example.invalid,India,2020-07-23,Standard,9890.63
7837,Synthetic Customer 07837,customer07837@example.invalid,Australia,2020-03-26,Standard,542.35
7838,Synthetic Customer 07838,customer07838@example.invalid,Singapore,2021-12-17,Basic,15262.00
7839,Synthetic Customer 07839,customer07839@example.invalid,Singapore,2022-04-06,Basic,18472.93
7840,Synthetic Customer 07840,customer07840@example.invalid,India,2024-11-15,Standard,4023.14
7841,Synthetic Customer 07841,customer07841@example.invalid,USA,2022-09-11,Premium,17716.42
7842,Synthetic Customer 07842,customer07842@example.invalid,Germany,2025-09-15,Premium,12663.30
7843,Synthetic Customer 07843,customer07843@example.invalid,Australia,2020-05-14,Premium,12911.62
7844,Synthetic Customer 07844,customer07844@example.invalid,India,2022-10-07,Basic,5210.68
7845,Synthetic Customer 07845,customer07845@example.invalid,Canada,2023-04-05,Premium,4432.77
7846,Synthetic Customer 07846,customer07846@example.invalid,USA,2025-01-28,Basic,13748.93
7847,Synthetic Customer 07847,customer07847@example.invalid,Australia,2020-05-29,Basic,18985.96
7848,Synthetic Customer 07848,customer07848@example.invalid,India,2021-05-07,Basic,4422.86
7849,Synthetic Customer 07849,customer07849@example.invalid,USA,2023-10-08,Basic,1569.58
7850,Synthetic Customer 07850,customer07850@example.invalid,India,2025-03-17,Basic,19108.26
7851,Synthetic Customer 07851,customer07851@example.invalid,India,2024-09-16,Basic,10274.06
7852,Synthetic Customer 07852,customer07852@example.invalid,Australia,2024-05-18,Premium,12194.83
7853,Synthetic Customer 07853,customer07853@example.invalid,Australia,2022-07-09,Basic,6645.93
7854,Synthetic Customer 07854,customer07854@example.invalid,Australia,2025-06-16,Premium,746.44
7855,Synthetic Customer 07855,customer07855@example.invalid,Germany,2022-04-29,Premium,18867.34
7856,Synthetic Customer 07856,customer07856@example.invalid,Australia,2020-03-15,Premium,16559.81
7857,Synthetic Customer 07857,customer07857@example.invalid,USA,2024-04-02,Standard,9209.48
7858,Synthetic Customer 07858,customer07858@example.invalid,USA,2025-02-10,Basic,10272.89
7859,Synthetic Customer 07859,customer07859@example.invalid,Singapore,2020-12-29,Premium,10497.78
7860,Synthetic Customer 07860,customer07860@example.invalid,Singapore,2022-06-03,Premium,18113.76
7861,Synthetic Customer 07861,customer07861@example.invalid,Germany,2021-03-18,Basic,16011.64
7862,Synthetic Customer 07862,customer07862@example.invalid,Singapore,2024-07-30,Basic,17499.84
7863,Synthetic Customer 07863,customer07863@example.invalid,USA,2021-04-02,Basic,14297.99
7864,Synthetic Customer 07864,customer07864@example.invalid,USA,2022-02-17,Basic,14261.15
7865,Synthetic Customer 07865,customer07865@example.invalid,UK,2025-06-30,Basic,2040.19
7866,Synthetic Customer 07866,customer07866@example.invalid,USA,2022-02-26,Basic,3439.24
7867,Synthetic Customer 07867,customer07867@example.invalid,Germany,2021-11-25,Standard,6491.70
7868,Synthetic Customer 07868,customer07868@example.invalid,USA,2025-08-18,Basic,6094.15
7869,Synthetic Customer 07869,customer07869@example.invalid,India,2021-02-09,Basic,2008.90
7870,Synthetic Customer 07870,customer07870@example.invalid,India,2024-07-29,Premium,1165.39
7871,Synthetic Customer 07871,customer07871@example.invalid,Germany,2025-08-25,Basic,16810.66
7872,Synthetic Customer 07872,customer07872@example.invalid,India,2021-12-19,Basic,15922.85
7873,Synthetic Customer 07873,customer07873@example.invalid,USA,2022-05-18,Premium,15553.00
7874,Synthetic Customer 07874,customer07874@example.invalid,UK,2025-01-21,Standard,17649.68
7875,Synthetic Customer 07875,customer07875@example.invalid,Singapore,2022-11-28,Basic,13014.56
7876,Synthetic Customer 07876,customer07876@example.invalid,Germany,2024-08-06,Standard,17826.51
7877,Synthetic Customer 07877,customer07877@example.invalid,Australia,2020-11-16,Basic,5537.03
7878,Synthetic Customer 07878,customer07878@example.invalid,Canada,2021-07-17,Basic,7658.49
7879,Synthetic Customer 07879,customer07879@example.invalid,UK,2024-03-29,Standard,4988.56
7880,Synthetic Customer 07880,customer07880@example.invalid,India,2022-03-16,Standard,1274.69
7881,Synthetic Customer 07881,customer07881@example.invalid,Singapore,2025-06-13,Basic,259.23
7882,Synthetic Customer 07882,customer07882@example.invalid,Germany,2024-07-14,Basic,8464.59
7883,Synthetic Customer 07883,customer07883@example.invalid,India,2024-01-09,Standard,13928.00
7884,Synthetic Customer 07884,customer07884@example.invalid,Singapore,2023-02-04,Standard,6927.87
7885,Synthetic Customer 07885,customer07885@example.invalid,India,2024-11-17,Premium,14589.44
7886,Synthetic Customer 07886,customer07886@example.invalid,India,2022-02-04,Premium,2898.03
7887,Synthetic Customer 07887,customer07887@example.invalid,Canada,2022-06-12,Standard,11918.57
7888,Synthetic Customer 07888,customer07888@example.invalid,USA,2024-03-20,Basic,15679.37
7889,Synthetic Customer 07889,customer07889@example.invalid,Germany,2023-06-17,Premium,2997.90
7890,Synthetic Customer 07890,customer07890@example.invalid,USA,2022-05-22,Basic,1092.59
7891,Synthetic Customer 07891,customer07891@example.invalid,USA,2021-10-05,Premium,8691.40
7892,Synthetic Customer 07892,customer07892@example.invalid,India,2022-11-19,Standard,5949.15
7893,Synthetic Customer 07893,customer07893@example.invalid,Canada,2022-08-22,Premium,1211.05
7894,Synthetic Customer 07894,customer07894@example.invalid,India,2022-11-01,Standard,16446.22
7895,Synthetic Customer 07895,customer07895@example.invalid,UK,2021-02-14,Premium,18746.04
7896,Synthetic Customer 07896,customer07896@example.invalid,Australia,2021-09-11,Basic,878.16
7897,Synthetic Customer 07897,customer07897@example.invalid,Canada,2020-10-26,Standard,6295.08
7898,Synthetic Customer 07898,customer07898@example.invalid,Canada,2025-05-14,Basic,3239.55
7899,Synthetic Customer 07899,customer07899@example.invalid,USA,2023-03-22,Premium,10495.03
7900,Synthetic Customer 07900,customer07900@example.invalid,Canada,2023-10-20,Premium,17641.41
7901,Synthetic Customer 07901,customer07901@example.invalid,Singapore,2020-06-04,Standard,2895.85
7902,Synthetic Customer 07902,customer07902@example.invalid,UK,2024-12-04,Standard,15428.84
7903,Synthetic Customer 07903,customer07903@example.invalid,Canada,2022-02-24,Standard,8943.90
7904,Synthetic Customer 07904,customer07904@example.invalid,Germany,2024-11-15,Premium,5143.66
7905,Synthetic Customer 07905,customer07905@example.invalid,Australia,2020-01-22,Basic,14405.64
7906,Synthetic Customer 07906,customer07906@example.invalid,Canada,2023-11-26,Standard,3514.68
7907,Synthetic Customer 07907,customer07907@example.invalid,Australia,2022-05-16,Standard,19675.81
7908,Synthetic Customer 07908,customer07908@example.invalid,USA,2020-03-06,Standard,4618.15
7909,Synthetic Customer 07909,customer07909@example.invalid,Singapore,2025-08-11,Premium,6607.62
7910,Synthetic Customer 07910,customer07910@example.invalid,Australia,2020-10-29,Premium,14476.15
7911,Synthetic Customer 07911,customer07911@example.invalid,Singapore,2020-06-03,Premium,16347.24
7912,Synthetic Customer 07912,customer07912@example.invalid,Australia,2021-05-27,Premium,12224.38
7913,Synthetic Customer 07913,customer07913@example.invalid,Germany,2022-11-20,Standard,13895.36
7914,Synthetic Customer 07914,customer07914@example.invalid,Australia,2023-12-09,Premium,13141.93
7915,Synthetic Customer 07915,customer07915@example.invalid,USA,2022-08-24,Standard,5401.02
7916,Synthetic Customer 07916,customer07916@example.invalid,Germany,2025-02-07,Premium,5730.20
7917,Synthetic Customer 07917,customer07917@example.invalid,Canada,2020-01-11,Standard,16686.86
7918,Synthetic Customer 07918,customer07918@example.invalid,India,2023-03-18,Standard,12373.25
7919,Synthetic Customer 07919,customer07919@example.invalid,Canada,2025-01-28,Premium,15585.86
7920,Synthetic Customer 07920,customer07920@example.invalid,Germany,2022-02-08,Standard,14396.04
7921,Synthetic Customer 07921,customer07921@example.invalid,Australia,2024-04-06,Premium,1606.66
7922,Synthetic Customer 07922,customer07922@example.invalid,Australia,2024-10-26,Standard,10501.47
7923,Synthetic Customer 07923,customer07923@example.invalid,Canada,2024-03-21,Premium,17031.95
7924,Synthetic Customer 07924,customer07924@example.invalid,UK,2021-09-08,Basic,19956.90
7925,Synthetic Customer 07925,customer07925@example.invalid,Singapore,2023-10-29,Basic,8788.15
7926,Synthetic Customer 07926,,India,2025-04-20,Premium,10026.01
7927,Synthetic Customer 07927,customer07927@example.invalid,USA,2025-08-23,Standard,12366.43
7928,Synthetic Customer 07928,customer07928@example.invalid,Australia,2021-12-09,Basic,15037.89
7929,Synthetic Customer 07929,customer07929@example.invalid,Germany,2023-07-06,Standard,2468.42
7930,Synthetic Customer 07930,customer07930@example.invalid,Australia,2024-12-01,Standard,958.86
7931,Synthetic Customer 07931,customer07931@example.invalid,Germany,2025-04-05,Premium,16631.15
7932,Synthetic Customer 07932,customer07932@example.invalid,USA,2021-01-25,Premium,1778.39
7933,Synthetic Customer 07933,customer07933@example.invalid,UK,2024-02-01,Premium,4025.78
7934,Synthetic Customer 07934,customer07934@example.invalid,India,2022-01-16,Basic,9089.25
7935,Synthetic Customer 07935,customer07935@example.invalid,USA,2022-04-12,Basic,13820.61
7936,Synthetic Customer 07936,customer07936@example.invalid,Singapore,2023-06-23,Basic,14951.32
7937,Synthetic Customer 07937,customer07937@example.invalid,Australia,2023-01-31,Premium,7343.42
7938,Synthetic Customer 07938,customer07938@example.invalid,Singapore,2025-01-27,Basic,18905.38
7939,Synthetic Customer 07939,customer07939@example.invalid,Singapore,2022-09-06,Premium,635.79
7940,Synthetic Customer 07940,customer07940@example.invalid,Australia,2022-08-21,Standard,3322.90
7941,Synthetic Customer 07941,customer07941@example.invalid,India,2023-09-07,Premium,11117.22
7942,Synthetic Customer 07942,customer07942@example.invalid,USA,2022-10-19,Basic,265.36
7943,Synthetic Customer 07943,customer07943@example.invalid,Australia,2020-01-28,Standard,4259.20
7944,Synthetic Customer 07944,customer07944@example.invalid,Australia,2022-03-30,Standard,8298.15
7945,Synthetic Customer 07945,customer07945@example.invalid,UK,2022-05-18,Premium,78.24
7946,Synthetic Customer 07946,customer07946@example.invalid,Germany,2020-06-24,Standard,7466.10
7947,Synthetic Customer 07947,customer07947@example.invalid,USA,2023-07-10,Standard,15098.52
7948,Synthetic Customer 07948,customer07948@example.invalid,Singapore,2024-06-28,Premium,19123.44
7949,Synthetic Customer 07949,customer07949@example.invalid,USA,2022-07-29,Premium,4198.04
7950,Synthetic Customer 07950,customer07950@example.invalid,Germany,2021-07-30,Premium,11541.91
7951,Synthetic Customer 07951,customer07951@example.invalid,USA,2023-07-12,Basic,15217.34
7952,Synthetic Customer 07952,customer07952@example.invalid,Australia,2021-06-13,Basic,11029.90
7953,Synthetic Customer 07953,customer07953@example.invalid,Australia,2020-03-14,Standard,11086.42
7954,Synthetic Customer 07954,customer07954@example.invalid,UK,2023-12-20,Premium,4807.97
7955,Synthetic Customer 07955,customer07955@example.invalid,Germany,2020-04-18,Basic,21.66
7956,Synthetic Customer 07956,customer07956@example.invalid,Germany,2022-08-12,Premium,19559.48
7957,Synthetic Customer 07957,customer07957@example.invalid,Australia,2025-02-01,Basic,19538.34
7958,Synthetic Customer 07958,customer07958@example.invalid,Canada,2025-04-25,Premium,4063.57
7959,Synthetic Customer 07959,customer07959@example.invalid,USA,2025-09-14,Premium,3697.41
7960,Synthetic Customer 07960,customer07960@example.invalid,Singapore,2023-04-27,Premium,17533.15
7961,Synthetic Customer 07961,customer07961@example.invalid,India,2024-04-01,Standard,14838.74
7962,Synthetic Customer 07962,customer07962@example.invalid,Australia,2020-04-14,Standard,2067.49
7963,Synthetic Customer 07963,customer07963@example.invalid,USA,2024-03-21,Premium,14225.61
7964,Synthetic Customer 07964,customer07964@example.invalid,USA,2025-03-22,Standard,4662.11
7965,Synthetic Customer 07965,customer07965@example.invalid,UK,2022-11-06,Basic,1376.12
7966,Synthetic Customer 07966,customer07966@example.invalid,India,2021-03-25,Premium,10935.83
7967,Synthetic Customer 07967,customer07967@example.invalid,India,2022-05-31,Premium,1514.29
7968,Synthetic Customer 07968,customer07968@example.invalid,USA,2023-09-28,Standard,18809.88
7969,Synthetic Customer 07969,customer07969@example.invalid,USA,2025-03-22,Premium,7038.95
7970,Synthetic Customer 07970,customer07970@example.invalid,Singapore,2023-10-19,Premium,11954.88
7971,Synthetic Customer 07971,customer07971@example.invalid,Canada,2023-03-08,Premium,530.30
7972,Synthetic Customer 07972,customer07972@example.invalid,Germany,2020-05-13,Premium,432.51
7973,Synthetic Customer 07973,customer07973@example.invalid,India,2025-06-07,Standard,10423.27
7974,Synthetic Customer 07974,customer07974@example.invalid,India,2024-12-16,Standard,17688.79
7975,Synthetic Customer 07975,customer07975@example.invalid,UK,2025-12-31,Standard,14017.16
7976,Synthetic Customer 07976,customer07976@example.invalid,Australia,2021-05-28,Standard,14697.02
7977,Synthetic Customer 07977,customer07977@example.invalid,USA,2024-10-23,Basic,708.81
7978,Synthetic Customer 07978,customer07978@example.invalid,UK,2025-12-31,Premium,5441.81
7979,Synthetic Customer 07979,customer07979@example.invalid,Germany,2025-08-31,Standard,10002.17
7980,Synthetic Customer 07980,customer07980@example.invalid,Canada,2024-06-14,Standard,7747.54
7981,Synthetic Customer 07981,customer07981@example.invalid,Canada,2021-08-12,Premium,7649.34
7982,Synthetic Customer 07982,customer07982@example.invalid,Canada,2024-10-21,Basic,5827.09
7983,Synthetic Customer 07983,customer07983@example.invalid,UK,2022-11-19,Basic,10259.97
7984,Synthetic Customer 07984,customer07984@example.invalid,Germany,2021-11-30,Standard,9257.38
7985,Synthetic Customer 07985,customer07985@example.invalid,Singapore,2024-04-01,Premium,9610.88
7986,Synthetic Customer 07986,customer07986@example.invalid,UK,2025-07-23,Basic,1388.32
7987,Synthetic Customer 07987,customer07987@example.invalid,India,2025-07-27,Basic,15790.49
7988,Synthetic Customer 07988,customer07988@example.invalid,USA,2021-09-17,Premium,12204.46
7989,Synthetic Customer 07989,customer07989@example.invalid,Germany,2025-04-09,Basic,12228.94
7990,Synthetic Customer 07990,customer07990@example.invalid,India,2023-06-16,Basic,11525.95
7991,Synthetic Customer 07991,customer07991@example.invalid,USA,2025-03-19,Standard,1697.38
7992,Synthetic Customer 07992,customer07992@example.invalid,Canada,2024-08-13,Basic,1424.27
7993,Synthetic Customer 07993,customer07993@example.invalid,India,2025-03-16,Standard,9743.76
7994,Synthetic Customer 07994,customer07994@example.invalid,UK,2021-01-14,Standard,1164.26
7995,Synthetic Customer 07995,customer07995@example.invalid,India,2021-09-15,Premium,18728.75
7996,Synthetic Customer 07996,customer07996@example.invalid,Germany,2022-05-26,Standard,10329.46
7997,Synthetic Customer 07997,customer07997@example.invalid,India,2020-11-05,Premium,2281.58
7998,Synthetic Customer 07998,customer07998@example.invalid,India,2024-07-18,Basic,1723.59
7999,Synthetic Customer 07999,customer07999@example.invalid,USA,2022-06-28,Premium,8271.55
8000,Synthetic Customer 08000,customer08000@example.invalid,UK,2023-04-17,Standard,6351.25
8001,Synthetic Customer 08001,customer08001@example.invalid,Canada,2023-01-28,Premium,223.88
8002,Synthetic Customer 08002,customer08002@example.invalid,USA,2020-05-27,Basic,19065.65
8003,Synthetic Customer 08003,customer08003@example.invalid,Singapore,2022-10-18,Premium,10198.77
8004,Synthetic Customer 08004,customer08004@example.invalid,UK,2022-04-12,Standard,8429.39
8005,Synthetic Customer 08005,customer08005@example.invalid,UK,2021-09-06,Basic,5730.43
8006,Synthetic Customer 08006,customer08006@example.invalid,India,2022-07-20,Basic,3751.62
8007,Synthetic Customer 08007,customer08007@example.invalid,Germany,2021-01-14,Standard,10263.21
8008,Synthetic Customer 08008,customer08008@example.invalid,USA,2024-08-02,Premium,10372.77
8009,Synthetic Customer 08009,customer08009@example.invalid,UK,2022-05-25,Premium,15955.73
8010,Synthetic Customer 08010,customer08010@example.invalid,USA,2025-04-01,Standard,11363.62
8011,Synthetic Customer 08011,customer08011@example.invalid,Germany,2022-11-12,Basic,17605.92
8012,Synthetic Customer 08012,customer08012@example.invalid,USA,2021-08-11,Basic,8721.26
8013,Synthetic Customer 08013,customer08013@example.invalid,India,2020-07-19,Standard,3902.15
8014,Synthetic Customer 08014,customer08014@example.invalid,India,2022-01-02,Premium,14694.67
8015,Synthetic Customer 08015,customer08015@example.invalid,India,2021-03-01,Premium,6806.04
8016,Synthetic Customer 08016,customer08016@example.invalid,Canada,2024-03-06,Basic,11406.09
8017,Synthetic Customer 08017,customer08017@example.invalid,Australia,2025-04-01,Standard,12059.29
8018,Synthetic Customer 08018,customer08018@example.invalid,India,2021-04-03,Basic,1770.51
8019,Synthetic Customer 08019,customer08019@example.invalid,India,2022-10-08,Standard,5253.03
8020,Synthetic Customer 08020,customer08020@example.invalid,Canada,2020-09-04,Premium,16076.32
8021,Synthetic Customer 08021,customer08021@example.invalid,India,2022-06-04,Premium,11724.05
8022,Synthetic Customer 08022,customer08022@example.invalid,India,2024-07-23,Premium,19951.91
8023,Synthetic Customer 08023,customer08023@example.invalid,USA,2024-03-18,Premium,1014.27
8024,Synthetic Customer 08024,customer08024@example.invalid,India,2023-10-19,Standard,19800.29
8025,Synthetic Customer 08025,customer08025@example.invalid,Canada,2020-09-21,Basic,9953.47
8026,Synthetic Customer 08026,customer08026@example.invalid,India,2021-11-26,Standard,18547.44
8027,Synthetic Customer 08027,customer08027@example.invalid,Singapore,2020-03-09,Premium,10595.21
8028,Synthetic Customer 08028,customer08028@example.invalid,Germany,2021-07-25,Premium,7217.09
8029,Synthetic Customer 08029,customer08029@example.invalid,Australia,2022-05-06,Basic,17897.58
8030,Synthetic Customer 08030,customer08030@example.invalid,UK,2021-08-08,Basic,1054.98
8031,Synthetic Customer 08031,customer08031@example.invalid,UK,2021-07-24,Standard,15087.94
8032,Synthetic Customer 08032,customer08032@example.invalid,UK,2021-04-22,Standard,14785.16
8033,Synthetic Customer 08033,customer08033@example.invalid,USA,2022-01-15,Premium,18559.40
8034,Synthetic Customer 08034,customer08034@example.invalid,Canada,2023-02-04,Premium,11809.96
8035,Synthetic Customer 08035,customer08035@example.invalid,Germany,2023-02-13,Premium,9772.74
8036,Synthetic Customer 08036,customer08036@example.invalid,India,2024-11-24,Premium,11048.67
8037,Synthetic Customer 08037,customer08037@example.invalid,Singapore,2021-05-02,Basic,15548.35
8038,Synthetic Customer 08038,customer08038@example.invalid,Australia,2020-04-08,Premium,8790.52
8039,Synthetic Customer 08039,customer08039@example.invalid,India,2021-08-13,Basic,5086.85
8040,Synthetic Customer 08040,customer08040@example.invalid,Singapore,2021-01-22,Premium,6695.22
8041,Synthetic Customer 08041,customer08041@example.invalid,Australia,2024-01-16,Premium,9446.32
8042,Synthetic Customer 08042,customer08042@example.invalid,USA,2021-11-02,Standard,12729.05
8043,Synthetic Customer 08043,customer08043@example.invalid,Canada,2024-05-31,Premium,7215.62
8044,Synthetic Customer 08044,customer08044@example.invalid,Canada,2020-09-01,Standard,8194.60
8045,Synthetic Customer 08045,customer08045@example.invalid,Singapore,2021-11-05,Basic,13656.89
8046,Synthetic Customer 08046,customer08046@example.invalid,USA,2025-12-30,Standard,11064.57
8047,Synthetic Customer 08047,customer08047@example.invalid,USA,2022-06-29,Premium,8415.73
8048,Synthetic Customer 08048,customer08048@example.invalid,India,2025-12-26,Standard,856.34
8049,Synthetic Customer 08049,customer08049@example.invalid,Canada,2025-10-25,Premium,16118.79
8050,Synthetic Customer 08050,customer08050@example.invalid,Canada,2020-10-04,Standard,16296.00
8051,Synthetic Customer 08051,customer08051@example.invalid,Germany,2024-01-15,Standard,18653.41
8052,Synthetic Customer 08052,customer08052@example.invalid,India,2022-06-26,Standard,479.80
8053,Synthetic Customer 08053,customer08053@example.invalid,Australia,2022-08-15,Basic,11750.87
8054,Synthetic Customer 08054,customer08054@example.invalid,India,2023-11-21,Standard,4875.66
8055,Synthetic Customer 08055,customer08055@example.invalid,Canada,2024-06-19,Standard,7992.67
8056,Synthetic Customer 08056,customer08056@example.invalid,Australia,2020-01-10,Standard,723.24
8057,Synthetic Customer 08057,customer08057@example.invalid,Australia,2025-09-06,Standard,2818.73
8058,Synthetic Customer 08058,customer08058@example.invalid,Australia,2024-07-28,Premium,19407.51
8059,Synthetic Customer 08059,customer08059@example.invalid,India,2023-01-17,Basic,11458.42
8060,Synthetic Customer 08060,customer08060@example.invalid,UK,2025-10-21,Standard,19277.74
8061,Synthetic Customer 08061,customer08061@example.invalid,Germany,2024-10-11,Standard,4802.18
8062,Synthetic Customer 08062,customer08062@example.invalid,Canada,2022-06-21,Premium,9491.65
8063,Synthetic Customer 08063,customer08063@example.invalid,Australia,2024-10-23,Basic,18719.74
8064,Synthetic Customer 08064,customer08064@example.invalid,Singapore,2022-08-09,Premium,2753.13
8065,Synthetic Customer 08065,customer08065@example.invalid,UK,2021-12-01,Standard,11552.76
8066,Synthetic Customer 08066,customer08066@example.invalid,Canada,2021-08-03,Standard,12151.19
8067,Synthetic Customer 08067,customer08067@example.invalid,Canada,2025-07-31,Premium,19871.70
8068,Synthetic Customer 08068,customer08068@example.invalid,USA,2023-05-10,Premium,19834.91
8069,Synthetic Customer 08069,customer08069@example.invalid,India,2021-01-10,Basic,1118.71
8070,Synthetic Customer 08070,customer08070@example.invalid,UK,2024-10-25,Standard,11311.58
8071,Synthetic Customer 08071,customer08071@example.invalid,Singapore,2021-09-17,Basic,514.49
8072,Synthetic Customer 08072,customer08072@example.invalid,UK,2025-06-25,Standard,10693.60
8073,Synthetic Customer 08073,customer08073@example.invalid,UK,2020-10-28,Basic,17883.51
8074,Synthetic Customer 08074,customer08074@example.invalid,Germany,2024-01-11,Standard,2216.08
8075,Synthetic Customer 08075,customer08075@example.invalid,Canada,2024-09-23,Basic,18703.21
8076,Synthetic Customer 08076,customer08076@example.invalid,Germany,2022-06-24,Standard,8410.10
8077,Synthetic Customer 08077,customer08077@example.invalid,India,2024-11-21,Premium,4433.15
8078,Synthetic Customer 08078,customer08078@example.invalid,India,2025-12-23,Basic,867.29
8079,Synthetic Customer 08079,customer08079@example.invalid,Singapore,2022-07-29,Standard,2576.04
8080,Synthetic Customer 08080,customer08080@example.invalid,Australia,2020-02-27,Standard,1835.40
8081,Synthetic Customer 08081,customer08081@example.invalid,USA,2021-02-17,Standard,8374.76
8082,Synthetic Customer 08082,customer08082@example.invalid,India,2020-01-12,Standard,15875.22
8083,Synthetic Customer 08083,customer08083@example.invalid,India,2020-06-30,Premium,19064.07
8084,Synthetic Customer 08084,customer08084@example.invalid,India,2024-02-06,Basic,11276.33
8085,Synthetic Customer 08085,customer08085@example.invalid,Canada,2020-05-11,Standard,12226.04
8086,Synthetic Customer 08086,customer08086@example.invalid,USA,2021-12-08,Premium,2561.44
8087,Synthetic Customer 08087,customer08087@example.invalid,Canada,2022-08-27,Standard,3127.43
8088,Synthetic Customer 08088,customer08088@example.invalid,Australia,2021-06-29,Basic,17392.23
8089,Synthetic Customer 08089,customer08089@example.invalid,Australia,2023-12-10,Premium,19619.33
8090,Synthetic Customer 08090,customer08090@example.invalid,Australia,2022-07-23,Basic,4989.42
8091,Synthetic Customer 08091,customer08091@example.invalid,Canada,2021-08-20,Basic,19707.86
8092,Synthetic Customer 08092,customer08092@example.invalid,Canada,2021-11-09,Premium,13163.70
8093,Synthetic Customer 08093,customer08093@example.invalid,USA,2024-01-16,Basic,1299.33
8094,Synthetic Customer 08094,customer08094@example.invalid,India,2025-07-03,Premium,15594.41
8095,Synthetic Customer 08095,customer08095@example.invalid,USA,2023-02-26,Basic,4001.43
8096,Synthetic Customer 08096,customer08096@example.invalid,Canada,2021-11-02,Premium,10308.62
8097,Synthetic Customer 08097,customer08097@example.invalid,India,2023-09-10,Basic,11244.11
8098,Synthetic Customer 08098,customer08098@example.invalid,Singapore,2023-11-05,Standard,1002.76
8099,Synthetic Customer 08099,customer08099@example.invalid,Canada,2021-12-23,Premium,12133.87
8100,Synthetic Customer 08100,customer08100@example.invalid,Germany,2025-05-29,Standard,18403.98
8101,Synthetic Customer 08101,customer08101@example.invalid,Canada,2021-05-12,Premium,4216.30
8102,Synthetic Customer 08102,customer08102@example.invalid,Canada,2021-03-13,Basic,17076.59
8103,Synthetic Customer 08103,customer08103@example.invalid,Singapore,2020-07-08,Premium,1995.62
8104,Synthetic Customer 08104,customer08104@example.invalid,Singapore,2020-10-05,Standard,9784.79
8105,Synthetic Customer 08105,customer08105@example.invalid,Australia,2022-12-18,Premium,6480.68
8106,Synthetic Customer 08106,customer08106@example.invalid,Singapore,2024-08-29,Basic,10160.16
8107,Synthetic Customer 08107,customer08107@example.invalid,UK,2021-10-04,Premium,18954.49
8108,Synthetic Customer 08108,customer08108@example.invalid,Singapore,2025-10-27,Premium,18648.30
8109,Synthetic Customer 08109,customer08109@example.invalid,Australia,2021-03-22,Standard,10499.69
8110,Synthetic Customer 08110,customer08110@example.invalid,India,2023-09-19,Basic,4700.15
8111,Synthetic Customer 08111,customer08111@example.invalid,Germany,2025-05-23,Standard,4925.68
8112,Synthetic Customer 08112,customer08112@example.invalid,Canada,2022-07-23,Standard,4604.71
8113,Synthetic Customer 08113,customer08113@example.invalid,UK,2021-12-18,Basic,9890.76
8114,Synthetic Customer 08114,customer08114@example.invalid,UK,2021-03-14,Basic,16847.54
8115,Synthetic Customer 08115,customer08115@example.invalid,Canada,2022-05-21,Premium,17840.42
8116,Synthetic Customer 08116,customer08116@example.invalid,Canada,2022-07-29,Premium,15069.89
8117,Synthetic Customer 08117,customer08117@example.invalid,Germany,2020-10-15,Basic,9696.06
8118,Synthetic Customer 08118,customer08118@example.invalid,Canada,2024-10-03,Basic,6841.61
8119,Synthetic Customer 08119,customer08119@example.invalid,USA,2022-09-06,Basic,4457.54
8120,Synthetic Customer 08120,customer08120@example.invalid,Singapore,2021-05-12,Premium,17132.22
8121,Synthetic Customer 08121,customer08121@example.invalid,India,2022-04-28,Premium,14709.11
8122,Synthetic Customer 08122,customer08122@example.invalid,Australia,2021-05-24,Standard,15156.15
8123,Synthetic Customer 08123,customer08123@example.invalid,Canada,2022-05-05,Standard,4853.06
8124,Synthetic Customer 08124,customer08124@example.invalid,UK,2020-10-12,Standard,12972.69
8125,Synthetic Customer 08125,customer08125@example.invalid,Germany,2021-11-29,Standard,11296.51
8126,Synthetic Customer 08126,customer08126@example.invalid,USA,2023-10-19,Premium,14535.81
8127,Synthetic Customer 08127,customer08127@example.invalid,Singapore,2022-01-09,Premium,13481.07
8128,Synthetic Customer 08128,customer08128@example.invalid,Singapore,2020-06-24,Standard,1408.47
8129,Synthetic Customer 08129,customer08129@example.invalid,Singapore,2020-10-07,Basic,2268.33
8130,Synthetic Customer 08130,customer08130@example.invalid,India,2023-01-30,Basic,11307.91
8131,Synthetic Customer 08131,customer08131@example.invalid,India,2022-04-12,Premium,17330.42
8132,Synthetic Customer 08132,customer08132@example.invalid,USA,2020-09-04,Standard,15967.23
8133,Synthetic Customer 08133,customer08133@example.invalid,UK,2023-02-13,Standard,12441.02
8134,Synthetic Customer 08134,customer08134@example.invalid,Singapore,2021-07-18,Premium,3272.56
8135,Synthetic Customer 08135,customer08135@example.invalid,USA,2025-05-10,Premium,13505.54
8136,Synthetic Customer 08136,customer08136@example.invalid,Australia,2023-11-28,Basic,5371.23
8137,Synthetic Customer 08137,customer08137@example.invalid,India,2024-09-25,Premium,11672.37
8138,Synthetic Customer 08138,customer08138@example.invalid,Canada,2024-10-04,Premium,18989.97
8139,Synthetic Customer 08139,customer08139@example.invalid,Singapore,2024-11-26,Basic,2269.65
8140,Synthetic Customer 08140,customer08140@example.invalid,Singapore,2024-12-05,Premium,19056.44
8141,Synthetic Customer 08141,customer08141@example.invalid,Australia,2021-11-16,Standard,2515.84
8142,Synthetic Customer 08142,customer08142@example.invalid,India,2020-05-02,Basic,10772.51
8143,Synthetic Customer 08143,customer08143@example.invalid,Canada,2020-09-15,Basic,12223.70
8144,Synthetic Customer 08144,customer08144@example.invalid,Australia,2021-01-06,Premium,6083.01
8145,Synthetic Customer 08145,customer08145@example.invalid,Singapore,2022-03-30,Standard,6837.52
8146,Synthetic Customer 08146,customer08146@example.invalid,Australia,2023-11-30,Premium,7259.34
8147,Synthetic Customer 08147,customer08147@example.invalid,India,2024-11-25,Standard,13699.53
8148,Synthetic Customer 08148,customer08148@example.invalid,Singapore,2022-12-21,Standard,17569.09
8149,Synthetic Customer 08149,customer08149@example.invalid,USA,2021-11-22,Premium,1755.05
8150,Synthetic Customer 08150,customer08150@example.invalid,Germany,2024-02-28,Basic,1281.52
8151,Synthetic Customer 08151,customer08151@example.invalid,Canada,2023-12-17,Standard,695.85
8152,Synthetic Customer 08152,customer08152@example.invalid,UK,2021-05-21,Standard,19949.21
8153,Synthetic Customer 08153,customer08153@example.invalid,Germany,2022-08-14,Premium,10176.30
8154,Synthetic Customer 08154,customer08154@example.invalid,USA,2025-04-19,Basic,6132.94
8155,Synthetic Customer 08155,customer08155@example.invalid,Singapore,2022-12-10,Standard,10688.62
8156,Synthetic Customer 08156,customer08156@example.invalid,Singapore,2021-07-24,Basic,1725.34
8157,Synthetic Customer 08157,customer08157@example.invalid,India,2025-10-19,Premium,19034.72
8158,Synthetic Customer 08158,customer08158@example.invalid,Australia,2021-06-11,Standard,4081.10
8159,Synthetic Customer 08159,customer08159@example.invalid,USA,2025-10-23,Basic,14283.93
8160,Synthetic Customer 08160,customer08160@example.invalid,Australia,2020-03-21,Premium,15069.38
8161,Synthetic Customer 08161,customer08161@example.invalid,USA,2025-02-11,Basic,39.33
8162,Synthetic Customer 08162,customer08162@example.invalid,Singapore,2023-01-08,Standard,17724.61
8163,Synthetic Customer 08163,customer08163@example.invalid,UK,2022-12-22,Premium,5597.92
8164,Synthetic Customer 08164,customer08164@example.invalid,Germany,2023-09-04,Standard,4784.15
8165,Synthetic Customer 08165,customer08165@example.invalid,India,2023-05-28,Standard,5823.62
8166,Synthetic Customer 08166,customer08166@example.invalid,Singapore,2020-03-27,Standard,3928.10
8167,Synthetic Customer 08167,customer08167@example.invalid,Germany,2025-06-05,Premium,10560.29
8168,Synthetic Customer 08168,customer08168@example.invalid,India,2025-02-24,Premium,14889.47
8169,Synthetic Customer 08169,customer08169@example.invalid,USA,2022-09-03,Premium,18744.72
8170,Synthetic Customer 08170,customer08170@example.invalid,Canada,2023-04-11,Premium,12918.85
8171,Synthetic Customer 08171,customer08171@example.invalid,Australia,2020-03-02,Premium,10929.04
8172,Synthetic Customer 08172,customer08172@example.invalid,Canada,2023-10-05,Standard,15884.65
8173,Synthetic Customer 08173,customer08173@example.invalid,Singapore,2024-08-21,Standard,12343.60
8174,Synthetic Customer 08174,customer08174@example.invalid,India,2022-12-11,Premium,6395.75
8175,Synthetic Customer 08175,customer08175@example.invalid,India,2022-07-15,Premium,2940.29
8176,Synthetic Customer 08176,customer08176@example.invalid,Singapore,2020-05-30,Standard,12247.86
8177,Synthetic Customer 08177,customer08177@example.invalid,USA,2020-05-14,Basic,7635.40
8178,Synthetic Customer 08178,customer08178@example.invalid,Canada,2020-02-16,Standard,9843.41
8179,Synthetic Customer 08179,customer08179@example.invalid,UK,2023-04-17,Standard,6094.79
8180,Synthetic Customer 08180,customer08180@example.invalid,Germany,2024-02-03,Premium,19181.46
8181,Synthetic Customer 08181,customer08181@example.invalid,India,2021-10-10,Standard,327.16
8182,Synthetic Customer 08182,customer08182@example.invalid,Singapore,2023-08-17,Premium,16396.39
8183,Synthetic Customer 08183,customer08183@example.invalid,Canada,2025-05-17,Premium,19102.23
8184,Synthetic Customer 08184,customer08184@example.invalid,Canada,2025-01-23,Basic,7406.56
8185,Synthetic Customer 08185,customer08185@example.invalid,USA,2023-06-16,Basic,912.29
8186,Synthetic Customer 08186,customer08186@example.invalid,India,2023-09-28,Basic,12172.18
8187,Synthetic Customer 08187,customer08187@example.invalid,Singapore,2025-03-29,Premium,1642.32
8188,Synthetic Customer 08188,customer08188@example.invalid,UK,2020-08-04,Standard,14146.31
8189,Synthetic Customer 08189,customer08189@example.invalid,USA,2024-07-21,Premium,4497.65
8190,Synthetic Customer 08190,customer08190@example.invalid,India,2021-05-31,Basic,7757.59
8191,Synthetic Customer 08191,customer08191@example.invalid,Canada,2024-05-19,Premium,2416.22
8192,Synthetic Customer 08192,customer08192@example.invalid,Singapore,2021-12-13,Basic,19917.81
8193,Synthetic Customer 08193,customer08193@example.invalid,Germany,2022-11-04,Premium,9534.03
8194,Synthetic Customer 08194,customer08194@example.invalid,USA,2025-03-24,Premium,-100.00
8195,Synthetic Customer 08195,customer08195@example.invalid,Australia,2023-09-05,Basic,14334.12
8196,Synthetic Customer 08196,customer08196@example.invalid,Germany,2021-09-09,Premium,15526.80
8197,Synthetic Customer 08197,customer08197@example.invalid,Singapore,2022-01-22,Premium,19477.69
8198,Synthetic Customer 08198,customer08198@example.invalid,USA,2022-07-05,Premium,16415.39
8199,Synthetic Customer 08199,customer08199@example.invalid,Canada,2022-12-26,Basic,2019.91
8200,Synthetic Customer 08200,customer08200@example.invalid,India,2023-03-16,Standard,14657.83
8201,Synthetic Customer 08201,customer08201@example.invalid,USA,2021-08-10,Basic,19520.66
8202,Synthetic Customer 08202,customer08202@example.invalid,Singapore,2023-02-14,Basic,2095.07
8203,Synthetic Customer 08203,customer08203@example.invalid,Singapore,2020-07-06,Premium,8658.83
8204,Synthetic Customer 08204,customer08204@example.invalid,India,2020-06-26,Basic,259.20
8205,Synthetic Customer 08205,customer08205@example.invalid,UK,2022-08-07,Premium,16185.19
8206,Synthetic Customer 08206,customer08206@example.invalid,Canada,2022-04-08,Standard,2147.61
8207,Synthetic Customer 08207,customer08207@example.invalid,Canada,2020-07-15,Premium,11420.14
8208,Synthetic Customer 08208,customer08208@example.invalid,India,2025-12-17,Standard,14418.46
8209,Synthetic Customer 08209,customer08209@example.invalid,Singapore,2025-04-05,Basic,5430.76
8210,Synthetic Customer 08210,customer08210@example.invalid,Singapore,2025-05-12,Premium,7389.81
8211,Synthetic Customer 08211,customer08211@example.invalid,Canada,2023-11-13,Premium,16784.14
8212,Synthetic Customer 08212,customer08212@example.invalid,Australia,2024-11-16,Basic,7596.94
8213,Synthetic Customer 08213,customer08213@example.invalid,India,2025-03-07,Standard,12548.22
8214,Synthetic Customer 08214,customer08214@example.invalid,Singapore,2023-11-05,Standard,1404.56
8215,Synthetic Customer 08215,customer08215@example.invalid,Australia,2022-02-24,Premium,16453.53
8216,Synthetic Customer 08216,customer08216@example.invalid,Germany,2025-06-27,Premium,5276.22
8217,Synthetic Customer 08217,customer08217@example.invalid,Canada,2023-06-05,Premium,12265.51
8218,Synthetic Customer 08218,customer08218@example.invalid,UK,2022-10-20,Premium,19728.96
8219,Synthetic Customer 08219,customer08219@example.invalid,Australia,2024-04-25,Standard,4526.24
8220,Synthetic Customer 08220,customer08220@example.invalid,Singapore,2023-10-26,Standard,4903.43
8221,Synthetic Customer 08221,customer08221@example.invalid,India,2024-07-30,Basic,19534.06
8222,Synthetic Customer 08222,customer08222@example.invalid,India,2022-12-05,Premium,2080.74
8223,Synthetic Customer 08223,customer08223@example.invalid,Singapore,2023-12-17,Basic,9766.39
8224,Synthetic Customer 08224,customer08224@example.invalid,India,2025-02-25,Premium,14103.70
8225,Synthetic Customer 08225,customer08225@example.invalid,UK,2024-03-02,Premium,16551.45
8226,Synthetic Customer 08226,customer08226@example.invalid,Germany,2022-05-29,Standard,10042.72
8227,Synthetic Customer 08227,customer08227@example.invalid,Canada,2023-05-27,Basic,95.04
8228,Synthetic Customer 08228,customer08228@example.invalid,Singapore,2025-08-28,Basic,14907.62
8229,Synthetic Customer 08229,customer08229@example.invalid,Canada,2021-01-05,Basic,8535.44
8230,Synthetic Customer 08230,customer08230@example.invalid,India,2025-09-06,Premium,12972.20
8231,Synthetic Customer 08231,customer08231@example.invalid,Germany,2021-03-29,Standard,10210.69
8232,Synthetic Customer 08232,customer08232@example.invalid,Canada,2021-08-19,Basic,10744.72
8233,Synthetic Customer 08233,customer08233@example.invalid,Singapore,2023-07-10,Standard,9714.62
8234,Synthetic Customer 08234,customer08234@example.invalid,Canada,2022-12-23,Premium,12602.96
8235,Synthetic Customer 08235,customer08235@example.invalid,Australia,2025-04-20,Premium,15957.25
8236,Synthetic Customer 08236,customer08236@example.invalid,Australia,2020-09-05,Premium,1089.02
8237,Synthetic Customer 08237,customer08237@example.invalid,Germany,2022-11-12,Premium,13529.35
8238,Synthetic Customer 08238,customer08238@example.invalid,Germany,2024-09-28,Premium,1192.24
8239,Synthetic Customer 08239,customer08239@example.invalid,USA,2023-02-08,Standard,6028.16
8240,Synthetic Customer 08240,customer08240@example.invalid,Germany,2022-02-07,Premium,4785.38
8241,Synthetic Customer 08241,customer08241@example.invalid,Singapore,2023-03-05,Basic,10456.81
8242,Synthetic Customer 08242,customer08242@example.invalid,USA,2024-07-04,Basic,10391.51
8243,Synthetic Customer 08243,customer08243@example.invalid,Germany,2022-03-17,Premium,12811.61
8244,Synthetic Customer 08244,customer08244@example.invalid,Germany,2021-07-22,Basic,4473.63
8245,Synthetic Customer 08245,customer08245@example.invalid,Canada,2020-08-04,Premium,4119.97
8246,Synthetic Customer 08246,customer08246@example.invalid,UK,2021-12-01,Premium,3619.87
8247,Synthetic Customer 08247,customer08247@example.invalid,India,2021-03-08,Basic,3801.15
8248,Synthetic Customer 08248,customer08248@example.invalid,UK,2023-08-31,Basic,9557.90
8249,Synthetic Customer 08249,customer08249@example.invalid,Australia,2023-02-17,Basic,12530.59
8250,Synthetic Customer 08250,customer08250@example.invalid,UK,2022-02-10,Premium,2797.40
8251,Synthetic Customer 08251,customer08251@example.invalid,Singapore,2021-07-20,Basic,6087.66
8252,Synthetic Customer 08252,customer08252@example.invalid,UK,2022-09-18,Basic,9198.46
8253,Synthetic Customer 08253,customer08253@example.invalid,USA,2025-08-10,Standard,7319.29
8254,Synthetic Customer 08254,customer08254@example.invalid,Germany,2025-09-11,Basic,11418.32
8255,Synthetic Customer 08255,customer08255@example.invalid,Australia,2020-01-25,Basic,17245.45
8256,Synthetic Customer 08256,customer08256@example.invalid,Australia,2025-01-19,Basic,14204.36
8257,Synthetic Customer 08257,customer08257@example.invalid,Singapore,2024-02-11,Basic,12835.52
8258,Synthetic Customer 08258,customer08258@example.invalid,Germany,2024-02-01,Standard,4860.70
8259,Synthetic Customer 08259,customer08259@example.invalid,UK,2023-11-29,Basic,3445.07
8260,Synthetic Customer 08260,customer08260@example.invalid,Germany,2022-06-12,Premium,19307.39
8261,Synthetic Customer 08261,customer08261@example.invalid,Singapore,2024-01-08,Standard,11744.75
8262,Synthetic Customer 08262,customer08262@example.invalid,USA,2021-03-26,Standard,15185.19
8263,Synthetic Customer 08263,customer08263@example.invalid,Germany,2022-07-08,Standard,4877.02
8264,Synthetic Customer 08264,customer08264@example.invalid,UK,2021-11-16,Standard,12754.06
8265,Synthetic Customer 08265,customer08265@example.invalid,Canada,2024-02-22,Standard,10891.50
8266,Synthetic Customer 08266,customer08266@example.invalid,USA,2021-12-26,Premium,15598.53
8267,Synthetic Customer 08267,customer08267@example.invalid,USA,2024-08-07,Standard,6022.76
8268,Synthetic Customer 08268,customer08268@example.invalid,Germany,2020-06-16,Premium,18152.77
8269,Synthetic Customer 08269,customer08269@example.invalid,Canada,2020-03-16,Standard,18586.81
8270,Synthetic Customer 08270,customer08270@example.invalid,Canada,2021-07-26,Basic,15875.95
8271,Synthetic Customer 08271,customer08271@example.invalid,Germany,2025-03-14,Standard,14253.22
8272,Synthetic Customer 08272,customer08272@example.invalid,Australia,2021-04-09,Standard,2291.96
8273,Synthetic Customer 08273,,Singapore,2022-11-13,Basic,12370.37
8274,Synthetic Customer 08274,customer08274@example.invalid,Germany,2023-10-10,Basic,16716.41
8275,Synthetic Customer 08275,customer08275@example.invalid,Germany,2023-06-03,Basic,19076.29
8276,Synthetic Customer 08276,customer08276@example.invalid,USA,2024-10-10,Premium,7740.95
8277,Synthetic Customer 08277,customer08277@example.invalid,USA,2022-02-06,Standard,19315.02
8278,Synthetic Customer 08278,customer08278@example.invalid,India,2022-07-30,Basic,6303.81
8279,Synthetic Customer 08279,customer08279@example.invalid,UK,2022-01-21,Standard,14551.18
8280,Synthetic Customer 08280,customer08280@example.invalid,Canada,2023-03-22,Standard,6384.78
8281,Synthetic Customer 08281,customer08281@example.invalid,India,2021-04-26,Premium,9647.45
8282,Synthetic Customer 08282,customer08282@example.invalid,UK,2022-07-23,Premium,11566.20
8283,Synthetic Customer 08283,customer08283@example.invalid,Australia,2023-03-24,Premium,3092.13
8284,Synthetic Customer 08284,customer08284@example.invalid,Germany,2023-07-29,Premium,16865.14
8285,Synthetic Customer 08285,customer08285@example.invalid,Singapore,2022-05-12,Premium,17820.91
8286,Synthetic Customer 08286,customer08286@example.invalid,USA,2023-10-26,Basic,8822.00
8287,Synthetic Customer 08287,customer08287@example.invalid,Singapore,2021-04-18,Basic,7562.40
8288,Synthetic Customer 08288,customer08288@example.invalid,Australia,2020-04-17,Basic,13294.28
8289,Synthetic Customer 08289,customer08289@example.invalid,UK,2021-10-02,Standard,7826.43
8290,Synthetic Customer 08290,customer08290@example.invalid,UK,2022-08-10,Standard,6159.94
8291,Synthetic Customer 08291,customer08291@example.invalid,Australia,2023-07-15,Premium,1861.62
8292,Synthetic Customer 08292,customer08292@example.invalid,Germany,2021-05-25,Premium,6888.31
8293,Synthetic Customer 08293,customer08293@example.invalid,Canada,2022-07-01,Premium,13139.10
8294,Synthetic Customer 08294,customer08294@example.invalid,India,2021-05-28,Standard,10884.39
8295,Synthetic Customer 08295,customer08295@example.invalid,Singapore,2021-09-21,Premium,18226.02
8296,Synthetic Customer 08296,customer08296@example.invalid,India,2023-05-06,Standard,9550.32
8297,Synthetic Customer 08297,customer08297@example.invalid,Australia,2025-01-10,Premium,2482.15
8298,Synthetic Customer 08298,customer08298@example.invalid,Germany,2022-06-17,Basic,13715.99
8299,Synthetic Customer 08299,customer08299@example.invalid,India,2025-09-26,Premium,10042.45
8300,Synthetic Customer 08300,customer08300@example.invalid,Germany,2023-12-27,Standard,16159.87
8301,Synthetic Customer 08301,customer08301@example.invalid,Singapore,2021-10-14,Basic,16429.81
8302,Synthetic Customer 08302,customer08302@example.invalid,USA,2022-04-24,Standard,8682.43
8303,Synthetic Customer 08303,customer08303@example.invalid,UK,2024-06-28,Basic,939.71
8304,Synthetic Customer 08304,customer08304@example.invalid,India,2021-04-23,Standard,16577.04
8305,Synthetic Customer 08305,customer08305@example.invalid,Germany,2022-10-06,Premium,14111.38
8306,Synthetic Customer 08306,customer08306@example.invalid,UK,2025-04-15,Premium,17335.92
8307,Synthetic Customer 08307,customer08307@example.invalid,Germany,2021-05-24,Basic,4749.73
8308,Synthetic Customer 08308,customer08308@example.invalid,USA,2021-05-28,Premium,5422.53
8309,Synthetic Customer 08309,customer08309@example.invalid,Australia,2024-07-27,Basic,11409.78
8310,Synthetic Customer 08310,customer08310@example.invalid,Singapore,2022-09-11,Premium,19640.23
8311,Synthetic Customer 08311,customer08311@example.invalid,Australia,2021-12-10,Standard,13320.81
8312,Synthetic Customer 08312,customer08312@example.invalid,Singapore,2020-08-02,Standard,2698.13
8313,Synthetic Customer 08313,customer08313@example.invalid,USA,2020-11-03,Basic,6836.92
8314,Synthetic Customer 08314,customer08314@example.invalid,India,2022-04-13,Basic,15506.92
8315,Synthetic Customer 08315,customer08315@example.invalid,Singapore,2021-12-14,Basic,9478.10
8316,Synthetic Customer 08316,customer08316@example.invalid,Singapore,2022-08-22,Premium,12557.24
8317,Synthetic Customer 08317,customer08317@example.invalid,Australia,2021-09-14,Basic,4515.52
8318,Synthetic Customer 08318,customer08318@example.invalid,Germany,2024-03-13,Basic,8483.45
8319,Synthetic Customer 08319,customer08319@example.invalid,Singapore,2021-11-22,Premium,15463.40
8320,Synthetic Customer 08320,customer08320@example.invalid,Singapore,2024-02-19,Standard,13733.39
8321,Synthetic Customer 08321,customer08321@example.invalid,Germany,2022-07-07,Basic,1403.11
8322,Synthetic Customer 08322,customer08322@example.invalid,UK,2025-11-25,Basic,11661.53
8323,Synthetic Customer 08323,customer08323@example.invalid,USA,2021-03-23,Standard,13410.59
8324,Synthetic Customer 08324,customer08324@example.invalid,Australia,2024-12-19,Standard,5999.01
8325,Synthetic Customer 08325,customer08325@example.invalid,USA,2023-01-22,Basic,3602.92
8326,Synthetic Customer 08326,customer08326@example.invalid,Singapore,2024-05-17,Standard,17702.83
8327,Synthetic Customer 08327,customer08327@example.invalid,Canada,2025-03-11,Standard,18671.61
8328,Synthetic Customer 08328,customer08328@example.invalid,India,2024-06-11,Standard,10469.80
8329,Synthetic Customer 08329,customer08329@example.invalid,Singapore,2025-01-07,Basic,1375.88
8330,Synthetic Customer 08330,customer08330@example.invalid,UK,2020-01-31,Premium,7593.44
8331,Synthetic Customer 08331,customer08331@example.invalid,Singapore,2021-04-13,Standard,13188.20
8332,Synthetic Customer 08332,customer08332@example.invalid,Australia,2023-10-16,Standard,5434.39
8333,Synthetic Customer 08333,customer08333@example.invalid,Canada,2020-10-15,Premium,10921.04
8334,Synthetic Customer 08334,customer08334@example.invalid,Germany,2022-10-13,Standard,10997.81
8335,Synthetic Customer 08335,customer08335@example.invalid,Singapore,2023-08-20,Premium,14887.45
8336,Synthetic Customer 08336,customer08336@example.invalid,Germany,2025-10-03,Premium,18111.22
8337,Synthetic Customer 08337,customer08337@example.invalid,India,2024-08-23,Premium,10131.56
8338,Synthetic Customer 08338,customer08338@example.invalid,India,2025-07-08,Premium,3487.50
8339,Synthetic Customer 08339,customer08339@example.invalid,Canada,2025-01-06,Premium,6316.57
8340,Synthetic Customer 08340,customer08340@example.invalid,Australia,2022-12-19,Standard,5383.68
8341,Synthetic Customer 08341,customer08341@example.invalid,USA,2023-09-30,Basic,2525.45
8342,Synthetic Customer 08342,customer08342@example.invalid,Germany,2021-09-23,Basic,234.80
8343,Synthetic Customer 08343,customer08343@example.invalid,Singapore,2022-02-11,Basic,9988.71
8344,Synthetic Customer 08344,customer08344@example.invalid,Singapore,2022-05-12,Standard,10549.54
8345,Synthetic Customer 08345,customer08345@example.invalid,India,2025-05-16,Premium,17171.62
8346,Synthetic Customer 08346,customer08346@example.invalid,UK,2024-01-23,Standard,10282.95
8347,Synthetic Customer 08347,customer08347@example.invalid,Germany,2025-07-13,Standard,10692.95
8348,Synthetic Customer 08348,customer08348@example.invalid,USA,2023-06-01,Standard,55.42
8349,Synthetic Customer 08349,customer08349@example.invalid,USA,2022-05-01,Standard,13888.86
8350,Synthetic Customer 08350,customer08350@example.invalid,UK,2021-07-27,Premium,17188.94
8351,Synthetic Customer 08351,customer08351@example.invalid,USA,2022-01-31,Premium,1881.81
8352,Synthetic Customer 08352,customer08352@example.invalid,Australia,2022-02-19,Premium,2705.21
8353,Synthetic Customer 08353,customer08353@example.invalid,India,2020-01-06,Basic,11581.67
8354,Synthetic Customer 08354,customer08354@example.invalid,USA,2021-06-02,Premium,8030.89
8355,Synthetic Customer 08355,customer08355@example.invalid,USA,2022-08-19,Standard,invalid-decimal
8356,Synthetic Customer 08356,customer08356@example.invalid,Canada,2022-11-15,Standard,16946.85
8357,Synthetic Customer 08357,customer08357@example.invalid,Australia,2020-10-18,Standard,19875.39
8358,Synthetic Customer 08358,customer08358@example.invalid,UK,2025-11-03,Basic,4442.37
8359,Synthetic Customer 08359,customer08359@example.invalid,India,2024-05-24,Basic,13692.95
8360,Synthetic Customer 08360,customer08360@example.invalid,Canada,2025-12-18,Basic,3454.60
8361,Synthetic Customer 08361,customer08361@example.invalid,UK,2021-04-03,Standard,14154.54
8362,Synthetic Customer 08362,customer08362@example.invalid,Canada,2023-07-22,Basic,8582.00
8363,Synthetic Customer 08363,customer08363@example.invalid,Canada,2025-07-21,Standard,14586.25
8364,Synthetic Customer 08364,customer08364@example.invalid,UK,2024-09-09,Standard,11315.99
8365,Synthetic Customer 08365,customer08365@example.invalid,Germany,2020-08-26,Premium,15008.46
8366,Synthetic Customer 08366,customer08366@example.invalid,USA,2020-10-12,Basic,5534.18
8367,Synthetic Customer 08367,customer08367@example.invalid,Canada,2025-01-02,Standard,8388.16
8368,Synthetic Customer 08368,customer08368@example.invalid,Australia,2020-02-27,Standard,7245.23
8369,Synthetic Customer 08369,customer08369@example.invalid,India,2024-07-04,Basic,10587.62
8370,Synthetic Customer 08370,customer08370@example.invalid,Canada,2025-08-12,Basic,13350.16
8371,Synthetic Customer 08371,customer08371@example.invalid,UK,2020-11-25,Premium,12899.65
8372,Synthetic Customer 08372,customer08372@example.invalid,India,2021-11-07,Standard,3175.15
8373,Synthetic Customer 08373,customer08373@example.invalid,UK,2021-12-03,Premium,10018.60
8374,Synthetic Customer 08374,customer08374@example.invalid,UK,2023-09-16,Premium,1641.02
8375,Synthetic Customer 08375,customer08375@example.invalid,Australia,2023-11-19,Premium,5112.07
8376,Synthetic Customer 08376,customer08376@example.invalid,Australia,2022-09-19,Premium,9783.10
8377,Synthetic Customer 08377,customer08377@example.invalid,Germany,2022-03-05,Basic,12631.02
8378,Synthetic Customer 08378,customer08378@example.invalid,USA,2023-11-09,Standard,16260.58
8379,Synthetic Customer 08379,customer08379@example.invalid,Singapore,2020-10-14,Premium,12669.40
8380,Synthetic Customer 08380,customer08380@example.invalid,Singapore,2021-06-12,Standard,3227.47
8381,Synthetic Customer 08381,customer08381@example.invalid,USA,2022-01-25,Standard,15579.82
8382,Synthetic Customer 08382,customer08382@example.invalid,Singapore,2024-01-29,Basic,35.61
8383,Synthetic Customer 08383,customer08383@example.invalid,Germany,2023-06-05,Premium,12700.93
8384,Synthetic Customer 08384,customer08384@example.invalid,India,2025-04-14,Premium,13751.77
8385,Synthetic Customer 08385,customer08385@example.invalid,Germany,2023-12-15,Premium,9991.83
8386,Synthetic Customer 08386,customer08386@example.invalid,UK,2022-01-09,Premium,4676.67
8387,Synthetic Customer 08387,customer08387@example.invalid,Singapore,2020-03-22,Standard,3385.20
8388,Synthetic Customer 08388,customer08388@example.invalid,USA,2024-07-22,Premium,10982.03
8389,Synthetic Customer 08389,customer08389@example.invalid,India,2025-05-05,Premium,3071.41
8390,Synthetic Customer 08390,customer08390@example.invalid,Singapore,2025-11-18,Standard,5292.07
8391,Synthetic Customer 08391,customer08391@example.invalid,India,2024-10-17,Premium,11458.34
8392,Synthetic Customer 08392,customer08392@example.invalid,Australia,2021-09-04,Basic,19674.70
8393,Synthetic Customer 08393,customer08393@example.invalid,India,2024-02-21,Premium,15827.58
8394,Synthetic Customer 08394,customer08394@example.invalid,Singapore,2022-03-25,Premium,10846.21
8395,Synthetic Customer 08395,customer08395@example.invalid,USA,2022-08-03,Premium,16816.93
8396,Synthetic Customer 08396,customer08396@example.invalid,Singapore,2020-01-27,Basic,8623.17
8397,Synthetic Customer 08397,customer08397@example.invalid,UK,2020-10-28,Standard,10856.92
8398,Synthetic Customer 08398,customer08398@example.invalid,India,2024-11-09,Standard,4301.91
8399,Synthetic Customer 08399,customer08399@example.invalid,Australia,2025-02-23,Basic,9868.92
8400,Synthetic Customer 08400,customer08400@example.invalid,Germany,2021-06-28,Standard,478.74
8401,Synthetic Customer 08401,customer08401@example.invalid,Australia,2022-03-30,Premium,12057.79
8402,Synthetic Customer 08402,customer08402@example.invalid,Germany,2023-12-27,Premium,7105.67
8403,Synthetic Customer 08403,customer08403@example.invalid,Australia,2023-09-15,Basic,13799.85
8404,Synthetic Customer 08404,customer08404@example.invalid,India,2024-06-03,Standard,1216.08
8405,Synthetic Customer 08405,customer08405@example.invalid,India,2020-10-03,Basic,6915.88
8406,Synthetic Customer 08406,customer08406@example.invalid,USA,2022-02-15,Standard,6273.80
8407,Synthetic Customer 08407,customer08407@example.invalid,UK,2024-05-29,Premium,14394.33
8408,Synthetic Customer 08408,customer08408@example.invalid,USA,2025-11-26,Standard,15128.92
8409,Synthetic Customer 08409,customer08409@example.invalid,Australia,2024-10-10,Standard,9660.15
8410,Synthetic Customer 08410,customer08410@example.invalid,Australia,2021-08-26,Standard,10842.93
8411,Synthetic Customer 08411,customer08411@example.invalid,Canada,2023-03-29,Basic,6730.52
8412,Synthetic Customer 08412,customer08412@example.invalid,USA,2025-03-06,Premium,4929.53
8413,Synthetic Customer 08413,customer08413@example.invalid,Canada,2021-09-07,Standard,19408.48
8414,Synthetic Customer 08414,customer08414@example.invalid,Germany,2021-12-10,Basic,14662.72
8415,Synthetic Customer 08415,customer08415@example.invalid,USA,2024-12-08,Premium,900.56
8416,Synthetic Customer 08416,customer08416@example.invalid,Germany,2020-02-10,Premium,11627.19
8417,Synthetic Customer 08417,customer08417@example.invalid,India,2024-08-03,Premium,6767.09
8418,Synthetic Customer 08418,customer08418@example.invalid,Singapore,2022-12-27,Basic,5793.68
8419,Synthetic Customer 08419,customer08419@example.invalid,Canada,2021-03-19,Basic,4100.27
8420,Synthetic Customer 08420,customer08420@example.invalid,Canada,2020-04-27,Standard,1298.46
8421,Synthetic Customer 08421,customer08421@example.invalid,UK,2020-03-10,Basic,8533.74
8422,Synthetic Customer 08422,customer08422@example.invalid,Germany,2025-12-17,Basic,19714.43
8423,Synthetic Customer 08423,customer08423@example.invalid,Australia,2020-02-13,Basic,18357.94
8424,Synthetic Customer 08424,customer08424@example.invalid,Canada,2025-07-13,Basic,3779.11
8425,Synthetic Customer 08425,customer08425@example.invalid,India,2024-11-05,Basic,12519.06
8426,Synthetic Customer 08426,customer08426@example.invalid,Canada,2023-06-21,Standard,9826.40
8427,Synthetic Customer 08427,customer08427@example.invalid,UK,2025-06-11,Premium,6010.00
8428,Synthetic Customer 08428,customer08428@example.invalid,Canada,2024-03-06,Standard,13236.64
8429,Synthetic Customer 08429,customer08429@example.invalid,Singapore,2022-02-23,Standard,11172.47
8430,Synthetic Customer 08430,customer08430@example.invalid,Singapore,2020-08-05,Premium,13595.94
8431,Synthetic Customer 08431,customer08431@example.invalid,Australia,2022-01-07,Premium,8005.26
8432,Synthetic Customer 08432,customer08432@example.invalid,India,2021-11-24,Basic,1743.72
8433,Synthetic Customer 08433,customer08433@example.invalid,Singapore,2023-04-01,Standard,11238.40
8434,Synthetic Customer 08434,customer08434@example.invalid,Singapore,2025-07-13,Standard,3483.18
8435,Synthetic Customer 08435,customer08435@example.invalid,USA,2021-03-31,Standard,13895.55
8436,Synthetic Customer 08436,customer08436@example.invalid,India,2020-08-19,Basic,5707.72
8437,Synthetic Customer 08437,customer08437@example.invalid,Germany,2022-07-19,Premium,12740.44
8438,Synthetic Customer 08438,customer08438@example.invalid,India,2021-11-19,Premium,12314.18
8439,Synthetic Customer 08439,customer08439@example.invalid,USA,2023-11-19,Premium,17290.33
8440,Synthetic Customer 08440,customer08440@example.invalid,India,2023-08-04,Standard,18620.26
8441,Synthetic Customer 08441,customer08441@example.invalid,UK,2020-07-18,Basic,2707.83
8442,Synthetic Customer 08442,customer08442@example.invalid,UK,2024-06-20,Basic,15.48
8443,Synthetic Customer 08443,customer08443@example.invalid,Canada,2024-09-03,Premium,17562.46
8444,Synthetic Customer 08444,customer08444@example.invalid,USA,2024-02-26,Basic,13039.11
8445,Synthetic Customer 08445,customer08445@example.invalid,UK,2023-08-15,Premium,14888.33
8446,Synthetic Customer 08446,customer08446@example.invalid,Singapore,2021-09-20,Premium,16025.49
8447,Synthetic Customer 08447,customer08447@example.invalid,USA,2022-12-26,Basic,10692.52
8448,Synthetic Customer 08448,customer08448@example.invalid,India,2024-12-28,Standard,5858.68
8449,Synthetic Customer 08449,customer08449@example.invalid,Canada,2020-12-26,Premium,13972.25
8450,Synthetic Customer 08450,customer08450@example.invalid,Singapore,2021-11-05,Premium,15278.42
8451,Synthetic Customer 08451,customer08451@example.invalid,India,2020-11-20,Premium,15911.58
8452,Synthetic Customer 08452,customer08452@example.invalid,India,2020-03-27,Basic,13844.73
8453,Synthetic Customer 08453,customer08453@example.invalid,Australia,2022-12-06,Premium,14169.74
8454,Synthetic Customer 08454,customer08454@example.invalid,USA,2025-01-30,Basic,8598.37
8455,Synthetic Customer 08455,customer08455@example.invalid,Singapore,2023-06-19,Premium,17677.45
8456,Synthetic Customer 08456,customer08456@example.invalid,India,2024-11-07,Standard,6053.24
8457,Synthetic Customer 08457,customer08457@example.invalid,Germany,2023-01-06,Standard,18295.74
8458,Synthetic Customer 08458,customer08458@example.invalid,Australia,2025-06-11,Premium,13265.04
8459,Synthetic Customer 08459,customer08459@example.invalid,UK,2025-10-06,Premium,19982.42
8460,Synthetic Customer 08460,customer08460@example.invalid,Singapore,2024-06-16,Premium,5173.70
8461,Synthetic Customer 08461,customer08461@example.invalid,UK,2020-02-29,Premium,18057.08
8462,Synthetic Customer 08462,customer08462@example.invalid,UK,2023-09-09,Premium,6044.81
8463,Synthetic Customer 08463,customer08463@example.invalid,Germany,2021-05-12,Standard,7053.76
8464,Synthetic Customer 08464,customer08464@example.invalid,India,2023-01-24,Standard,8618.68
8465,Synthetic Customer 08465,customer08465@example.invalid,Canada,2024-07-25,Basic,5073.57
8466,Synthetic Customer 08466,customer08466@example.invalid,Singapore,2023-11-16,Standard,11397.62
8467,Synthetic Customer 08467,customer08467@example.invalid,India,2023-10-02,Standard,72.24
8468,Synthetic Customer 08468,customer08468@example.invalid,UK,2025-07-10,Basic,1898.96
8469,Synthetic Customer 08469,customer08469@example.invalid,Singapore,2020-07-05,Premium,1551.69
8470,Synthetic Customer 08470,customer08470@example.invalid,Singapore,2024-08-01,Premium,14232.68
8471,Synthetic Customer 08471,customer08471@example.invalid,Singapore,2020-07-01,Premium,14855.37
8472,Synthetic Customer 08472,customer08472@example.invalid,Canada,2021-02-23,Basic,4330.02
8473,Synthetic Customer 08473,customer08473@example.invalid,Australia,2023-02-12,Premium,16047.61
8474,Synthetic Customer 08474,customer08474@example.invalid,USA,2020-02-24,Standard,13420.18
8475,Synthetic Customer 08475,customer08475@example.invalid,India,2021-01-02,Standard,6774.36
8476,Synthetic Customer 08476,customer08476@example.invalid,Singapore,2024-06-28,Premium,6582.83
8477,Synthetic Customer 08477,customer08477@example.invalid,Australia,2025-12-15,Premium,7071.91
8478,Synthetic Customer 08478,customer08478@example.invalid,Germany,2023-02-11,Standard,10695.17
8479,Synthetic Customer 08479,customer08479@example.invalid,Germany,2024-05-20,Standard,1205.45
8480,Synthetic Customer 08480,customer08480@example.invalid,UK,2022-03-14,Premium,8596.04
8481,Synthetic Customer 08481,customer08481@example.invalid,India,2023-10-07,Basic,10419.47
8482,Synthetic Customer 08482,customer08482@example.invalid,UK,2025-07-11,Standard,3962.66
8483,Synthetic Customer 08483,customer08483@example.invalid,Germany,2021-05-07,Premium,14374.43
8484,Synthetic Customer 08484,customer08484@example.invalid,UK,2020-05-28,Premium,19561.88
8485,Synthetic Customer 08485,customer08485@example.invalid,Germany,2020-10-13,Standard,12918.17
8486,Synthetic Customer 08486,customer08486@example.invalid,Singapore,2020-05-11,Standard,8805.20
8487,Synthetic Customer 08487,customer08487@example.invalid,UK,2021-01-25,Standard,1985.13
8488,Synthetic Customer 08488,customer08488@example.invalid,Germany,2020-06-17,Premium,5170.31
8489,Synthetic Customer 08489,customer08489@example.invalid,Canada,2021-12-09,Basic,884.63
8490,Synthetic Customer 08490,customer08490@example.invalid,Singapore,2023-04-30,Basic,8142.54
8491,Synthetic Customer 08491,customer08491@example.invalid,USA,2021-02-26,Premium,721.35
8492,Synthetic Customer 08492,customer08492@example.invalid,Australia,2025-12-29,Premium,13087.21
8493,Synthetic Customer 08493,customer08493@example.invalid,Australia,2023-07-25,Basic,3262.93
8494,Synthetic Customer 08494,customer08494@example.invalid,USA,2021-07-21,Standard,19719.67
8495,Synthetic Customer 08495,customer08495@example.invalid,UK,2021-10-17,Basic,9794.71
8496,Synthetic Customer 08496,customer08496@example.invalid,Australia,2024-07-17,Standard,9892.60
8497,Synthetic Customer 08497,customer08497@example.invalid,USA,2021-01-24,Standard,9038.81
8498,Synthetic Customer 08498,customer08498@example.invalid,India,2023-08-30,Basic,19873.91
8499,Synthetic Customer 08499,customer08499@example.invalid,Germany,2024-09-23,Standard,18772.39
8500,Synthetic Customer 08500,customer08500@example.invalid,Germany,2020-08-03,Premium,4798.92
8501,Synthetic Customer 08501,customer08501@example.invalid,Germany,2023-02-21,Basic,5283.24
8502,Synthetic Customer 08502,customer08502@example.invalid,Canada,2021-03-27,Premium,7741.18
8503,Synthetic Customer 08503,customer08503@example.invalid,Singapore,2021-10-04,Basic,2126.43
8504,Synthetic Customer 08504,customer08504@example.invalid,Singapore,2023-05-02,Premium,19737.25
8505,Synthetic Customer 08505,customer08505@example.invalid,Australia,2023-04-15,Basic,6471.80
8506,Synthetic Customer 08506,customer08506@example.invalid,India,2021-03-16,Standard,18617.71
8507,Synthetic Customer 08507,customer08507@example.invalid,India,2022-06-26,Premium,15686.98
8508,Synthetic Customer 08508,customer08508@example.invalid,Singapore,2025-04-08,Premium,3563.49
8509,Synthetic Customer 08509,customer08509@example.invalid,Australia,2020-08-17,Standard,4615.10
8510,Synthetic Customer 08510,customer08510@example.invalid,Canada,2021-03-04,Premium,2727.73
8511,Synthetic Customer 08511,customer08511@example.invalid,Australia,2021-02-14,Basic,2591.35
8512,Synthetic Customer 08512,customer08512@example.invalid,Germany,2020-10-09,Standard,1717.38
8513,Synthetic Customer 08513,customer08513@example.invalid,Singapore,2023-01-06,Basic,12596.77
8514,Synthetic Customer 08514,customer08514@example.invalid,India,2025-11-11,Basic,8272.78
8515,Synthetic Customer 08515,customer08515@example.invalid,UK,2022-08-05,Standard,15878.32
8516,Synthetic Customer 08516,customer08516@example.invalid,Canada,2023-04-10,Basic,10192.64
8517,Synthetic Customer 08517,customer08517@example.invalid,Australia,2020-02-03,Premium,14289.44
8518,Synthetic Customer 08518,customer08518@example.invalid,Australia,2024-09-28,Premium,12822.69
8519,Synthetic Customer 08519,customer08519@example.invalid,India,2024-04-22,Basic,15879.49
8520,Synthetic Customer 08520,customer08520@example.invalid,Canada,2023-08-23,Standard,12578.35
8521,Synthetic Customer 08521,customer08521@example.invalid,Canada,2020-06-04,Basic,15730.48
8522,Synthetic Customer 08522,customer08522@example.invalid,Germany,2020-09-22,Basic,15427.63
8523,Synthetic Customer 08523,customer08523@example.invalid,Canada,2022-05-14,Basic,3793.56
8524,Synthetic Customer 08524,customer08524@example.invalid,Canada,2022-03-01,Standard,18103.62
8525,Synthetic Customer 08525,customer08525@example.invalid,Singapore,2024-06-21,Basic,3922.95
8526,Synthetic Customer 08526,customer08526@example.invalid,Canada,2023-07-28,Basic,940.69
8527,Synthetic Customer 08527,customer08527@example.invalid,Australia,2022-03-29,Basic,6501.67
8528,Synthetic Customer 08528,customer08528@example.invalid,UK,2024-06-09,Basic,18606.63
8529,Synthetic Customer 08529,customer08529@example.invalid,Singapore,2024-12-05,Premium,3036.89
8530,Synthetic Customer 08530,customer08530@example.invalid,UK,2025-01-21,Basic,5252.44
8531,Synthetic Customer 08531,customer08531@example.invalid,USA,2022-06-01,Premium,10718.56
8532,Synthetic Customer 08532,customer08532@example.invalid,Germany,2023-05-31,Premium,11187.36
8533,Synthetic Customer 08533,customer08533@example.invalid,Germany,2024-03-15,Standard,3269.53
8534,Synthetic Customer 08534,customer08534@example.invalid,Canada,2022-02-04,Standard,13033.67
8535,Synthetic Customer 08535,customer08535@example.invalid,UK,2022-09-16,Standard,13864.05
8536,Synthetic Customer 08536,customer08536@example.invalid,Canada,2023-11-07,Basic,834.09
8537,Synthetic Customer 08537,customer08537@example.invalid,India,2024-05-28,Standard,19708.26
8538,Synthetic Customer 08538,customer08538@example.invalid,UK,2025-07-27,Basic,1811.12
8539,Synthetic Customer 08539,customer08539@example.invalid,UK,2020-01-22,Basic,9504.95
8540,Synthetic Customer 08540,customer08540@example.invalid,Australia,2022-09-15,Standard,5853.56
8541,Synthetic Customer 08541,customer08541@example.invalid,Singapore,2022-12-20,Standard,6360.65
8542,Synthetic Customer 08542,customer08542@example.invalid,Canada,2024-02-16,Premium,3355.63
8543,Synthetic Customer 08543,customer08543@example.invalid,USA,2022-04-22,Standard,3823.43
8544,Synthetic Customer 08544,customer08544@example.invalid,UK,2023-08-01,Standard,4350.58
8545,Synthetic Customer 08545,customer08545@example.invalid,UK,2021-05-10,Basic,15271.18
8546,Synthetic Customer 08546,customer08546@example.invalid,Australia,2022-12-25,Standard,16166.92
8547,Synthetic Customer 08547,customer08547@example.invalid,India,2021-11-27,Premium,6948.55
8548,Synthetic Customer 08548,customer08548@example.invalid,Australia,2021-11-07,Standard,8079.51
8549,Synthetic Customer 08549,customer08549@example.invalid,UK,2022-01-25,Standard,6487.49
8550,Synthetic Customer 08550,customer08550@example.invalid,Canada,2024-12-13,Premium,10390.28
8551,Synthetic Customer 08551,customer08551@example.invalid,UK,2025-04-01,Standard,19951.05
8552,Synthetic Customer 08552,customer08552@example.invalid,Singapore,2022-08-25,Standard,18410.40
8553,Synthetic Customer 08553,customer08553@example.invalid,Canada,2024-11-06,Basic,11462.75
8554,Synthetic Customer 08554,customer08554@example.invalid,USA,2020-10-07,Basic,18964.18
8555,Synthetic Customer 08555,customer08555@example.invalid,UK,2025-04-13,Premium,18137.14
8556,Synthetic Customer 08556,customer08556@example.invalid,Germany,2025-03-03,Premium,18444.90
8557,Synthetic Customer 08557,customer08557@example.invalid,Canada,2024-07-24,Basic,8661.27
8558,Synthetic Customer 08558,customer08558@example.invalid,Singapore,2025-09-12,Standard,15586.31
8559,Synthetic Customer 08559,customer08559@example.invalid,Australia,2021-01-08,Premium,16388.32
8560,Synthetic Customer 08560,customer08560@example.invalid,Germany,2023-09-21,Basic,6167.61
8561,Synthetic Customer 08561,customer08561@example.invalid,Singapore,2021-08-30,Basic,6846.98
8562,Synthetic Customer 08562,customer08562@example.invalid,Singapore,2022-09-03,Basic,16559.58
8563,Synthetic Customer 08563,customer08563@example.invalid,Singapore,2024-09-27,Basic,7403.58
8564,Synthetic Customer 08564,customer08564@example.invalid,UK,2021-07-19,Standard,9859.88
8565,Synthetic Customer 08565,customer08565@example.invalid,UK,2024-02-23,Premium,11857.42
8566,Synthetic Customer 08566,customer08566@example.invalid,Australia,2025-01-26,Standard,17432.93
8567,Synthetic Customer 08567,customer08567@example.invalid,UK,2021-08-23,Standard,13526.11
8568,Synthetic Customer 08568,customer08568@example.invalid,India,2024-11-22,Standard,10754.17
8569,Synthetic Customer 08569,customer08569@example.invalid,Singapore,2023-01-19,Basic,14306.50
8570,Synthetic Customer 08570,customer08570@example.invalid,Singapore,2025-03-07,Standard,10678.02
8571,Synthetic Customer 08571,customer08571@example.invalid,Singapore,2021-06-13,Standard,13426.43
8572,Synthetic Customer 08572,customer08572@example.invalid,India,2023-11-24,Premium,5369.04
8573,Synthetic Customer 08573,customer08573@example.invalid,Australia,2025-06-13,Standard,12976.98
8574,Synthetic Customer 08574,customer08574@example.invalid,India,2025-08-08,Premium,16876.73
8575,Synthetic Customer 08575,customer08575@example.invalid,Canada,2020-03-05,Premium,17439.68
8576,Synthetic Customer 08576,customer08576@example.invalid,Singapore,2025-04-11,Basic,17803.49
8577,Synthetic Customer 08577,customer08577@example.invalid,Australia,2022-04-04,Premium,1299.15
8578,Synthetic Customer 08578,customer08578@example.invalid,Singapore,2025-10-04,Basic,14502.08
8579,Synthetic Customer 08579,customer08579@example.invalid,UK,2024-02-19,Standard,864.76
8580,Synthetic Customer 08580,customer08580@example.invalid,Germany,2023-10-10,Premium,1272.05
8581,Synthetic Customer 08581,customer08581@example.invalid,Germany,2023-08-27,Standard,5192.66
8582,Synthetic Customer 08582,customer08582@example.invalid,India,2022-01-24,Standard,4165.94
8583,Synthetic Customer 08583,customer08583@example.invalid,Germany,2020-01-11,Premium,2458.87
8584,Synthetic Customer 08584,customer08584@example.invalid,Canada,2022-04-04,Premium,11727.58
8585,Synthetic Customer 08585,customer08585@example.invalid,UK,2021-03-01,Premium,156.50
8586,Synthetic Customer 08586,customer08586@example.invalid,Australia,2023-02-24,Basic,7377.66
8587,Synthetic Customer 08587,customer08587@example.invalid,Canada,2022-06-23,Premium,6226.47
8588,Synthetic Customer 08588,customer08588@example.invalid,Canada,2023-06-19,Premium,16406.35
8589,Synthetic Customer 08589,customer08589@example.invalid,Canada,2025-12-26,Premium,8567.48
8590,Synthetic Customer 08590,customer08590@example.invalid,Canada,2021-07-30,Basic,2059.04
8591,Synthetic Customer 08591,customer08591@example.invalid,USA,2025-01-02,Standard,1411.47
8592,Synthetic Customer 08592,customer08592@example.invalid,Australia,2025-05-02,Standard,3466.78
8593,Synthetic Customer 08593,customer08593@example.invalid,Australia,2025-04-18,Standard,17534.16
8594,Synthetic Customer 08594,customer08594@example.invalid,Singapore,2021-08-03,Premium,2188.47
8595,Synthetic Customer 08595,customer08595@example.invalid,Australia,2024-07-22,Basic,19952.54
8596,Synthetic Customer 08596,customer08596@example.invalid,UK,2022-08-16,Premium,1716.14
8597,Synthetic Customer 08597,customer08597@example.invalid,Australia,2020-05-05,Basic,1692.60
8598,Synthetic Customer 08598,customer08598@example.invalid,Canada,2021-12-29,Basic,2817.90
8599,Synthetic Customer 08599,customer08599@example.invalid,India,2024-02-03,Basic,206.14
8600,Synthetic Customer 08600,customer08600@example.invalid,Canada,2020-07-02,Premium,16241.76
8601,Synthetic Customer 08601,customer08601@example.invalid,UK,2025-06-16,Basic,9383.03
8602,Synthetic Customer 08602,customer08602@example.invalid,UK,2020-09-21,Basic,16876.90
8603,Synthetic Customer 08603,customer08603@example.invalid,India,2025-12-28,Premium,10950.64
8604,Synthetic Customer 08604,customer08604@example.invalid,Australia,2023-06-22,Premium,8526.56
8605,Synthetic Customer 08605,customer08605@example.invalid,India,2022-05-21,Basic,18000.44
8606,Synthetic Customer 08606,customer08606@example.invalid,Australia,2024-08-15,Premium,933.71
8607,Synthetic Customer 08607,customer08607@example.invalid,India,2025-03-01,Premium,2561.80
8608,Synthetic Customer 08608,customer08608@example.invalid,Australia,2020-03-21,Basic,5826.38
8609,Synthetic Customer 08609,customer08609@example.invalid,Canada,2021-12-24,Basic,8905.47
8610,Synthetic Customer 08610,customer08610@example.invalid,USA,2023-11-03,Basic,2583.23
8611,Synthetic Customer 08611,customer08611@example.invalid,Australia,2021-06-28,Basic,2368.77
8612,Synthetic Customer 08612,customer08612@example.invalid,Canada,2022-01-27,Standard,608.50
8613,Synthetic Customer 08613,customer08613@example.invalid,USA,2023-08-26,Basic,9127.63
8614,Synthetic Customer 08614,customer08614@example.invalid,Australia,2020-09-30,Basic,15947.61
8615,Synthetic Customer 08615,customer08615@example.invalid,Australia,2023-12-09,Standard,4427.69
8616,Synthetic Customer 08616,customer08616@example.invalid,Germany,2024-02-15,Standard,16862.98
8617,Synthetic Customer 08617,customer08617@example.invalid,USA,2024-09-11,Basic,10147.99
8618,Synthetic Customer 08618,customer08618@example.invalid,Singapore,2022-10-21,Standard,11881.74
8619,Synthetic Customer 08619,customer08619@example.invalid,Canada,2021-07-06,Premium,11161.23
8620,Synthetic Customer 08620,customer08620@example.invalid,UK,2025-05-26,Basic,invalid-decimal
8621,Synthetic Customer 08621,customer08621@example.invalid,Canada,2021-06-23,Basic,3163.21
8622,Synthetic Customer 08622,customer08622@example.invalid,UK,2025-09-30,Standard,6629.84
8623,Synthetic Customer 08623,customer08623@example.invalid,UK,2023-07-06,Basic,15814.28
8624,Synthetic Customer 08624,customer08624@example.invalid,Australia,2022-03-30,Premium,678.13
8625,Synthetic Customer 08625,customer08625@example.invalid,USA,2024-08-09,Basic,1328.43
8626,Synthetic Customer 08626,customer08626@example.invalid,Singapore,2021-09-02,Premium,1950.68
8627,Synthetic Customer 08627,customer08627@example.invalid,Singapore,2022-07-09,Basic,15462.08
8628,Synthetic Customer 08628,customer08628@example.invalid,India,2025-01-03,Premium,6717.95
8629,Synthetic Customer 08629,customer08629@example.invalid,USA,2021-07-22,Premium,16186.33
8630,Synthetic Customer 08630,customer08630@example.invalid,India,2025-06-06,Premium,8460.51
8631,Synthetic Customer 08631,customer08631@example.invalid,Australia,2022-06-02,Standard,8157.78
8632,Synthetic Customer 08632,customer08632@example.invalid,USA,2025-05-11,Basic,16527.13
8633,Synthetic Customer 08633,customer08633@example.invalid,Australia,2024-04-16,Standard,4968.07
8634,Synthetic Customer 08634,customer08634@example.invalid,Germany,2022-12-19,Standard,9597.19
8635,Synthetic Customer 08635,customer08635@example.invalid,India,2020-01-20,Premium,10344.79
8636,Synthetic Customer 08636,customer08636@example.invalid,USA,2020-07-25,Premium,5249.87
8637,Synthetic Customer 08637,customer08637@example.invalid,Singapore,2023-04-05,Standard,14447.45
8638,Synthetic Customer 08638,customer08638@example.invalid,Australia,2021-10-29,Basic,18887.32
8639,Synthetic Customer 08639,customer08639@example.invalid,Germany,2020-08-16,Basic,19304.66
8640,Synthetic Customer 08640,customer08640@example.invalid,USA,2025-04-11,Standard,17647.01
8641,Synthetic Customer 08641,customer08641@example.invalid,UK,2025-11-01,Standard,19226.38
8642,Synthetic Customer 08642,customer08642@example.invalid,USA,2024-06-06,Premium,19422.95
8643,Synthetic Customer 08643,customer08643@example.invalid,India,2025-01-12,Premium,5925.93
8644,Synthetic Customer 08644,customer08644@example.invalid,Canada,2022-01-01,Premium,2518.39
8645,Synthetic Customer 08645,customer08645@example.invalid,Germany,2024-07-06,Basic,18511.42
8646,Synthetic Customer 08646,customer08646@example.invalid,Canada,2020-04-05,Premium,18336.13
8647,Synthetic Customer 08647,customer08647@example.invalid,Singapore,2025-11-04,Premium,11290.42
8648,Synthetic Customer 08648,customer08648@example.invalid,Germany,2024-07-07,Standard,3555.67
8649,Synthetic Customer 08649,customer08649@example.invalid,India,2021-06-11,Premium,8185.28
8650,Synthetic Customer 08650,customer08650@example.invalid,Canada,2025-05-27,Premium,16257.43
8651,Synthetic Customer 08651,customer08651@example.invalid,Australia,2021-12-18,Basic,14033.57
8652,Synthetic Customer 08652,customer08652@example.invalid,Germany,2023-02-07,Basic,9065.01
8653,Synthetic Customer 08653,customer08653@example.invalid,Singapore,2024-04-02,Premium,10049.51
8654,Synthetic Customer 08654,customer08654@example.invalid,Germany,2025-04-22,Standard,7640.21
8655,Synthetic Customer 08655,customer08655@example.invalid,Singapore,2022-07-19,Premium,16258.53
8656,Synthetic Customer 08656,customer08656@example.invalid,Canada,2022-02-11,Standard,2929.95
8657,Synthetic Customer 08657,customer08657@example.invalid,India,2022-01-15,Premium,2035.98
8658,Synthetic Customer 08658,customer08658@example.invalid,Australia,2021-04-07,Basic,13244.77
8659,Synthetic Customer 08659,customer08659@example.invalid,Singapore,2023-06-06,Premium,1879.19
8660,Synthetic Customer 08660,customer08660@example.invalid,Australia,2022-01-07,Basic,9359.09
8661,Synthetic Customer 08661,customer08661@example.invalid,Canada,2020-12-25,Premium,10913.59
8662,Synthetic Customer 08662,customer08662@example.invalid,India,2023-11-02,Premium,13565.11
8663,Synthetic Customer 08663,customer08663@example.invalid,Germany,2020-06-07,Basic,18749.93
8664,Synthetic Customer 08664,customer08664@example.invalid,India,2024-05-15,Basic,14183.98
8665,Synthetic Customer 08665,customer08665@example.invalid,Canada,2025-05-01,Basic,11835.83
8666,Synthetic Customer 08666,customer08666@example.invalid,USA,2024-11-05,Basic,12869.14
8667,Synthetic Customer 08667,customer08667@example.invalid,USA,2023-03-17,Basic,14505.89
8668,Synthetic Customer 08668,customer08668@example.invalid,Australia,2022-02-20,Standard,13030.70
8669,Synthetic Customer 08669,customer08669@example.invalid,Singapore,2023-11-21,Premium,18303.63
8670,Synthetic Customer 08670,customer08670@example.invalid,Singapore,2020-08-01,Premium,18499.57
8671,Synthetic Customer 08671,customer08671@example.invalid,Australia,2025-01-17,Standard,16620.92
8672,Synthetic Customer 08672,customer08672@example.invalid,UK,2021-08-22,Premium,10400.24
8673,Synthetic Customer 08673,customer08673@example.invalid,Canada,2024-12-19,Standard,15173.76
8674,Synthetic Customer 08674,customer08674@example.invalid,Canada,2025-03-17,Standard,16398.90
8675,Synthetic Customer 08675,customer08675@example.invalid,Singapore,2025-09-13,Basic,9290.49
8676,Synthetic Customer 08676,customer08676@example.invalid,USA,2021-10-30,Premium,2354.34
8677,Synthetic Customer 08677,customer08677@example.invalid,UK,2021-01-04,Basic,16146.70
8678,Synthetic Customer 08678,customer08678@example.invalid,UK,2021-09-27,Standard,2495.58
8679,Synthetic Customer 08679,customer08679@example.invalid,India,2021-11-08,Basic,17605.38
8680,Synthetic Customer 08680,customer08680@example.invalid,Germany,2025-07-11,Basic,9131.78
8681,Synthetic Customer 08681,customer08681@example.invalid,UK,2023-11-06,Basic,3068.77
8682,Synthetic Customer 08682,customer08682@example.invalid,UK,2021-06-28,Premium,7508.29
8683,Synthetic Customer 08683,customer08683@example.invalid,USA,2023-11-28,Standard,16080.60
8684,Synthetic Customer 08684,customer08684@example.invalid,UK,2022-04-01,Basic,4023.53
8685,Synthetic Customer 08685,customer08685@example.invalid,Canada,2020-03-16,Basic,6970.23
8686,Synthetic Customer 08686,customer08686@example.invalid,Germany,2021-05-28,Basic,17767.68
8687,Synthetic Customer 08687,customer08687@example.invalid,USA,2021-06-11,Standard,6211.71
8688,Synthetic Customer 08688,customer08688@example.invalid,Canada,2020-08-11,Standard,4671.97
8689,Synthetic Customer 08689,customer08689@example.invalid,India,2025-03-03,Standard,6093.87
8690,Synthetic Customer 08690,customer08690@example.invalid,Germany,2025-02-13,Basic,4667.58
8691,Synthetic Customer 08691,customer08691@example.invalid,USA,2025-11-04,Premium,8827.92
8692,Synthetic Customer 08692,customer08692@example.invalid,USA,2022-02-04,Basic,522.71
8693,Synthetic Customer 08693,customer08693@example.invalid,India,2025-02-01,Basic,8238.00
8694,Synthetic Customer 08694,customer08694@example.invalid,Germany,2022-01-19,Standard,2383.12
8695,Synthetic Customer 08695,customer08695@example.invalid,USA,2021-06-12,Premium,15904.03
8696,Synthetic Customer 08696,customer08696@example.invalid,Australia,2020-11-14,Standard,5206.46
8697,Synthetic Customer 08697,customer08697@example.invalid,Germany,2021-06-18,Standard,14767.61
8698,Synthetic Customer 08698,customer08698@example.invalid,Germany,2025-05-28,Premium,7112.79
8699,Synthetic Customer 08699,customer08699@example.invalid,USA,2025-02-26,Premium,17104.88
8700,Synthetic Customer 08700,customer08700@example.invalid,USA,2024-08-25,Premium,7343.95
8701,Synthetic Customer 08701,customer08701@example.invalid,UK,2023-08-16,Premium,6554.17
8702,Synthetic Customer 08702,customer08702@example.invalid,USA,2022-06-08,Standard,3099.55
8703,Synthetic Customer 08703,customer08703@example.invalid,Canada,2022-09-01,Standard,9231.06
8704,Synthetic Customer 08704,customer08704@example.invalid,Germany,2021-08-28,Basic,17529.72
8705,Synthetic Customer 08705,customer08705@example.invalid,UK,2022-04-19,Basic,11198.60
8706,Synthetic Customer 08706,customer08706@example.invalid,Germany,2021-02-27,Premium,12235.90
8707,Synthetic Customer 08707,customer08707@example.invalid,Singapore,2024-06-20,Standard,16958.82
8708,Synthetic Customer 08708,customer08708@example.invalid,USA,2024-10-20,Standard,15049.14
8709,Synthetic Customer 08709,customer08709@example.invalid,Canada,2020-10-01,Standard,15122.36
8710,Synthetic Customer 08710,customer08710@example.invalid,Canada,2021-10-01,Basic,2349.73
8711,Synthetic Customer 08711,customer08711@example.invalid,Canada,2020-04-10,Premium,19646.65
8712,Synthetic Customer 08712,customer08712@example.invalid,Australia,2020-06-13,Premium,4410.46
8713,Synthetic Customer 08713,customer08713@example.invalid,Canada,2022-07-25,Basic,16569.11
8714,Synthetic Customer 08714,customer08714@example.invalid,UK,2021-05-11,Basic,10658.94
8715,Synthetic Customer 08715,customer08715@example.invalid,Australia,2023-01-10,Premium,14207.79
8716,Synthetic Customer 08716,customer08716@example.invalid,Singapore,2020-12-27,Premium,3280.06
8717,Synthetic Customer 08717,customer08717@example.invalid,India,2022-05-24,Premium,7740.45
8718,Synthetic Customer 08718,customer08718@example.invalid,Singapore,2025-05-01,Premium,14659.05
8719,Synthetic Customer 08719,customer08719@example.invalid,Singapore,2023-01-13,Standard,9233.33
8720,Synthetic Customer 08720,customer08720@example.invalid,Australia,2021-09-20,Standard,6737.01
8721,Synthetic Customer 08721,customer08721@example.invalid,Singapore,2025-10-23,Standard,3162.76
8722,Synthetic Customer 08722,customer08722@example.invalid,Singapore,2024-08-12,Premium,2229.17
8723,Synthetic Customer 08723,customer08723@example.invalid,Canada,2021-05-11,Basic,13379.04
8724,Synthetic Customer 08724,customer08724@example.invalid,Australia,2025-09-07,Standard,11310.58
8725,Synthetic Customer 08725,customer08725@example.invalid,UK,2021-01-28,Standard,17305.82
8726,Synthetic Customer 08726,customer08726@example.invalid,Germany,2023-02-22,Standard,8565.92
8727,Synthetic Customer 08727,customer08727@example.invalid,Australia,2022-03-30,Basic,1989.02
8728,Synthetic Customer 08728,customer08728@example.invalid,Germany,2021-12-29,Standard,7413.32
8729,Synthetic Customer 08729,customer08729@example.invalid,UK,2021-06-26,Premium,10094.08
8730,Synthetic Customer 08730,customer08730@example.invalid,Germany,2020-08-16,Basic,7715.95
8731,Synthetic Customer 08731,customer08731@example.invalid,UK,2025-05-25,Standard,15748.45
8732,Synthetic Customer 08732,customer08732@example.invalid,Canada,2025-08-27,Premium,14671.54
8733,Synthetic Customer 08733,customer08733@example.invalid,India,2020-06-10,Standard,12374.48
8734,Synthetic Customer 08734,customer08734@example.invalid,Singapore,2022-10-31,Basic,14800.86
8735,Synthetic Customer 08735,customer08735@example.invalid,Germany,2025-09-16,Standard,17564.29
8736,Synthetic Customer 08736,customer08736@example.invalid,Canada,2024-09-21,Basic,12057.70
8737,Synthetic Customer 08737,customer08737@example.invalid,UK,2022-02-28,Basic,3114.22
8738,Synthetic Customer 08738,customer08738@example.invalid,Singapore,2020-02-25,Standard,19624.56
8739,Synthetic Customer 08739,customer08739@example.invalid,Germany,2020-05-17,Premium,2388.39
8740,Synthetic Customer 08740,customer08740@example.invalid,Canada,2023-08-15,Basic,7716.11
8741,Synthetic Customer 08741,customer08741@example.invalid,Singapore,2025-06-08,Premium,14025.23
8742,Synthetic Customer 08742,customer08742@example.invalid,UK,2022-01-27,Basic,10316.30
8743,Synthetic Customer 08743,customer08743@example.invalid,Germany,2024-11-28,Basic,8769.33
8744,Synthetic Customer 08744,customer08744@example.invalid,Canada,2021-08-24,Basic,2360.15
8745,Synthetic Customer 08745,customer08745@example.invalid,USA,2020-11-17,Basic,2214.94
8746,Synthetic Customer 08746,customer08746@example.invalid,Germany,2020-09-17,Premium,19800.79
8747,Synthetic Customer 08747,customer08747@example.invalid,Australia,2021-06-19,Premium,13299.12
8748,Synthetic Customer 08748,customer08748@example.invalid,Germany,2025-07-21,Basic,574.20
8749,Synthetic Customer 08749,customer08749@example.invalid,UK,2020-04-28,Standard,16386.31
8750,Synthetic Customer 08750,customer08750@example.invalid,USA,2020-05-01,Basic,4352.25
8751,Synthetic Customer 08751,customer08751@example.invalid,Germany,2021-01-19,Basic,9399.09
8752,Synthetic Customer 08752,customer08752@example.invalid,Germany,2023-02-02,Basic,705.54
8753,Synthetic Customer 08753,customer08753@example.invalid,India,2022-07-14,Standard,16598.11
8754,Synthetic Customer 08754,customer08754@example.invalid,UK,2022-02-17,Standard,5151.19
8755,Synthetic Customer 08755,customer08755@example.invalid,India,2022-10-15,Standard,6253.10
8756,Synthetic Customer 08756,customer08756@example.invalid,Australia,2023-03-04,Standard,10374.00
8757,Synthetic Customer 08757,customer08757@example.invalid,Germany,2024-03-30,Standard,17085.24
8758,Synthetic Customer 08758,customer08758@example.invalid,Germany,2020-11-02,Premium,2035.84
8759,Synthetic Customer 08759,customer08759@example.invalid,Singapore,2021-02-23,Standard,10985.27
8760,Synthetic Customer 08760,customer08760@example.invalid,India,2022-08-02,Premium,18099.27
8761,Synthetic Customer 08761,customer08761@example.invalid,Canada,2022-12-26,Basic,2716.56
8762,Synthetic Customer 08762,customer08762@example.invalid,Singapore,2024-10-31,Premium,11253.16
8763,Synthetic Customer 08763,customer08763@example.invalid,USA,2024-10-11,Standard,3081.99
8764,Synthetic Customer 08764,customer08764@example.invalid,UK,2021-08-21,Premium,14548.34
8765,Synthetic Customer 08765,customer08765@example.invalid,Australia,2022-03-19,Standard,6955.81
8766,Synthetic Customer 08766,customer08766@example.invalid,Australia,2024-12-22,Premium,2154.87
8767,Synthetic Customer 08767,customer08767@example.invalid,USA,2025-05-24,Basic,2883.44
8768,Synthetic Customer 08768,customer08768@example.invalid,Germany,2021-02-21,Standard,15196.41
8769,Synthetic Customer 08769,customer08769@example.invalid,Germany,2023-04-04,Basic,13311.09
8770,Synthetic Customer 08770,customer08770@example.invalid,Singapore,2024-04-14,Basic,6536.52
8771,Synthetic Customer 08771,customer08771@example.invalid,Singapore,2024-06-10,Premium,15038.89
8772,Synthetic Customer 08772,customer08772@example.invalid,Canada,2023-02-03,Basic,14095.59
8773,Synthetic Customer 08773,customer08773@example.invalid,UK,2025-01-16,Premium,8695.47
8774,Synthetic Customer 08774,customer08774@example.invalid,Germany,2022-03-26,Standard,7860.72
8775,Synthetic Customer 08775,customer08775@example.invalid,UK,2020-05-04,Premium,11797.00
8776,Synthetic Customer 08776,customer08776@example.invalid,Australia,2024-08-14,Standard,4279.95
8777,Synthetic Customer 08777,customer08777@example.invalid,Singapore,2025-11-28,Basic,19360.45
8778,Synthetic Customer 08778,customer08778@example.invalid,USA,2021-09-27,Standard,4242.41
8779,Synthetic Customer 08779,customer08779@example.invalid,India,2023-01-31,Premium,19743.09
8780,Synthetic Customer 08780,customer08780@example.invalid,Canada,2021-01-31,Premium,1450.43
8781,Synthetic Customer 08781,customer08781@example.invalid,Singapore,2025-01-25,Premium,12087.94
8782,Synthetic Customer 08782,customer08782@example.invalid,India,2022-02-16,Basic,10245.21
8783,Synthetic Customer 08783,customer08783@example.invalid,Germany,2023-05-03,Basic,2045.89
8784,Synthetic Customer 08784,customer08784@example.invalid,UK,2021-09-14,Basic,16940.41
8785,Synthetic Customer 08785,customer08785@example.invalid,Canada,2024-05-18,Basic,17421.18
8786,Synthetic Customer 08786,customer08786@example.invalid,India,2025-06-26,Premium,19388.88
8787,Synthetic Customer 08787,customer08787@example.invalid,USA,2024-05-14,Premium,16810.57
8788,Synthetic Customer 08788,customer08788@example.invalid,Germany,2021-08-26,Basic,19991.22
8789,Synthetic Customer 08789,customer08789@example.invalid,Australia,2025-05-12,Premium,7847.00
8790,Synthetic Customer 08790,customer08790@example.invalid,India,2025-10-22,Basic,9197.83
8791,Synthetic Customer 08791,customer08791@example.invalid,India,2024-02-16,Premium,12035.95
8792,Synthetic Customer 08792,customer08792@example.invalid,Singapore,2023-08-03,Premium,6916.37
8793,Synthetic Customer 08793,customer08793@example.invalid,UK,2020-09-30,Basic,2209.73
8794,Synthetic Customer 08794,customer08794@example.invalid,Canada,2022-01-01,Premium,16054.81
8795,Synthetic Customer 08795,customer08795@example.invalid,Singapore,2021-01-06,Standard,11997.89
8796,Synthetic Customer 08796,customer08796@example.invalid,Singapore,2023-10-11,Premium,3207.07
8797,Synthetic Customer 08797,customer08797@example.invalid,USA,2021-06-18,Basic,4944.78
8798,Synthetic Customer 08798,customer08798@example.invalid,USA,2023-06-21,Standard,13115.99
8799,Synthetic Customer 08799,customer08799@example.invalid,Singapore,2020-12-24,Basic,4635.43
8800,Synthetic Customer 08800,customer08800@example.invalid,USA,2023-02-15,Basic,17151.74
8801,Synthetic Customer 08801,customer08801@example.invalid,Singapore,2021-01-25,Standard,3796.36
8802,Synthetic Customer 08802,customer08802@example.invalid,Canada,2020-06-26,Basic,15593.68
8803,Synthetic Customer 08803,customer08803@example.invalid,Singapore,2021-03-06,Premium,15652.30
8804,Synthetic Customer 08804,customer08804@example.invalid,Singapore,2023-04-09,Basic,5982.78
8805,Synthetic Customer 08805,customer08805@example.invalid,Singapore,2023-07-05,Basic,1547.11
8806,Synthetic Customer 08806,customer08806@example.invalid,Germany,2023-01-02,Basic,19714.83
8807,Synthetic Customer 08807,customer08807@example.invalid,UK,2024-06-01,Basic,3468.65
8808,Synthetic Customer 08808,customer08808@example.invalid,Germany,2023-04-09,Standard,18972.68
8809,Synthetic Customer 08809,customer08809@example.invalid,Canada,2025-12-28,Premium,15054.13
8810,Synthetic Customer 08810,customer08810@example.invalid,Canada,2023-12-13,Premium,15251.39
8811,Synthetic Customer 08811,customer08811@example.invalid,UK,2020-10-06,Standard,12904.19
8812,Synthetic Customer 08812,customer08812@example.invalid,India,2024-09-23,Basic,4881.51
8813,Synthetic Customer 08813,customer08813@example.invalid,USA,2023-07-02,Premium,13237.63
8814,Synthetic Customer 08814,customer08814@example.invalid,India,2024-12-14,Basic,3433.88
8815,Synthetic Customer 08815,customer08815@example.invalid,UK,2023-03-30,Premium,7452.09
8816,Synthetic Customer 08816,customer08816@example.invalid,Australia,2025-07-23,Premium,16547.84
8817,Synthetic Customer 08817,customer08817@example.invalid,USA,2020-03-09,Standard,19524.24
8818,Synthetic Customer 08818,customer08818@example.invalid,India,2024-06-30,Premium,3659.98
8819,Synthetic Customer 08819,customer08819@example.invalid,Singapore,2022-01-08,Basic,19181.89
8820,Synthetic Customer 08820,customer08820@example.invalid,Australia,2020-05-21,Premium,4136.17
8821,Synthetic Customer 08821,customer08821@example.invalid,USA,2024-01-05,Premium,17563.31
8822,Synthetic Customer 08822,customer08822@example.invalid,USA,2023-04-02,Standard,16639.73
8823,Synthetic Customer 08823,customer08823@example.invalid,India,2025-07-25,Basic,6261.42
8824,Synthetic Customer 08824,customer08824@example.invalid,UK,2024-07-22,Premium,19302.51
8825,Synthetic Customer 08825,customer08825@example.invalid,Singapore,2024-11-09,Basic,16204.94
8826,Synthetic Customer 08826,customer08826@example.invalid,Singapore,2024-07-31,Premium,11368.43
8827,Synthetic Customer 08827,customer08827@example.invalid,India,2025-02-06,Standard,11854.38
8828,Synthetic Customer 08828,,Canada,2023-12-24,Premium,1570.29
8829,Synthetic Customer 08829,customer08829@example.invalid,Singapore,2021-10-21,Premium,13285.79
8830,Synthetic Customer 08830,customer08830@example.invalid,India,2020-10-26,Standard,14517.95
8831,Synthetic Customer 08831,customer08831@example.invalid,Canada,2022-04-27,Premium,855.76
8832,Synthetic Customer 08832,customer08832@example.invalid,Australia,2022-05-12,Basic,8309.48
8833,Synthetic Customer 08833,customer08833@example.invalid,Germany,2020-07-06,Premium,213.30
8834,Synthetic Customer 08834,customer08834@example.invalid,Singapore,2020-05-10,Premium,11594.75
8835,Synthetic Customer 08835,customer08835@example.invalid,Singapore,2023-06-24,Basic,9249.39
8836,Synthetic Customer 08836,customer08836@example.invalid,India,2020-09-21,Premium,17501.41
8837,Synthetic Customer 08837,customer08837@example.invalid,USA,2024-07-15,Standard,6057.26
8838,Synthetic Customer 08838,customer08838@example.invalid,Germany,2024-04-10,Premium,5076.33
8839,Synthetic Customer 08839,customer08839@example.invalid,Germany,2020-02-12,Basic,9762.76
8840,Synthetic Customer 08840,customer08840@example.invalid,Australia,2023-07-28,Premium,12870.68
8841,Synthetic Customer 08841,customer08841@example.invalid,Australia,2021-04-10,Basic,7652.85
8842,Synthetic Customer 08842,customer08842@example.invalid,India,2022-07-31,Standard,13517.23
8843,Synthetic Customer 08843,customer08843@example.invalid,USA,2021-01-30,Premium,251.48
8844,Synthetic Customer 08844,customer08844@example.invalid,Australia,2024-08-21,Basic,6523.95
8845,Synthetic Customer 08845,customer08845@example.invalid,USA,2023-04-29,Standard,18285.33
8846,Synthetic Customer 08846,customer08846@example.invalid,UK,2025-12-25,Basic,5923.53
8847,Synthetic Customer 08847,customer08847@example.invalid,Germany,2020-11-24,Premium,7673.53
8848,Synthetic Customer 08848,customer08848@example.invalid,Singapore,2023-07-16,Standard,9317.96
8849,Synthetic Customer 08849,,India,2025-04-28,Basic,10915.16
8850,Synthetic Customer 08850,customer08850@example.invalid,Singapore,2024-03-16,Basic,15456.20
8851,Synthetic Customer 08851,customer08851@example.invalid,Singapore,2023-05-03,Premium,9106.45
8852,Synthetic Customer 08852,customer08852@example.invalid,India,2025-06-26,Premium,15468.65
8853,Synthetic Customer 08853,customer08853@example.invalid,Australia,2024-02-24,Basic,925.20
8854,Synthetic Customer 08854,customer08854@example.invalid,Germany,2023-02-27,Premium,16885.79
8855,Synthetic Customer 08855,customer08855@example.invalid,Canada,2020-04-29,Basic,16059.44
8856,Synthetic Customer 08856,customer08856@example.invalid,Australia,2021-11-01,Premium,11032.08
8857,Synthetic Customer 08857,customer08857@example.invalid,Australia,2025-07-23,Premium,7291.18
8858,Synthetic Customer 08858,customer08858@example.invalid,India,2023-01-29,Premium,13323.17
8859,Synthetic Customer 08859,customer08859@example.invalid,UK,2024-12-29,Standard,12915.40
8860,Synthetic Customer 08860,customer08860@example.invalid,USA,2022-11-28,Basic,2383.04
8861,Synthetic Customer 08861,customer08861@example.invalid,Singapore,2024-03-23,Standard,84.13
8862,Synthetic Customer 08862,customer08862@example.invalid,USA,2025-12-08,Standard,8185.61
8863,Synthetic Customer 08863,customer08863@example.invalid,India,2024-03-27,Basic,13061.51
8864,Synthetic Customer 08864,customer08864@example.invalid,Singapore,2023-09-01,Standard,7461.86
8865,Synthetic Customer 08865,customer08865@example.invalid,Germany,2021-01-03,Standard,8617.61
8866,Synthetic Customer 08866,customer08866@example.invalid,Germany,2024-03-19,Basic,409.17
8867,Synthetic Customer 08867,customer08867@example.invalid,Germany,2020-04-09,Basic,18275.54
8868,Synthetic Customer 08868,customer08868@example.invalid,India,2025-12-26,Basic,8827.38
8869,Synthetic Customer 08869,customer08869@example.invalid,Germany,2021-06-28,Standard,7115.87
8870,Synthetic Customer 08870,customer08870@example.invalid,Canada,2021-10-14,Basic,4949.58
8871,Synthetic Customer 08871,customer08871@example.invalid,Australia,2023-10-31,Standard,2954.32
8872,Synthetic Customer 08872,customer08872@example.invalid,UK,2020-07-28,Premium,13267.58
8873,Synthetic Customer 08873,customer08873@example.invalid,Singapore,2020-10-14,Standard,7877.14
8874,Synthetic Customer 08874,customer08874@example.invalid,Australia,2022-08-24,Standard,9345.91
8875,Synthetic Customer 08875,customer08875@example.invalid,Australia,2025-05-20,Premium,13464.07
8876,Synthetic Customer 08876,customer08876@example.invalid,Australia,2020-02-11,Standard,6360.26
8877,Synthetic Customer 08877,customer08877@example.invalid,Singapore,2023-05-30,Premium,5793.65
8878,Synthetic Customer 08878,customer08878@example.invalid,India,2025-09-11,Basic,713.46
8879,Synthetic Customer 08879,customer08879@example.invalid,Germany,2020-03-26,Standard,14898.21
8880,Synthetic Customer 08880,customer08880@example.invalid,USA,2024-01-13,Premium,18601.46
8881,Synthetic Customer 08881,customer08881@example.invalid,Canada,2025-04-15,Basic,389.49
8882,Synthetic Customer 08882,customer08882@example.invalid,Germany,2025-08-27,Basic,12022.69
8883,Synthetic Customer 08883,customer08883@example.invalid,India,2022-09-21,Basic,14133.10
8884,Synthetic Customer 08884,customer08884@example.invalid,India,2021-09-18,Premium,10547.23
8885,Synthetic Customer 08885,customer08885@example.invalid,India,2023-01-02,Premium,12157.63
8886,Synthetic Customer 08886,customer08886@example.invalid,UK,2022-09-17,Premium,15968.06
8887,Synthetic Customer 08887,customer08887@example.invalid,Canada,2020-12-06,Premium,15689.68
8888,Synthetic Customer 08888,customer08888@example.invalid,Singapore,2021-06-15,Premium,8638.43
8889,Synthetic Customer 08889,customer08889@example.invalid,India,2024-07-31,Standard,16038.70
8890,Synthetic Customer 08890,customer08890@example.invalid,Singapore,2024-06-12,Standard,11233.57
8891,Synthetic Customer 08891,customer08891@example.invalid,UK,2024-01-16,Basic,3741.63
8892,Synthetic Customer 08892,customer08892@example.invalid,Germany,2024-01-02,Premium,3590.50
8893,Synthetic Customer 08893,customer08893@example.invalid,Canada,2021-08-04,Standard,18318.18
8894,Synthetic Customer 08894,customer08894@example.invalid,Singapore,2023-07-10,Premium,19209.80
8895,Synthetic Customer 08895,customer08895@example.invalid,India,2023-12-02,Basic,8404.26
8896,Synthetic Customer 08896,customer08896@example.invalid,Germany,2023-12-01,Basic,14046.62
8897,Synthetic Customer 08897,customer08897@example.invalid,Singapore,2022-06-11,Premium,3513.03
8898,Synthetic Customer 08898,customer08898@example.invalid,Canada,2020-05-28,Basic,5975.31
8899,Synthetic Customer 08899,customer08899@example.invalid,Singapore,2025-02-13,Standard,3798.37
8900,Synthetic Customer 08900,customer08900@example.invalid,UK,2024-10-25,Premium,15009.07
8901,Synthetic Customer 08901,customer08901@example.invalid,USA,2021-04-13,Basic,4453.79
8902,Synthetic Customer 08902,customer08902@example.invalid,Canada,2022-11-06,Standard,7110.41
8903,Synthetic Customer 08903,customer08903@example.invalid,India,2022-12-28,Basic,12019.70
8904,Synthetic Customer 08904,customer08904@example.invalid,USA,2022-09-23,Premium,4745.72
8905,Synthetic Customer 08905,customer08905@example.invalid,India,2024-05-23,Premium,2514.41
8906,Synthetic Customer 08906,customer08906@example.invalid,Canada,2023-02-07,Premium,18725.99
8907,Synthetic Customer 08907,customer08907@example.invalid,Germany,2020-08-26,Premium,871.65
8908,Synthetic Customer 08908,customer08908@example.invalid,Germany,2025-06-11,Basic,15115.13
8909,Synthetic Customer 08909,customer08909@example.invalid,Germany,2023-10-11,Basic,3826.20
8910,Synthetic Customer 08910,customer08910@example.invalid,India,2024-11-20,Premium,1282.22
8911,Synthetic Customer 08911,customer08911@example.invalid,Singapore,2022-03-02,Premium,121.56
8912,Synthetic Customer 08912,customer08912@example.invalid,Singapore,2020-08-22,Premium,4914.96
8913,Synthetic Customer 08913,customer08913@example.invalid,India,2021-02-22,Basic,5512.73
8914,Synthetic Customer 08914,customer08914@example.invalid,Singapore,2023-08-04,Basic,19049.01
8915,Synthetic Customer 08915,customer08915@example.invalid,USA,2025-01-17,Premium,10374.82
8916,Synthetic Customer 08916,customer08916@example.invalid,Canada,2023-04-03,Premium,12977.14
8917,Synthetic Customer 08917,customer08917@example.invalid,Australia,2023-07-11,Premium,7079.34
8918,Synthetic Customer 08918,customer08918@example.invalid,Canada,2020-01-05,Premium,5664.23
8919,Synthetic Customer 08919,customer08919@example.invalid,Canada,2022-10-25,Premium,6137.07
8920,Synthetic Customer 08920,customer08920@example.invalid,USA,2025-01-31,Basic,14179.49
8921,Synthetic Customer 08921,customer08921@example.invalid,Australia,2024-08-13,Premium,8081.26
8922,Synthetic Customer 08922,customer08922@example.invalid,Australia,2023-10-26,Standard,14245.87
8923,Synthetic Customer 08923,customer08923@example.invalid,Germany,2025-06-01,Basic,14843.24
8924,Synthetic Customer 08924,customer08924@example.invalid,USA,2022-10-28,Basic,1328.57
8925,Synthetic Customer 08925,customer08925@example.invalid,Canada,2020-08-23,Standard,17201.00
8926,Synthetic Customer 08926,customer08926@example.invalid,Australia,2021-03-23,Standard,15630.36
8927,Synthetic Customer 08927,customer08927@example.invalid,Singapore,2022-08-16,Basic,19773.32
8928,Synthetic Customer 08928,customer08928@example.invalid,UK,2022-03-11,Basic,1103.59
8929,Synthetic Customer 08929,customer08929@example.invalid,Germany,2024-07-12,Basic,13019.41
8930,Synthetic Customer 08930,customer08930@example.invalid,Australia,2025-03-05,Basic,806.86
8931,Synthetic Customer 08931,customer08931@example.invalid,USA,2022-08-18,Basic,1155.04
8932,Synthetic Customer 08932,customer08932@example.invalid,Germany,2020-03-19,Standard,19685.09
8933,Synthetic Customer 08933,customer08933@example.invalid,UK,2024-11-20,Premium,19143.17
8934,Synthetic Customer 08934,customer08934@example.invalid,USA,2020-02-10,Basic,19647.17
8935,Synthetic Customer 08935,customer08935@example.invalid,Australia,2021-08-22,Standard,9976.68
8936,Synthetic Customer 08936,customer08936@example.invalid,Canada,2024-03-04,Standard,7005.44
8937,Synthetic Customer 08937,customer08937@example.invalid,UK,2020-02-10,Premium,161.11
8938,Synthetic Customer 08938,customer08938@example.invalid,USA,2025-12-06,Standard,18602.39
8939,Synthetic Customer 08939,customer08939@example.invalid,USA,2020-08-05,Standard,10295.05
8940,Synthetic Customer 08940,customer08940@example.invalid,Australia,2023-03-17,Basic,2205.63
8941,Synthetic Customer 08941,customer08941@example.invalid,Canada,2020-05-24,Standard,926.79
8942,Synthetic Customer 08942,customer08942@example.invalid,Canada,2023-05-07,Standard,19875.41
8943,Synthetic Customer 08943,customer08943@example.invalid,Singapore,2020-10-30,Standard,14181.75
8944,Synthetic Customer 08944,customer08944@example.invalid,Germany,2025-08-30,Basic,14747.12
8945,Synthetic Customer 08945,customer08945@example.invalid,UK,2020-03-08,Premium,3790.99
8946,Synthetic Customer 08946,customer08946@example.invalid,India,2024-03-13,Premium,9265.33
8947,Synthetic Customer 08947,customer08947@example.invalid,USA,2022-02-19,Standard,14952.33
8948,Synthetic Customer 08948,customer08948@example.invalid,UK,2022-04-17,Basic,3887.12
8949,Synthetic Customer 08949,customer08949@example.invalid,Germany,2025-07-01,Premium,11644.18
8950,Synthetic Customer 08950,customer08950@example.invalid,Germany,2024-07-12,Standard,5205.99
8951,Synthetic Customer 08951,customer08951@example.invalid,Germany,2020-04-03,Premium,12142.21
8952,Synthetic Customer 08952,customer08952@example.invalid,USA,2022-07-21,Basic,17479.08
8953,Synthetic Customer 08953,customer08953@example.invalid,UK,2023-06-05,Basic,15258.93
8954,Synthetic Customer 08954,customer08954@example.invalid,USA,2025-11-22,Premium,12093.55
8955,Synthetic Customer 08955,customer08955@example.invalid,USA,2022-04-12,Premium,7490.76
8956,Synthetic Customer 08956,customer08956@example.invalid,Singapore,2021-11-01,Premium,1999.59
8957,Synthetic Customer 08957,customer08957@example.invalid,India,2020-07-12,Basic,10711.06
8958,Synthetic Customer 08958,customer08958@example.invalid,India,2025-11-24,Standard,15599.71
8959,Synthetic Customer 08959,customer08959@example.invalid,Canada,2024-07-15,Standard,13642.66
8960,Synthetic Customer 08960,customer08960@example.invalid,USA,2023-01-12,Standard,15854.10
8961,Synthetic Customer 08961,customer08961@example.invalid,Canada,2020-09-28,Premium,7686.39
8962,Synthetic Customer 08962,customer08962@example.invalid,Canada,2025-06-01,Standard,15592.97
8963,Synthetic Customer 08963,customer08963@example.invalid,Australia,2025-09-13,Basic,3902.01
8964,Synthetic Customer 08964,customer08964@example.invalid,UK,2023-11-21,Basic,15234.06
8965,Synthetic Customer 08965,customer08965@example.invalid,Australia,2020-04-29,Basic,1413.69
8966,Synthetic Customer 08966,customer08966@example.invalid,USA,2020-02-23,Premium,2146.85
8967,Synthetic Customer 08967,customer08967@example.invalid,Canada,2022-10-21,Basic,1956.00
8968,Synthetic Customer 08968,customer08968@example.invalid,USA,2021-10-01,Basic,10288.79
8969,Synthetic Customer 08969,customer08969@example.invalid,UK,2022-08-31,Basic,5561.62
8970,Synthetic Customer 08970,customer08970@example.invalid,Australia,2024-11-22,Standard,941.75
8971,Synthetic Customer 08971,customer08971@example.invalid,USA,2024-10-30,Basic,16833.64
8972,Synthetic Customer 08972,customer08972@example.invalid,Canada,2020-01-14,Premium,5010.17
8973,Synthetic Customer 08973,customer08973@example.invalid,USA,2024-08-26,Basic,13769.13
8974,Synthetic Customer 08974,customer08974@example.invalid,UK,2023-04-01,Standard,8972.12
8975,Synthetic Customer 08975,customer08975@example.invalid,USA,2020-05-17,Basic,4170.53
8976,Synthetic Customer 08976,customer08976@example.invalid,USA,2025-03-20,Standard,13002.69
8977,Synthetic Customer 08977,customer08977@example.invalid,UK,2021-05-31,Standard,677.53
8978,Synthetic Customer 08978,customer08978@example.invalid,Singapore,2022-05-02,Standard,1975.48
8979,Synthetic Customer 08979,customer08979@example.invalid,Germany,2021-04-18,Premium,15768.58
8980,Synthetic Customer 08980,customer08980@example.invalid,Canada,2024-09-07,Premium,3749.15
8981,Synthetic Customer 08981,customer08981@example.invalid,Singapore,2024-03-29,Premium,7239.95
8982,Synthetic Customer 08982,customer08982@example.invalid,Canada,2023-02-26,Premium,17515.75
8983,Synthetic Customer 08983,customer08983@example.invalid,Singapore,2024-09-18,Basic,3855.50
8984,Synthetic Customer 08984,customer08984@example.invalid,USA,2021-01-25,Standard,2670.91
8985,Synthetic Customer 08985,customer08985@example.invalid,India,2023-12-22,Premium,17011.74
8986,Synthetic Customer 08986,customer08986@example.invalid,USA,2024-02-24,Basic,4650.67
8987,Synthetic Customer 08987,,Canada,2023-03-21,Premium,19816.26
8988,Synthetic Customer 08988,customer08988@example.invalid,India,2023-08-21,Basic,19193.08
8989,Synthetic Customer 08989,customer08989@example.invalid,USA,2021-12-06,Basic,16525.29
8990,Synthetic Customer 08990,customer08990@example.invalid,Singapore,2021-04-06,Premium,1572.95
8991,Synthetic Customer 08991,customer08991@example.invalid,USA,2025-01-11,Premium,11873.48
8992,Synthetic Customer 08992,customer08992@example.invalid,Australia,2024-09-21,Basic,18102.07
8993,Synthetic Customer 08993,customer08993@example.invalid,Australia,2023-04-13,Premium,19492.79
8994,Synthetic Customer 08994,customer08994@example.invalid,India,2023-03-08,Standard,12579.90
8995,Synthetic Customer 08995,customer08995@example.invalid,Germany,2020-12-23,Standard,11487.53
8996,Synthetic Customer 08996,customer08996@example.invalid,USA,2020-07-10,Premium,16229.69
8997,Synthetic Customer 08997,customer08997@example.invalid,Australia,2025-04-21,Basic,16070.73
8998,Synthetic Customer 08998,customer08998@example.invalid,USA,2020-08-24,Basic,11985.55
8999,Synthetic Customer 08999,customer08999@example.invalid,Australia,2023-03-03,Standard,5301.09
9000,Synthetic Customer 09000,customer09000@example.invalid,Singapore,2022-06-29,Premium,17688.85
9001,Synthetic Customer 09001,customer09001@example.invalid,India,2024-08-26,Premium,7147.00
9002,Synthetic Customer 09002,customer09002@example.invalid,Australia,2024-08-01,Premium,3492.98
9003,Synthetic Customer 09003,customer09003@example.invalid,Singapore,2025-12-31,Basic,14731.99
9004,Synthetic Customer 09004,customer09004@example.invalid,India,2025-08-27,Premium,11288.70
9005,Synthetic Customer 09005,customer09005@example.invalid,Canada,2024-02-11,Premium,3908.31
9006,Synthetic Customer 09006,customer09006@example.invalid,Singapore,2020-03-15,Premium,5069.91
9007,Synthetic Customer 09007,customer09007@example.invalid,Singapore,2022-11-15,Standard,13679.25
9008,Synthetic Customer 09008,customer09008@example.invalid,India,2025-06-23,Standard,17704.21
9009,Synthetic Customer 09009,customer09009@example.invalid,UK,2021-12-24,Basic,8053.08
9010,Synthetic Customer 09010,customer09010@example.invalid,India,2024-04-02,Premium,5125.07
9011,Synthetic Customer 09011,customer09011@example.invalid,India,2024-10-08,Premium,9082.15
9012,Synthetic Customer 09012,customer09012@example.invalid,Australia,2025-10-27,Premium,10802.34
9013,Synthetic Customer 09013,customer09013@example.invalid,USA,2020-07-24,Standard,18738.14
9014,Synthetic Customer 09014,customer09014@example.invalid,Australia,2020-11-17,Basic,6902.78
9015,Synthetic Customer 09015,customer09015@example.invalid,USA,2022-10-06,Standard,17528.68
9016,Synthetic Customer 09016,customer09016@example.invalid,Germany,2021-10-23,Standard,5459.51
9017,Synthetic Customer 09017,customer09017@example.invalid,Canada,2021-09-17,Standard,6256.43
9018,Synthetic Customer 09018,customer09018@example.invalid,Australia,2022-12-12,Basic,4466.36
9019,Synthetic Customer 09019,customer09019@example.invalid,Singapore,2022-07-14,Standard,15065.23
9020,Synthetic Customer 09020,customer09020@example.invalid,Canada,2025-12-29,Standard,631.65
9021,Synthetic Customer 09021,customer09021@example.invalid,USA,2024-04-05,Premium,9536.91
9022,Synthetic Customer 09022,customer09022@example.invalid,UK,2023-09-13,Standard,11925.36
9023,Synthetic Customer 09023,customer09023@example.invalid,Canada,2022-03-27,Basic,18757.90
9024,Synthetic Customer 09024,customer09024@example.invalid,USA,2025-10-03,Premium,6851.47
9025,Synthetic Customer 09025,customer09025@example.invalid,Canada,2021-02-21,Premium,13520.53
9026,Synthetic Customer 09026,customer09026@example.invalid,Germany,2025-11-24,Basic,17995.01
9027,Synthetic Customer 09027,customer09027@example.invalid,UK,2021-01-18,Premium,4032.35
9028,Synthetic Customer 09028,customer09028@example.invalid,USA,2025-07-04,Premium,2286.12
9029,Synthetic Customer 09029,customer09029@example.invalid,Germany,2020-03-25,Standard,14201.01
9030,Synthetic Customer 09030,customer09030@example.invalid,UK,2025-08-05,Standard,7222.55
9031,Synthetic Customer 09031,customer09031@example.invalid,Canada,2021-07-05,Basic,14872.51
9032,Synthetic Customer 09032,customer09032@example.invalid,Australia,2020-12-25,Basic,15982.07
9033,Synthetic Customer 09033,customer09033@example.invalid,UK,2022-01-30,Basic,17217.84
9034,Synthetic Customer 09034,customer09034@example.invalid,UK,2025-03-26,Standard,18733.07
9035,Synthetic Customer 09035,customer09035@example.invalid,Canada,2022-05-29,Standard,8830.84
9036,Synthetic Customer 09036,customer09036@example.invalid,UK,2023-11-13,Basic,9700.00
9037,Synthetic Customer 09037,customer09037@example.invalid,Australia,2022-06-10,Standard,4191.14
9038,Synthetic Customer 09038,customer09038@example.invalid,Canada,2021-02-28,Standard,19579.59
9039,Synthetic Customer 09039,customer09039@example.invalid,Germany,2025-10-29,Premium,19707.95
9040,Synthetic Customer 09040,customer09040@example.invalid,USA,2021-12-24,Basic,9670.03
9041,Synthetic Customer 09041,customer09041@example.invalid,UK,2023-06-01,Basic,17880.03
9042,Synthetic Customer 09042,customer09042@example.invalid,Singapore,2024-11-12,Standard,8178.11
9043,Synthetic Customer 09043,customer09043@example.invalid,USA,2020-02-11,Premium,1793.00
9044,Synthetic Customer 09044,customer09044@example.invalid,Germany,2020-08-21,Basic,16693.93
9045,Synthetic Customer 09045,customer09045@example.invalid,Australia,2021-05-30,Basic,8806.39
9046,Synthetic Customer 09046,customer09046@example.invalid,Germany,2025-02-09,Basic,6457.67
9047,Synthetic Customer 09047,customer09047@example.invalid,Australia,2023-03-07,Basic,8781.85
9048,Synthetic Customer 09048,customer09048@example.invalid,India,2024-07-26,Basic,3714.21
9049,Synthetic Customer 09049,customer09049@example.invalid,USA,2022-06-20,Standard,3755.43
9050,Synthetic Customer 09050,customer09050@example.invalid,UK,2023-02-12,Basic,9612.02
9051,Synthetic Customer 09051,customer09051@example.invalid,UK,2023-04-27,Standard,1236.10
9052,Synthetic Customer 09052,customer09052@example.invalid,USA,2025-02-11,Premium,2095.00
9053,Synthetic Customer 09053,customer09053@example.invalid,Canada,2023-12-08,Basic,9338.37
9054,Synthetic Customer 09054,customer09054@example.invalid,India,2024-05-21,Basic,14460.98
9055,Synthetic Customer 09055,customer09055@example.invalid,Singapore,2021-03-27,Standard,17651.20
9056,Synthetic Customer 09056,customer09056@example.invalid,India,2025-04-29,Premium,12085.88
9057,Synthetic Customer 09057,customer09057@example.invalid,Germany,2025-03-18,Basic,6640.38
9058,Synthetic Customer 09058,customer09058@example.invalid,UK,2021-02-04,Standard,12515.55
9059,Synthetic Customer 09059,customer09059@example.invalid,Singapore,2021-11-05,Premium,2760.92
9060,Synthetic Customer 09060,customer09060@example.invalid,Canada,2022-04-30,Standard,12653.88
9061,Synthetic Customer 09061,customer09061@example.invalid,Singapore,2020-07-24,Premium,10203.88
9062,Synthetic Customer 09062,customer09062@example.invalid,Canada,2025-07-07,Standard,1509.21
9063,Synthetic Customer 09063,customer09063@example.invalid,UK,2025-12-14,Standard,4253.08
9064,Synthetic Customer 09064,customer09064@example.invalid,Singapore,2021-02-18,Standard,661.94
9065,Synthetic Customer 09065,customer09065@example.invalid,USA,2023-06-24,Standard,5817.96
9066,Synthetic Customer 09066,customer09066@example.invalid,UK,2025-04-05,Premium,4793.14
9067,Synthetic Customer 09067,customer09067@example.invalid,UK,2020-10-30,Basic,17108.62
9068,Synthetic Customer 09068,customer09068@example.invalid,UK,2022-12-13,Premium,4700.56
9069,Synthetic Customer 09069,customer09069@example.invalid,UK,2025-10-01,Basic,571.23
9070,Synthetic Customer 09070,customer09070@example.invalid,Canada,2025-03-25,Standard,5229.05
9071,Synthetic Customer 09071,customer09071@example.invalid,India,2025-04-18,Premium,2487.81
9072,Synthetic Customer 09072,customer09072@example.invalid,India,2021-08-06,Standard,16365.53
9073,Synthetic Customer 09073,customer09073@example.invalid,USA,2021-02-19,Basic,2675.62
9074,Synthetic Customer 09074,customer09074@example.invalid,India,2024-01-26,Premium,9480.32
9075,Synthetic Customer 09075,customer09075@example.invalid,UK,2023-04-03,Standard,2147.04
9076,Synthetic Customer 09076,customer09076@example.invalid,USA,2020-05-13,Basic,5151.58
9077,Synthetic Customer 09077,customer09077@example.invalid,Germany,2024-03-17,Premium,5959.51
9078,Synthetic Customer 09078,customer09078@example.invalid,Singapore,2020-08-11,Standard,16218.75
9079,Synthetic Customer 09079,customer09079@example.invalid,Australia,2025-10-07,Premium,5793.78
9080,Synthetic Customer 09080,customer09080@example.invalid,Australia,2023-01-03,Standard,4666.52
9081,Synthetic Customer 09081,customer09081@example.invalid,USA,2023-03-13,Premium,7035.07
9082,Synthetic Customer 09082,customer09082@example.invalid,Singapore,2025-11-30,Standard,14516.28
9083,Synthetic Customer 09083,customer09083@example.invalid,Singapore,2024-10-20,Premium,16961.89
9084,Synthetic Customer 09084,customer09084@example.invalid,Australia,2021-02-19,Basic,9658.71
9085,Synthetic Customer 09085,customer09085@example.invalid,UK,2024-04-14,Standard,13581.80
9086,Synthetic Customer 09086,customer09086@example.invalid,USA,2020-02-29,Basic,2691.21
9087,Synthetic Customer 09087,customer09087@example.invalid,Germany,2025-01-21,Basic,8191.07
9088,Synthetic Customer 09088,customer09088@example.invalid,Australia,2021-12-22,Standard,13043.05
9089,Synthetic Customer 09089,customer09089@example.invalid,India,2023-05-16,Standard,18288.16
9090,Synthetic Customer 09090,customer09090@example.invalid,India,2022-08-10,Basic,8983.57
9091,Synthetic Customer 09091,customer09091@example.invalid,Germany,2025-12-25,Basic,390.22
9092,Synthetic Customer 09092,customer09092@example.invalid,Canada,2023-07-13,Basic,6829.13
9093,Synthetic Customer 09093,customer09093@example.invalid,Singapore,2022-08-28,Premium,7408.05
9094,Synthetic Customer 09094,customer09094@example.invalid,Singapore,2025-12-31,Basic,12111.35
9095,Synthetic Customer 09095,customer09095@example.invalid,India,2025-11-27,Standard,14477.14
9096,Synthetic Customer 09096,customer09096@example.invalid,Singapore,2023-09-14,Basic,4503.67
9097,Synthetic Customer 09097,customer09097@example.invalid,UK,2025-12-17,Standard,10596.73
9098,Synthetic Customer 09098,customer09098@example.invalid,UK,2024-08-07,Premium,13058.93
9099,Synthetic Customer 09099,customer09099@example.invalid,Canada,2023-07-05,Premium,2928.17
9100,Synthetic Customer 09100,customer09100@example.invalid,UK,2023-01-25,Standard,3725.44
9101,Synthetic Customer 09101,customer09101@example.invalid,Australia,2021-01-31,Basic,5361.88
9102,Synthetic Customer 09102,customer09102@example.invalid,India,2021-01-25,Standard,11688.22
9103,Synthetic Customer 09103,customer09103@example.invalid,USA,2020-03-12,Basic,1393.09
9104,Synthetic Customer 09104,customer09104@example.invalid,Singapore,2024-12-16,Premium,12911.19
9105,Synthetic Customer 09105,,UK,2022-06-15,Standard,3952.85
9106,Synthetic Customer 09106,customer09106@example.invalid,Singapore,2024-03-15,Basic,4237.32
9107,Synthetic Customer 09107,customer09107@example.invalid,USA,2021-11-28,Premium,10531.39
9108,Synthetic Customer 09108,customer09108@example.invalid,Singapore,2025-04-30,Premium,19136.79
9109,Synthetic Customer 09109,customer09109@example.invalid,Australia,2023-08-24,Basic,7122.68
9110,Synthetic Customer 09110,customer09110@example.invalid,Australia,2023-08-05,Standard,12889.59
9111,Synthetic Customer 09111,customer09111@example.invalid,USA,2021-09-28,Standard,900.30
9112,Synthetic Customer 09112,customer09112@example.invalid,Germany,2024-07-21,Standard,669.63
9113,Synthetic Customer 09113,customer09113@example.invalid,Singapore,2024-04-29,Basic,10706.25
9114,Synthetic Customer 09114,customer09114@example.invalid,Germany,2023-02-23,Premium,19187.87
9115,Synthetic Customer 09115,customer09115@example.invalid,UK,2023-03-29,Standard,184.08
9116,Synthetic Customer 09116,customer09116@example.invalid,Australia,2020-11-19,Standard,6679.69
9117,Synthetic Customer 09117,customer09117@example.invalid,UK,2024-05-22,Basic,10380.81
9118,Synthetic Customer 09118,customer09118@example.invalid,Australia,2021-10-06,Standard,5942.39
9119,Synthetic Customer 09119,customer09119@example.invalid,Australia,2023-08-23,Basic,10539.82
9120,Synthetic Customer 09120,customer09120@example.invalid,India,2021-02-07,Standard,19540.38
9121,Synthetic Customer 09121,customer09121@example.invalid,Canada,2022-10-22,Basic,17389.07
9122,Synthetic Customer 09122,customer09122@example.invalid,Canada,2020-06-12,Basic,13117.71
9123,Synthetic Customer 09123,customer09123@example.invalid,USA,2020-07-27,Basic,9689.37
9124,Synthetic Customer 09124,customer09124@example.invalid,USA,2021-12-27,Premium,15603.16
9125,Synthetic Customer 09125,customer09125@example.invalid,Singapore,2022-10-11,Standard,10610.01
9126,Synthetic Customer 09126,customer09126@example.invalid,Australia,2024-05-10,Basic,13968.14
9127,Synthetic Customer 09127,customer09127@example.invalid,Australia,2025-12-24,Basic,19780.34
9128,Synthetic Customer 09128,customer09128@example.invalid,Singapore,2020-07-17,Basic,7216.40
9129,Synthetic Customer 09129,customer09129@example.invalid,Singapore,2022-11-27,Basic,13328.13
9130,Synthetic Customer 09130,customer09130@example.invalid,Germany,2023-12-30,Basic,11446.22
9131,Synthetic Customer 09131,customer09131@example.invalid,UK,2025-09-15,Basic,5906.98
9132,Synthetic Customer 09132,customer09132@example.invalid,India,2023-09-17,Standard,2085.98
9133,Synthetic Customer 09133,customer09133@example.invalid,UK,2021-06-21,Basic,350.84
9134,Synthetic Customer 09134,customer09134@example.invalid,Australia,2022-05-17,Standard,14256.91
9135,Synthetic Customer 09135,customer09135@example.invalid,India,2024-07-11,Standard,9484.54
9136,Synthetic Customer 09136,customer09136@example.invalid,USA,2021-08-21,Standard,17637.47
9137,Synthetic Customer 09137,customer09137@example.invalid,India,2021-05-12,Premium,6001.68
9138,Synthetic Customer 09138,customer09138@example.invalid,Australia,2024-03-03,Basic,1028.37
9139,Synthetic Customer 09139,customer09139@example.invalid,UK,2022-02-14,Premium,17222.25
9140,Synthetic Customer 09140,customer09140@example.invalid,UK,2025-10-31,Standard,3696.16
9141,Synthetic Customer 09141,customer09141@example.invalid,Australia,2022-10-03,Basic,19014.31
9142,Synthetic Customer 09142,customer09142@example.invalid,UK,2023-12-08,Premium,7979.44
9143,Synthetic Customer 09143,customer09143@example.invalid,Singapore,2024-11-27,Basic,10831.02
9144,Synthetic Customer 09144,customer09144@example.invalid,Australia,2024-01-17,Standard,8601.90
9145,Synthetic Customer 09145,customer09145@example.invalid,Singapore,2021-03-21,Basic,2533.07
9146,Synthetic Customer 09146,,USA,2023-10-09,Standard,367.05
9147,Synthetic Customer 09147,customer09147@example.invalid,Singapore,2023-12-04,Basic,9170.75
9148,Synthetic Customer 09148,customer09148@example.invalid,Australia,2020-09-06,Premium,19366.73
9149,Synthetic Customer 09149,customer09149@example.invalid,UK,2024-12-31,Basic,19232.48
9150,Synthetic Customer 09150,customer09150@example.invalid,India,2025-01-05,Basic,5070.00
9151,Synthetic Customer 09151,customer09151@example.invalid,Singapore,2021-11-15,Basic,6062.50
9152,Synthetic Customer 09152,customer09152@example.invalid,Singapore,2025-04-05,Premium,813.98
9153,Synthetic Customer 09153,customer09153@example.invalid,USA,2022-11-05,Basic,18252.13
9154,Synthetic Customer 09154,customer09154@example.invalid,Australia,2021-01-24,Basic,16185.25
9155,Synthetic Customer 09155,customer09155@example.invalid,Australia,2025-07-27,Standard,4736.74
9156,Synthetic Customer 09156,customer09156@example.invalid,Singapore,2020-06-24,Standard,18965.23
9157,Synthetic Customer 09157,customer09157@example.invalid,UK,2025-03-13,Basic,16083.57
9158,Synthetic Customer 09158,customer09158@example.invalid,India,2021-05-21,Basic,1039.08
9159,Synthetic Customer 09159,customer09159@example.invalid,USA,2025-08-04,Basic,14864.82
9160,Synthetic Customer 09160,customer09160@example.invalid,India,2020-05-14,Basic,13632.52
9161,Synthetic Customer 09161,customer09161@example.invalid,Singapore,2022-03-14,Premium,12438.97
9162,Synthetic Customer 09162,customer09162@example.invalid,Canada,2024-01-04,Basic,9732.81
9163,Synthetic Customer 09163,customer09163@example.invalid,Singapore,2025-11-09,Premium,19793.61
9164,Synthetic Customer 09164,customer09164@example.invalid,Germany,2023-02-02,Standard,14715.25
9165,Synthetic Customer 09165,customer09165@example.invalid,India,2023-04-10,Basic,1470.28
9166,Synthetic Customer 09166,customer09166@example.invalid,Canada,2023-12-19,Premium,8352.08
9167,Synthetic Customer 09167,customer09167@example.invalid,India,2020-05-31,Standard,18294.35
9168,Synthetic Customer 09168,customer09168@example.invalid,Australia,2020-03-08,Basic,11287.72
9169,Synthetic Customer 09169,customer09169@example.invalid,Germany,2025-11-18,Basic,3497.43
9170,Synthetic Customer 09170,customer09170@example.invalid,Canada,2020-09-09,Premium,2254.11
9171,Synthetic Customer 09171,customer09171@example.invalid,Australia,2021-01-24,Standard,4689.88
9172,Synthetic Customer 09172,customer09172@example.invalid,USA,2022-04-19,Basic,14392.20
9173,Synthetic Customer 09173,customer09173@example.invalid,Singapore,2020-03-21,Premium,11400.52
9174,Synthetic Customer 09174,customer09174@example.invalid,Singapore,2020-04-03,Premium,12799.15
9175,Synthetic Customer 09175,customer09175@example.invalid,UK,2022-10-18,Standard,19744.52
9176,Synthetic Customer 09176,customer09176@example.invalid,Germany,2021-12-20,Standard,13610.39
9177,Synthetic Customer 09177,customer09177@example.invalid,UK,2025-02-03,Premium,19835.24
9178,Synthetic Customer 09178,customer09178@example.invalid,Australia,2021-09-17,Standard,9816.41
9179,Synthetic Customer 09179,customer09179@example.invalid,India,2024-09-24,Standard,19777.78
9180,Synthetic Customer 09180,customer09180@example.invalid,Singapore,2020-07-12,Standard,12573.71
9181,Synthetic Customer 09181,customer09181@example.invalid,India,2023-09-24,Premium,3599.27
9182,Synthetic Customer 09182,customer09182@example.invalid,UK,2021-02-16,Basic,10940.42
9183,Synthetic Customer 09183,customer09183@example.invalid,Australia,2022-10-10,Standard,18598.70
9184,Synthetic Customer 09184,customer09184@example.invalid,Australia,2024-12-08,Basic,1555.97
9185,Synthetic Customer 09185,customer09185@example.invalid,Germany,2024-03-19,Premium,19453.03
9186,Synthetic Customer 09186,customer09186@example.invalid,Australia,2021-12-15,Standard,8827.65
9187,Synthetic Customer 09187,customer09187@example.invalid,Singapore,2020-10-27,Premium,12634.11
9188,Synthetic Customer 09188,customer09188@example.invalid,Canada,2024-05-09,Premium,7445.39
9189,Synthetic Customer 09189,customer09189@example.invalid,India,2025-09-01,Standard,6765.93
9190,Synthetic Customer 09190,customer09190@example.invalid,USA,2021-07-22,Premium,12947.41
9191,Synthetic Customer 09191,customer09191@example.invalid,Australia,2025-01-15,Standard,7207.75
9192,Synthetic Customer 09192,customer09192@example.invalid,Singapore,2024-04-06,Standard,1796.43
9193,Synthetic Customer 09193,customer09193@example.invalid,India,2023-04-05,Premium,15476.97
9194,Synthetic Customer 09194,customer09194@example.invalid,Canada,2024-05-12,Basic,783.31
9195,Synthetic Customer 09195,customer09195@example.invalid,USA,2025-06-14,Basic,9581.97
9196,Synthetic Customer 09196,customer09196@example.invalid,India,2024-03-29,Standard,13237.10
9197,Synthetic Customer 09197,customer09197@example.invalid,USA,2022-10-31,Premium,19139.53
9198,Synthetic Customer 09198,customer09198@example.invalid,India,2024-07-08,Standard,12230.76
9199,Synthetic Customer 09199,customer09199@example.invalid,Canada,2023-04-09,Basic,5223.61
9200,Synthetic Customer 09200,customer09200@example.invalid,Singapore,2021-05-16,Basic,9527.48
9201,Synthetic Customer 09201,customer09201@example.invalid,India,2024-06-24,Basic,5532.35
9202,Synthetic Customer 09202,customer09202@example.invalid,USA,2025-04-08,Basic,17997.96
9203,Synthetic Customer 09203,customer09203@example.invalid,Germany,2025-09-27,Standard,10839.49
9204,Synthetic Customer 09204,customer09204@example.invalid,UK,2020-04-06,Standard,3275.49
9205,Synthetic Customer 09205,customer09205@example.invalid,USA,2020-02-02,Standard,3648.46
9206,Synthetic Customer 09206,customer09206@example.invalid,India,2025-06-22,Basic,4091.21
9207,Synthetic Customer 09207,customer09207@example.invalid,Singapore,2024-01-27,Basic,15689.68
9208,Synthetic Customer 09208,,UK,2022-04-24,Basic,4700.54
9209,Synthetic Customer 09209,customer09209@example.invalid,Australia,2022-01-16,Premium,15557.57
9210,Synthetic Customer 09210,customer09210@example.invalid,Germany,2020-06-26,Basic,16086.35
9211,Synthetic Customer 09211,customer09211@example.invalid,Singapore,2025-06-25,Standard,15338.60
9212,Synthetic Customer 09212,customer09212@example.invalid,India,2022-05-06,Standard,9973.24
9213,Synthetic Customer 09213,customer09213@example.invalid,Singapore,2025-09-09,Standard,8378.44
9214,Synthetic Customer 09214,customer09214@example.invalid,Singapore,2022-12-26,Basic,905.84
9215,Synthetic Customer 09215,customer09215@example.invalid,India,2021-11-20,Basic,17281.84
9216,Synthetic Customer 09216,customer09216@example.invalid,India,2020-01-14,Premium,1821.26
9217,Synthetic Customer 09217,customer09217@example.invalid,India,2020-02-16,Premium,11071.76
9218,Synthetic Customer 09218,customer09218@example.invalid,USA,2021-07-06,Basic,12668.75
9219,Synthetic Customer 09219,customer09219@example.invalid,Germany,2023-10-24,Premium,11979.37
9220,Synthetic Customer 09220,customer09220@example.invalid,Australia,2022-01-25,Premium,19274.52
9221,Synthetic Customer 09221,customer09221@example.invalid,Australia,2025-07-20,Standard,15551.26
9222,Synthetic Customer 09222,customer09222@example.invalid,India,2024-03-10,Basic,2866.18
9223,Synthetic Customer 09223,customer09223@example.invalid,Australia,2025-04-14,Basic,6081.38
9224,Synthetic Customer 09224,customer09224@example.invalid,Germany,2024-08-25,Basic,2425.24
9225,Synthetic Customer 09225,customer09225@example.invalid,UK,2025-07-30,Premium,3452.88
9226,Synthetic Customer 09226,customer09226@example.invalid,Singapore,2024-12-14,Premium,2974.35
9227,Synthetic Customer 09227,customer09227@example.invalid,Singapore,2021-05-01,Basic,11274.60
9228,Synthetic Customer 09228,customer09228@example.invalid,Australia,2023-03-21,Premium,11433.92
9229,Synthetic Customer 09229,customer09229@example.invalid,Germany,2020-10-11,Standard,13823.94
9230,Synthetic Customer 09230,customer09230@example.invalid,Singapore,2025-04-11,Standard,11867.12
9231,Synthetic Customer 09231,customer09231@example.invalid,Australia,2022-11-05,Basic,11136.12
9232,Synthetic Customer 09232,customer09232@example.invalid,Canada,2023-03-27,Premium,18791.70
9233,Synthetic Customer 09233,customer09233@example.invalid,Germany,2025-07-20,Standard,12317.32
9234,Synthetic Customer 09234,customer09234@example.invalid,India,2024-06-09,Standard,3082.61
9235,Synthetic Customer 09235,customer09235@example.invalid,Singapore,2020-01-04,Premium,15764.64
9236,Synthetic Customer 09236,customer09236@example.invalid,UK,2022-12-03,Standard,5857.78
9237,Synthetic Customer 09237,customer09237@example.invalid,UK,2023-08-16,Premium,2814.25
9238,Synthetic Customer 09238,customer09238@example.invalid,Australia,2025-10-13,Premium,9311.10
9239,Synthetic Customer 09239,customer09239@example.invalid,India,2022-03-21,Premium,7556.01
9240,Synthetic Customer 09240,customer09240@example.invalid,India,2020-03-13,Premium,11859.93
9241,Synthetic Customer 09241,customer09241@example.invalid,Australia,2025-07-27,Basic,277.75
9242,Synthetic Customer 09242,customer09242@example.invalid,Australia,2023-07-23,Basic,15043.38
9243,Synthetic Customer 09243,customer09243@example.invalid,Canada,2024-03-21,Standard,3933.85
9244,Synthetic Customer 09244,customer09244@example.invalid,Singapore,2024-07-29,Standard,455.64
9245,Synthetic Customer 09245,customer09245@example.invalid,Germany,2021-09-07,Premium,9072.81
9246,Synthetic Customer 09246,customer09246@example.invalid,UK,2024-07-15,Basic,15533.02
9247,Synthetic Customer 09247,customer09247@example.invalid,India,2022-04-09,Premium,831.05
9248,Synthetic Customer 09248,customer09248@example.invalid,Singapore,2022-05-31,Basic,14026.22
9249,Synthetic Customer 09249,customer09249@example.invalid,Canada,2024-12-13,Premium,5854.83
9250,Synthetic Customer 09250,customer09250@example.invalid,Australia,2021-06-28,Basic,7170.96
9251,Synthetic Customer 09251,customer09251@example.invalid,Singapore,2022-03-27,Basic,5236.39
9252,Synthetic Customer 09252,customer09252@example.invalid,Australia,2022-07-08,Standard,12770.67
9253,Synthetic Customer 09253,customer09253@example.invalid,India,2022-07-23,Standard,1508.23
9254,Synthetic Customer 09254,customer09254@example.invalid,India,2025-02-26,Basic,11662.28
9255,Synthetic Customer 09255,customer09255@example.invalid,USA,2023-02-02,Basic,5743.49
9256,Synthetic Customer 09256,customer09256@example.invalid,Australia,2025-03-31,Standard,11129.32
9257,Synthetic Customer 09257,customer09257@example.invalid,India,2023-09-14,Standard,12240.85
9258,Synthetic Customer 09258,customer09258@example.invalid,Singapore,2024-03-08,Basic,12545.55
9259,Synthetic Customer 09259,customer09259@example.invalid,Canada,2024-05-14,Premium,7624.17
9260,Synthetic Customer 09260,customer09260@example.invalid,Canada,2024-05-21,Standard,19954.27
9261,Synthetic Customer 09261,customer09261@example.invalid,UK,2025-04-23,Basic,4060.28
9262,Synthetic Customer 09262,customer09262@example.invalid,USA,2020-11-04,Standard,453.36
9263,Synthetic Customer 09263,customer09263@example.invalid,USA,2020-02-08,Basic,18367.85
9264,Synthetic Customer 09264,customer09264@example.invalid,Singapore,2020-01-28,Premium,11329.97
9265,Synthetic Customer 09265,customer09265@example.invalid,India,2022-03-07,Standard,17372.79
9266,Synthetic Customer 09266,customer09266@example.invalid,USA,2023-03-01,Premium,9324.24
9267,Synthetic Customer 09267,customer09267@example.invalid,UK,2022-12-08,Standard,131.88
9268,Synthetic Customer 09268,customer09268@example.invalid,Germany,2023-09-20,Basic,549.49
9269,Synthetic Customer 09269,customer09269@example.invalid,India,2020-01-10,Premium,17017.86
9270,Synthetic Customer 09270,customer09270@example.invalid,UK,2021-11-18,Standard,8555.87
9271,Synthetic Customer 09271,customer09271@example.invalid,Singapore,2023-11-10,Standard,9160.93
9272,Synthetic Customer 09272,customer09272@example.invalid,Canada,2024-03-24,Premium,1092.09
9273,Synthetic Customer 09273,customer09273@example.invalid,Australia,2021-10-05,Basic,11438.22
9274,Synthetic Customer 09274,customer09274@example.invalid,Canada,2022-08-01,Premium,17079.27
9275,Synthetic Customer 09275,customer09275@example.invalid,India,2021-08-16,Basic,17381.61
9276,Synthetic Customer 09276,customer09276@example.invalid,Singapore,2024-08-30,Standard,2370.79
9277,Synthetic Customer 09277,customer09277@example.invalid,Germany,2025-03-21,Standard,2973.52
9278,Synthetic Customer 09278,customer09278@example.invalid,Canada,2021-10-20,Premium,2237.46
9279,Synthetic Customer 09279,customer09279@example.invalid,Singapore,2021-11-05,Standard,18786.40
9280,Synthetic Customer 09280,customer09280@example.invalid,Australia,2025-01-05,Basic,14391.73
9281,Synthetic Customer 09281,customer09281@example.invalid,Germany,2023-10-11,Premium,9203.25
9282,Synthetic Customer 09282,customer09282@example.invalid,USA,2020-06-12,Basic,11271.60
9283,Synthetic Customer 09283,customer09283@example.invalid,Australia,2021-02-04,Standard,2788.46
9284,Synthetic Customer 09284,customer09284@example.invalid,Germany,2021-02-02,Standard,3981.15
9285,Synthetic Customer 09285,customer09285@example.invalid,Canada,2022-07-27,Premium,12333.58
9286,Synthetic Customer 09286,customer09286@example.invalid,Australia,2025-02-01,Basic,19478.74
9287,Synthetic Customer 09287,customer09287@example.invalid,USA,2023-01-26,Basic,11439.56
9288,Synthetic Customer 09288,customer09288@example.invalid,Canada,2022-12-18,Premium,13977.51
9289,Synthetic Customer 09289,customer09289@example.invalid,Germany,2020-08-20,Premium,12785.40
9290,Synthetic Customer 09290,customer09290@example.invalid,India,2025-04-18,Basic,7329.99
9291,Synthetic Customer 09291,customer09291@example.invalid,Canada,2023-11-24,Basic,8976.02
9292,Synthetic Customer 09292,customer09292@example.invalid,Canada,2024-04-30,Standard,12203.37
9293,Synthetic Customer 09293,customer09293@example.invalid,Germany,2021-08-15,Premium,19641.48
9294,Synthetic Customer 09294,customer09294@example.invalid,UK,2025-04-15,Basic,19850.51
9295,Synthetic Customer 09295,customer09295@example.invalid,Germany,2023-02-25,Premium,18670.28
9296,Synthetic Customer 09296,customer09296@example.invalid,USA,2025-02-18,Premium,4813.06
9297,Synthetic Customer 09297,customer09297@example.invalid,Singapore,2024-07-17,Premium,7738.60
9298,Synthetic Customer 09298,customer09298@example.invalid,Germany,2025-01-16,Standard,11378.85
9299,Synthetic Customer 09299,customer09299@example.invalid,UK,2021-07-18,Basic,14214.01
9300,Synthetic Customer 09300,customer09300@example.invalid,USA,2025-04-11,Premium,2146.08
9301,Synthetic Customer 09301,customer09301@example.invalid,Germany,2021-01-18,Standard,13307.91
9302,Synthetic Customer 09302,customer09302@example.invalid,UK,2024-01-09,Standard,4846.55
9303,Synthetic Customer 09303,customer09303@example.invalid,Singapore,2021-01-05,Basic,1623.64
9304,Synthetic Customer 09304,customer09304@example.invalid,Australia,2025-07-13,Basic,9387.58
9305,Synthetic Customer 09305,customer09305@example.invalid,UK,2020-06-08,Basic,9582.81
9306,Synthetic Customer 09306,customer09306@example.invalid,USA,2022-01-20,Standard,16429.36
9307,Synthetic Customer 09307,customer09307@example.invalid,Australia,2022-01-16,Basic,8959.54
9308,Synthetic Customer 09308,customer09308@example.invalid,Germany,2023-10-10,Standard,14939.64
9309,Synthetic Customer 09309,customer09309@example.invalid,Germany,2020-09-15,Standard,3368.54
9310,Synthetic Customer 09310,customer09310@example.invalid,Canada,2021-10-06,Standard,16357.51
9311,Synthetic Customer 09311,customer09311@example.invalid,Singapore,2024-12-28,Premium,11527.42
9312,Synthetic Customer 09312,customer09312@example.invalid,UK,2021-05-08,Premium,11649.34
9313,Synthetic Customer 09313,customer09313@example.invalid,Canada,2021-03-01,Premium,16608.81
9314,Synthetic Customer 09314,customer09314@example.invalid,Germany,2021-07-06,Premium,13834.90
9315,Synthetic Customer 09315,customer09315@example.invalid,India,2024-05-30,Standard,12500.06
9316,Synthetic Customer 09316,customer09316@example.invalid,Germany,2021-12-14,Premium,14307.12
9317,Synthetic Customer 09317,customer09317@example.invalid,UK,2024-09-02,Basic,755.14
9318,Synthetic Customer 09318,customer09318@example.invalid,Canada,2020-07-08,Premium,12579.03
9319,Synthetic Customer 09319,customer09319@example.invalid,Australia,2023-10-18,Standard,8817.97
9320,Synthetic Customer 09320,customer09320@example.invalid,Singapore,2020-03-19,Basic,674.96
9321,Synthetic Customer 09321,customer09321@example.invalid,Singapore,2020-03-31,Premium,15982.21
9322,Synthetic Customer 09322,customer09322@example.invalid,Canada,2024-03-30,Basic,8195.37
9323,Synthetic Customer 09323,customer09323@example.invalid,UK,2023-11-10,Premium,3269.46
9324,Synthetic Customer 09324,customer09324@example.invalid,India,2025-12-21,Basic,7877.14
9325,Synthetic Customer 09325,customer09325@example.invalid,Australia,2020-07-08,Standard,11019.93
9326,Synthetic Customer 09326,customer09326@example.invalid,Australia,2024-04-10,Premium,15728.24
9327,Synthetic Customer 09327,customer09327@example.invalid,Australia,2021-10-24,Standard,15221.47
9328,Synthetic Customer 09328,customer09328@example.invalid,Australia,2025-09-27,Standard,5062.26
9329,Synthetic Customer 09329,customer09329@example.invalid,India,2023-05-21,Standard,4007.30
9330,Synthetic Customer 09330,customer09330@example.invalid,Singapore,2021-10-31,Basic,19186.31
9331,Synthetic Customer 09331,customer09331@example.invalid,Singapore,2025-11-05,Basic,1895.44
9332,Synthetic Customer 09332,customer09332@example.invalid,Australia,2024-11-10,Premium,18880.60
9333,Synthetic Customer 09333,customer09333@example.invalid,UK,2023-08-28,Premium,2945.53
9334,Synthetic Customer 09334,customer09334@example.invalid,UK,2025-09-23,Premium,9039.34
9335,Synthetic Customer 09335,customer09335@example.invalid,UK,2024-01-16,Basic,5189.15
9336,Synthetic Customer 09336,customer09336@example.invalid,Canada,2022-02-10,Basic,7344.10
9337,Synthetic Customer 09337,customer09337@example.invalid,India,2020-12-25,Basic,14920.70
9338,Synthetic Customer 09338,customer09338@example.invalid,Canada,2025-07-10,Standard,12636.72
9339,Synthetic Customer 09339,customer09339@example.invalid,Australia,2025-03-17,Premium,6466.68
9340,Synthetic Customer 09340,customer09340@example.invalid,Canada,2024-08-08,Basic,5645.14
9341,Synthetic Customer 09341,customer09341@example.invalid,Australia,2025-04-25,Standard,2090.33
9342,Synthetic Customer 09342,customer09342@example.invalid,Germany,2024-09-16,Basic,13305.80
9343,Synthetic Customer 09343,customer09343@example.invalid,Singapore,2020-09-21,Basic,13463.98
9344,Synthetic Customer 09344,customer09344@example.invalid,Singapore,2025-05-13,Basic,18066.17
9345,Synthetic Customer 09345,customer09345@example.invalid,Germany,2022-05-22,Standard,12470.15
9346,Synthetic Customer 09346,customer09346@example.invalid,Germany,2021-10-18,Basic,3862.39
9347,Synthetic Customer 09347,customer09347@example.invalid,Canada,2025-04-05,Premium,17022.06
9348,Synthetic Customer 09348,customer09348@example.invalid,India,2023-06-12,Standard,7923.71
9349,Synthetic Customer 09349,customer09349@example.invalid,USA,2025-03-21,Premium,18586.27
9350,Synthetic Customer 09350,customer09350@example.invalid,Germany,2020-07-30,Premium,11144.48
9351,Synthetic Customer 09351,customer09351@example.invalid,Germany,2024-09-29,Premium,9570.70
9352,Synthetic Customer 09352,customer09352@example.invalid,Singapore,2023-04-08,Standard,6108.53
9353,Synthetic Customer 09353,customer09353@example.invalid,Australia,2023-02-26,Premium,19931.04
9354,Synthetic Customer 09354,customer09354@example.invalid,Singapore,2020-01-13,Basic,8867.33
9355,Synthetic Customer 09355,customer09355@example.invalid,Germany,2020-07-26,Basic,3727.37
9356,Synthetic Customer 09356,customer09356@example.invalid,Australia,2021-05-07,Premium,14477.79
9357,Synthetic Customer 09357,customer09357@example.invalid,Germany,2020-02-03,Basic,17436.16
9358,Synthetic Customer 09358,customer09358@example.invalid,Singapore,2024-05-09,Premium,5738.85
9359,Synthetic Customer 09359,customer09359@example.invalid,Singapore,2022-04-17,Basic,14572.68
9360,Synthetic Customer 09360,customer09360@example.invalid,UK,2021-02-18,Standard,8807.23
9361,Synthetic Customer 09361,customer09361@example.invalid,Australia,2025-12-14,Premium,9519.26
9362,Synthetic Customer 09362,customer09362@example.invalid,USA,2023-11-17,Basic,18920.37
9363,Synthetic Customer 09363,customer09363@example.invalid,Germany,2022-06-03,Basic,12374.67
9364,Synthetic Customer 09364,customer09364@example.invalid,Canada,2024-06-17,Basic,10650.88
9365,Synthetic Customer 09365,customer09365@example.invalid,Australia,2020-08-05,Standard,15597.00
9366,Synthetic Customer 09366,customer09366@example.invalid,Canada,2024-01-02,Basic,6961.81
9367,Synthetic Customer 09367,customer09367@example.invalid,India,2024-05-03,Premium,14339.31
9368,Synthetic Customer 09368,customer09368@example.invalid,Canada,2024-05-09,Premium,11532.07
9369,Synthetic Customer 09369,customer09369@example.invalid,Australia,2025-08-16,Standard,2299.35
9370,Synthetic Customer 09370,customer09370@example.invalid,USA,2020-04-01,Premium,2111.09
9371,Synthetic Customer 09371,customer09371@example.invalid,Canada,2020-05-03,Basic,13421.95
9372,Synthetic Customer 09372,customer09372@example.invalid,USA,2020-12-23,Standard,9568.82
9373,Synthetic Customer 09373,customer09373@example.invalid,USA,2024-12-20,Basic,16957.55
9374,Synthetic Customer 09374,customer09374@example.invalid,UK,2022-09-10,Premium,4124.38
9375,Synthetic Customer 09375,customer09375@example.invalid,UK,2023-11-18,Premium,5942.49
9376,Synthetic Customer 09376,customer09376@example.invalid,UK,2020-03-01,Standard,3320.33
9377,Synthetic Customer 09377,customer09377@example.invalid,Canada,2023-05-07,Basic,3572.09
9378,Synthetic Customer 09378,customer09378@example.invalid,UK,2020-04-30,Basic,976.76
9379,Synthetic Customer 09379,customer09379@example.invalid,Singapore,2025-12-18,Standard,13096.28
9380,Synthetic Customer 09380,customer09380@example.invalid,Canada,2022-06-04,Standard,8724.24
9381,Synthetic Customer 09381,customer09381@example.invalid,India,2025-12-01,Standard,16982.77
9382,Synthetic Customer 09382,customer09382@example.invalid,USA,2024-12-04,Basic,11075.18
9383,Synthetic Customer 09383,customer09383@example.invalid,UK,2022-08-29,Premium,1806.79
9384,Synthetic Customer 09384,customer09384@example.invalid,Singapore,2020-07-01,Premium,14128.33
9385,Synthetic Customer 09385,customer09385@example.invalid,Singapore,2025-01-30,Basic,9636.80
9386,Synthetic Customer 09386,customer09386@example.invalid,USA,2022-11-27,Standard,10295.81
9387,Synthetic Customer 09387,customer09387@example.invalid,Singapore,2020-09-29,Standard,4000.33
9388,Synthetic Customer 09388,customer09388@example.invalid,USA,2020-05-21,Basic,85.22
9389,Synthetic Customer 09389,customer09389@example.invalid,Singapore,2025-03-06,Basic,708.05
9390,Synthetic Customer 09390,customer09390@example.invalid,Australia,2022-03-06,Basic,12029.63
9391,Synthetic Customer 09391,customer09391@example.invalid,USA,2020-01-16,Premium,19721.52
9392,Synthetic Customer 09392,customer09392@example.invalid,USA,2020-04-22,Premium,7868.79
9393,Synthetic Customer 09393,customer09393@example.invalid,Australia,2022-01-04,Basic,6808.96
9394,Synthetic Customer 09394,customer09394@example.invalid,USA,2021-01-04,Basic,10716.89
9395,Synthetic Customer 09395,customer09395@example.invalid,Singapore,2022-05-03,Premium,15365.60
9396,Synthetic Customer 09396,customer09396@example.invalid,Canada,2024-08-16,Premium,10734.47
9397,Synthetic Customer 09397,customer09397@example.invalid,India,2024-01-06,Premium,18007.98
9398,Synthetic Customer 09398,customer09398@example.invalid,Singapore,2024-02-16,Basic,10140.29
9399,Synthetic Customer 09399,customer09399@example.invalid,Singapore,2022-05-30,Premium,9079.68
9400,Synthetic Customer 09400,customer09400@example.invalid,India,2022-08-25,Premium,925.53
9401,Synthetic Customer 09401,customer09401@example.invalid,USA,2023-03-20,Basic,18706.74
9402,Synthetic Customer 09402,customer09402@example.invalid,Singapore,2022-03-10,Standard,7759.66
9403,Synthetic Customer 09403,customer09403@example.invalid,Australia,2023-07-30,Premium,10430.52
9404,Synthetic Customer 09404,customer09404@example.invalid,Singapore,2023-07-26,Premium,8256.19
9405,Synthetic Customer 09405,customer09405@example.invalid,Germany,2023-12-05,Premium,14010.48
9406,Synthetic Customer 09406,customer09406@example.invalid,Canada,2025-01-13,Basic,5728.01
9407,Synthetic Customer 09407,customer09407@example.invalid,Germany,2021-10-26,Basic,7031.64
9408,Synthetic Customer 09408,customer09408@example.invalid,USA,2021-05-28,Premium,16647.12
9409,Synthetic Customer 09409,customer09409@example.invalid,USA,2022-09-17,Premium,16249.28
9410,Synthetic Customer 09410,customer09410@example.invalid,Australia,2023-01-30,Basic,11616.10
9411,Synthetic Customer 09411,customer09411@example.invalid,India,2023-04-02,Basic,4178.70
9412,Synthetic Customer 09412,customer09412@example.invalid,Australia,2021-01-31,Standard,6131.49
9413,Synthetic Customer 09413,customer09413@example.invalid,India,2024-07-16,Basic,19649.81
9414,Synthetic Customer 09414,customer09414@example.invalid,Canada,2022-09-17,Premium,3306.93
9415,Synthetic Customer 09415,customer09415@example.invalid,India,2021-12-20,Standard,8923.43
9416,Synthetic Customer 09416,customer09416@example.invalid,Australia,2022-10-01,Standard,4083.92
9417,Synthetic Customer 09417,customer09417@example.invalid,Singapore,2023-05-21,Basic,1223.79
9418,Synthetic Customer 09418,customer09418@example.invalid,UK,2021-10-19,Standard,2480.79
9419,Synthetic Customer 09419,customer09419@example.invalid,USA,2022-08-17,Basic,11946.94
9420,Synthetic Customer 09420,customer09420@example.invalid,USA,2023-05-19,Basic,14953.70
9421,Synthetic Customer 09421,customer09421@example.invalid,Canada,2024-07-09,Premium,8017.52
9422,Synthetic Customer 09422,customer09422@example.invalid,Canada,2021-07-12,Basic,13451.71
9423,Synthetic Customer 09423,customer09423@example.invalid,Australia,2021-06-10,Premium,12117.47
9424,Synthetic Customer 09424,customer09424@example.invalid,India,2024-08-01,Premium,16564.50
9425,Synthetic Customer 09425,customer09425@example.invalid,India,2024-06-29,Premium,8921.98
9426,Synthetic Customer 09426,customer09426@example.invalid,India,2021-02-14,Basic,13539.55
9427,Synthetic Customer 09427,customer09427@example.invalid,Canada,2024-02-13,Premium,13779.14
9428,Synthetic Customer 09428,customer09428@example.invalid,USA,2023-09-27,Premium,12532.70
9429,Synthetic Customer 09429,customer09429@example.invalid,India,2020-03-11,Standard,18032.14
9430,Synthetic Customer 09430,customer09430@example.invalid,Singapore,2021-06-18,Premium,19761.44
9431,Synthetic Customer 09431,customer09431@example.invalid,Germany,2022-02-26,Premium,7270.05
9432,Synthetic Customer 09432,customer09432@example.invalid,UK,2023-11-21,Basic,145.80
9433,Synthetic Customer 09433,customer09433@example.invalid,Singapore,2021-07-31,Premium,14591.73
9434,Synthetic Customer 09434,customer09434@example.invalid,UK,2024-08-08,Basic,1570.55
9435,Synthetic Customer 09435,customer09435@example.invalid,India,2022-12-14,Premium,14232.86
9436,Synthetic Customer 09436,customer09436@example.invalid,India,2022-01-10,Basic,13613.96
9437,Synthetic Customer 09437,customer09437@example.invalid,Singapore,2021-11-15,Standard,4056.63
9438,Synthetic Customer 09438,customer09438@example.invalid,UK,2024-02-19,Standard,6583.55
9439,Synthetic Customer 09439,customer09439@example.invalid,Germany,2022-10-30,Premium,2135.26
9440,Synthetic Customer 09440,customer09440@example.invalid,India,2024-08-30,Basic,4681.65
9441,Synthetic Customer 09441,customer09441@example.invalid,Australia,2025-05-09,Standard,7624.00
9442,Synthetic Customer 09442,customer09442@example.invalid,UK,2023-08-07,Basic,9901.21
9443,Synthetic Customer 09443,customer09443@example.invalid,Singapore,2021-01-20,Basic,8992.98
9444,Synthetic Customer 09444,customer09444@example.invalid,Australia,2022-08-02,Premium,7757.56
9445,Synthetic Customer 09445,customer09445@example.invalid,Singapore,2024-07-17,Basic,19332.71
9446,Synthetic Customer 09446,customer09446@example.invalid,USA,2021-05-08,Standard,17307.73
9447,Synthetic Customer 09447,customer09447@example.invalid,Germany,2023-08-27,Premium,1598.44
9448,Synthetic Customer 09448,customer09448@example.invalid,UK,2024-06-02,Standard,3404.44
9449,Synthetic Customer 09449,customer09449@example.invalid,Canada,2022-10-02,Basic,5124.65
9450,Synthetic Customer 09450,customer09450@example.invalid,India,2020-03-31,Basic,1815.87
9451,Synthetic Customer 09451,customer09451@example.invalid,Canada,2021-02-20,Premium,18138.75
9452,Synthetic Customer 09452,customer09452@example.invalid,USA,2024-01-06,Standard,15699.14
9453,Synthetic Customer 09453,customer09453@example.invalid,Germany,2021-08-29,Basic,4137.64
9454,Synthetic Customer 09454,customer09454@example.invalid,UK,2024-07-07,Standard,17144.36
9455,Synthetic Customer 09455,customer09455@example.invalid,USA,2023-10-13,Standard,10479.50
9456,Synthetic Customer 09456,customer09456@example.invalid,India,2021-04-18,Basic,16985.48
9457,Synthetic Customer 09457,customer09457@example.invalid,USA,2022-10-12,Standard,3407.61
9458,Synthetic Customer 09458,customer09458@example.invalid,Australia,2023-03-01,Standard,677.99
9459,Synthetic Customer 09459,customer09459@example.invalid,UK,2021-01-08,Standard,16138.45
9460,Synthetic Customer 09460,customer09460@example.invalid,India,2021-05-05,Standard,5968.57
9461,Synthetic Customer 09461,customer09461@example.invalid,India,2020-10-15,Premium,14641.70
9462,Synthetic Customer 09462,customer09462@example.invalid,Singapore,2022-09-13,Premium,53.54
9463,Synthetic Customer 09463,customer09463@example.invalid,India,2025-05-25,Basic,4453.37
9464,Synthetic Customer 09464,customer09464@example.invalid,UK,2021-02-25,Standard,13943.46
9465,Synthetic Customer 09465,customer09465@example.invalid,Australia,2024-04-15,Standard,6104.41
9466,Synthetic Customer 09466,customer09466@example.invalid,Germany,2025-08-30,Standard,18706.42
9467,Synthetic Customer 09467,customer09467@example.invalid,Canada,2020-05-28,Premium,16482.66
9468,Synthetic Customer 09468,customer09468@example.invalid,UK,2022-01-26,Basic,7844.94
9469,Synthetic Customer 09469,customer09469@example.invalid,Germany,2025-11-22,Basic,4321.26
9470,Synthetic Customer 09470,customer09470@example.invalid,UK,2023-05-03,Basic,2385.58
9471,Synthetic Customer 09471,customer09471@example.invalid,India,2024-11-12,Premium,901.81
9472,Synthetic Customer 09472,customer09472@example.invalid,India,2021-07-12,Premium,5518.66
9473,Synthetic Customer 09473,customer09473@example.invalid,Germany,2022-04-14,Basic,18636.07
9474,Synthetic Customer 09474,customer09474@example.invalid,USA,2020-06-27,Standard,7745.75
9475,Synthetic Customer 09475,customer09475@example.invalid,Germany,2021-03-31,Standard,19825.86
9476,Synthetic Customer 09476,customer09476@example.invalid,India,2025-07-04,Standard,14678.60
9477,Synthetic Customer 09477,customer09477@example.invalid,UK,2021-05-12,Premium,2736.97
9478,Synthetic Customer 09478,customer09478@example.invalid,Singapore,2021-11-29,Basic,2852.89
9479,Synthetic Customer 09479,customer09479@example.invalid,Germany,2020-09-25,Basic,12829.63
9480,Synthetic Customer 09480,customer09480@example.invalid,Australia,2022-06-19,Standard,10792.34
9481,Synthetic Customer 09481,customer09481@example.invalid,Singapore,2022-09-24,Premium,13716.19
9482,Synthetic Customer 09482,customer09482@example.invalid,Australia,2024-03-15,Basic,8623.58
9483,Synthetic Customer 09483,customer09483@example.invalid,UK,2022-07-24,Standard,10452.32
9484,Synthetic Customer 09484,customer09484@example.invalid,Australia,2020-01-23,Basic,8197.80
9485,Synthetic Customer 09485,,UK,2024-07-31,Basic,16553.08
9486,Synthetic Customer 09486,customer09486@example.invalid,USA,2021-09-25,Standard,1705.23
9487,Synthetic Customer 09487,customer09487@example.invalid,India,2023-10-10,Basic,6437.32
9488,Synthetic Customer 09488,customer09488@example.invalid,Australia,2023-02-02,Premium,16063.76
9489,Synthetic Customer 09489,customer09489@example.invalid,Australia,2023-05-30,Premium,15347.13
9490,Synthetic Customer 09490,customer09490@example.invalid,India,2023-08-05,Premium,1601.63
9491,Synthetic Customer 09491,customer09491@example.invalid,UK,2020-10-03,Standard,9218.14
9492,Synthetic Customer 09492,customer09492@example.invalid,UK,2024-06-10,Standard,4630.58
9493,Synthetic Customer 09493,customer09493@example.invalid,Australia,2022-08-26,Basic,16717.33
9494,Synthetic Customer 09494,customer09494@example.invalid,USA,2022-03-07,Basic,18038.12
9495,Synthetic Customer 09495,customer09495@example.invalid,India,2024-03-19,Premium,6069.45
9496,Synthetic Customer 09496,customer09496@example.invalid,Germany,2022-07-11,Standard,12046.71
9497,Synthetic Customer 09497,customer09497@example.invalid,India,2021-10-03,Standard,3016.93
9498,Synthetic Customer 09498,customer09498@example.invalid,Singapore,2020-12-23,Premium,1733.41
9499,Synthetic Customer 09499,customer09499@example.invalid,Singapore,2024-06-12,Standard,8858.75
9500,Synthetic Customer 09500,customer09500@example.invalid,India,2021-08-20,Standard,2809.26
9501,Synthetic Customer 09501,customer09501@example.invalid,India,2022-10-01,Basic,1225.47
9502,Synthetic Customer 09502,customer09502@example.invalid,Singapore,2020-12-20,Standard,10764.22
9503,Synthetic Customer 09503,customer09503@example.invalid,Singapore,2021-08-16,Standard,16563.24
9504,Synthetic Customer 09504,customer09504@example.invalid,Germany,2021-02-07,Premium,7709.77
9505,Synthetic Customer 09505,customer09505@example.invalid,Germany,2024-10-13,Premium,18727.72
9506,Synthetic Customer 09506,customer09506@example.invalid,Canada,2024-04-02,Premium,15386.61
9507,Synthetic Customer 09507,customer09507@example.invalid,Germany,2022-10-30,Standard,11283.67
9508,Synthetic Customer 09508,customer09508@example.invalid,Canada,2020-10-18,Standard,17935.82
9509,Synthetic Customer 09509,customer09509@example.invalid,Canada,2021-03-21,Standard,3683.10
9510,Synthetic Customer 09510,customer09510@example.invalid,Canada,2025-10-21,Basic,8158.65
9511,Synthetic Customer 09511,customer09511@example.invalid,Canada,2022-06-06,Basic,17203.43
9512,Synthetic Customer 09512,customer09512@example.invalid,Canada,2022-12-01,Basic,2044.02
9513,Synthetic Customer 09513,customer09513@example.invalid,Germany,2020-02-18,Premium,4235.73
9514,Synthetic Customer 09514,customer09514@example.invalid,India,2025-10-14,Premium,14045.01
9515,Synthetic Customer 09515,customer09515@example.invalid,India,2024-12-31,Basic,14032.48
9516,Synthetic Customer 09516,customer09516@example.invalid,India,2024-08-24,Premium,4313.00
9517,Synthetic Customer 09517,customer09517@example.invalid,UK,2023-12-29,Basic,19525.47
9518,Synthetic Customer 09518,customer09518@example.invalid,Singapore,2025-10-18,Basic,18776.33
9519,Synthetic Customer 09519,customer09519@example.invalid,Singapore,2022-01-25,Basic,7875.51
9520,Synthetic Customer 09520,customer09520@example.invalid,Germany,2022-07-16,Standard,17321.12
9521,Synthetic Customer 09521,customer09521@example.invalid,Canada,2022-06-27,Premium,12732.07
9522,Synthetic Customer 09522,customer09522@example.invalid,Germany,2025-04-02,Basic,7435.54
9523,Synthetic Customer 09523,customer09523@example.invalid,Singapore,2022-10-23,Standard,11675.11
9524,Synthetic Customer 09524,customer09524@example.invalid,UK,2025-06-15,Standard,13513.94
9525,Synthetic Customer 09525,customer09525@example.invalid,Australia,2025-08-19,Standard,12775.90
9526,Synthetic Customer 09526,customer09526@example.invalid,Canada,2021-12-05,Standard,15740.15
9527,Synthetic Customer 09527,customer09527@example.invalid,Australia,2025-04-12,Standard,17834.22
9528,Synthetic Customer 09528,customer09528@example.invalid,UK,2021-09-20,Standard,17010.53
9529,Synthetic Customer 09529,customer09529@example.invalid,UK,2021-07-24,Basic,14996.72
9530,Synthetic Customer 09530,customer09530@example.invalid,USA,2022-09-11,Standard,3249.86
9531,Synthetic Customer 09531,customer09531@example.invalid,Singapore,2022-10-20,Standard,15299.32
9532,Synthetic Customer 09532,customer09532@example.invalid,Australia,2021-03-11,Premium,8494.72
9533,Synthetic Customer 09533,customer09533@example.invalid,USA,2020-11-07,Basic,3776.78
9534,Synthetic Customer 09534,customer09534@example.invalid,Germany,2022-07-07,Premium,12849.98
9535,Synthetic Customer 09535,customer09535@example.invalid,Canada,2025-08-28,Premium,7178.35
9536,Synthetic Customer 09536,customer09536@example.invalid,USA,2024-02-21,Basic,19439.15
9537,Synthetic Customer 09537,customer09537@example.invalid,USA,2025-04-14,Standard,9686.57
9538,Synthetic Customer 09538,customer09538@example.invalid,USA,2022-08-18,Basic,invalid-decimal
9539,Synthetic Customer 09539,customer09539@example.invalid,Germany,2025-09-09,Basic,15921.17
9540,Synthetic Customer 09540,customer09540@example.invalid,UK,2020-11-01,Basic,11978.83
9541,Synthetic Customer 09541,customer09541@example.invalid,Australia,2020-10-31,Basic,3259.32
9542,Synthetic Customer 09542,customer09542@example.invalid,Canada,2024-02-17,Basic,11529.85
9543,Synthetic Customer 09543,customer09543@example.invalid,UK,2024-02-21,Basic,833.75
9544,Synthetic Customer 09544,customer09544@example.invalid,Singapore,2024-12-08,Basic,12035.52
9545,Synthetic Customer 09545,customer09545@example.invalid,USA,2023-08-25,Premium,8203.44
9546,Synthetic Customer 09546,customer09546@example.invalid,Singapore,2024-08-11,Basic,19413.01
9547,Synthetic Customer 09547,customer09547@example.invalid,Singapore,2022-12-30,Premium,16312.32
9548,Synthetic Customer 09548,customer09548@example.invalid,Australia,2022-01-31,Premium,18928.57
9549,Synthetic Customer 09549,customer09549@example.invalid,Australia,2022-01-15,Premium,7666.89
9550,Synthetic Customer 09550,customer09550@example.invalid,UK,2022-08-08,Standard,9220.54
9551,Synthetic Customer 09551,customer09551@example.invalid,Singapore,2022-04-27,Standard,6641.11
9552,Synthetic Customer 09552,customer09552@example.invalid,Canada,2024-12-16,Standard,9609.65
9553,Synthetic Customer 09553,customer09553@example.invalid,Singapore,2020-12-11,Premium,7410.23
9554,Synthetic Customer 09554,customer09554@example.invalid,UK,2020-08-29,Standard,16792.54
9555,Synthetic Customer 09555,customer09555@example.invalid,Germany,2022-01-22,Premium,19453.83
9556,Synthetic Customer 09556,customer09556@example.invalid,Germany,2021-03-06,Basic,11476.99
9557,Synthetic Customer 09557,customer09557@example.invalid,UK,2021-06-06,Standard,7270.17
9558,Synthetic Customer 09558,customer09558@example.invalid,UK,2025-07-15,Standard,10789.35
9559,Synthetic Customer 09559,customer09559@example.invalid,Australia,2025-04-29,Standard,4911.45
9560,Synthetic Customer 09560,customer09560@example.invalid,Australia,2025-05-24,Standard,6876.48
9561,Synthetic Customer 09561,customer09561@example.invalid,Canada,2021-12-14,Premium,8315.84
9562,Synthetic Customer 09562,customer09562@example.invalid,USA,2022-06-07,Basic,12698.28
9563,Synthetic Customer 09563,customer09563@example.invalid,Australia,2024-11-02,Basic,7420.58
9564,Synthetic Customer 09564,customer09564@example.invalid,USA,2023-10-18,Premium,4348.11
9565,Synthetic Customer 09565,customer09565@example.invalid,Singapore,2025-01-22,Premium,12694.05
9566,Synthetic Customer 09566,customer09566@example.invalid,Germany,2020-01-26,Basic,15733.38
9567,Synthetic Customer 09567,customer09567@example.invalid,Germany,2024-06-15,Standard,16003.55
9568,Synthetic Customer 09568,customer09568@example.invalid,USA,2024-07-12,Premium,12682.39
9569,Synthetic Customer 09569,customer09569@example.invalid,USA,2025-02-07,Standard,5842.06
9570,Synthetic Customer 09570,customer09570@example.invalid,Canada,2025-09-16,Basic,555.36
9571,Synthetic Customer 09571,customer09571@example.invalid,Australia,2023-07-20,Premium,12315.92
9572,Synthetic Customer 09572,customer09572@example.invalid,Singapore,2023-12-28,Basic,1509.14
9573,Synthetic Customer 09573,customer09573@example.invalid,UK,2022-10-03,Standard,19748.76
9574,Synthetic Customer 09574,customer09574@example.invalid,USA,2022-09-27,Premium,1023.63
9575,Synthetic Customer 09575,customer09575@example.invalid,Australia,2022-05-11,Standard,6132.62
9576,Synthetic Customer 09576,customer09576@example.invalid,UK,2022-09-29,Standard,3863.21
9577,Synthetic Customer 09577,customer09577@example.invalid,India,2025-05-15,Premium,17906.36
9578,Synthetic Customer 09578,customer09578@example.invalid,Canada,2025-11-26,Premium,5115.29
9579,Synthetic Customer 09579,customer09579@example.invalid,Australia,2023-05-31,Standard,17552.89
9580,Synthetic Customer 09580,customer09580@example.invalid,Canada,2024-09-19,Premium,13335.95
9581,Synthetic Customer 09581,customer09581@example.invalid,Singapore,2020-02-16,Standard,13771.26
9582,Synthetic Customer 09582,customer09582@example.invalid,Canada,2023-10-19,Basic,550.05
9583,Synthetic Customer 09583,customer09583@example.invalid,Singapore,2023-05-10,Standard,10366.92
9584,Synthetic Customer 09584,customer09584@example.invalid,Singapore,2021-09-17,Premium,7137.05
9585,Synthetic Customer 09585,customer09585@example.invalid,Singapore,2021-03-21,Standard,7477.63
9586,Synthetic Customer 09586,customer09586@example.invalid,Germany,2025-08-15,Basic,5012.58
9587,Synthetic Customer 09587,customer09587@example.invalid,Canada,2022-04-27,Standard,8469.46
9588,Synthetic Customer 09588,customer09588@example.invalid,USA,2021-10-05,Standard,3551.38
9589,Synthetic Customer 09589,customer09589@example.invalid,Canada,2025-10-10,Premium,13805.03
9590,Synthetic Customer 09590,customer09590@example.invalid,UK,2023-02-01,Standard,19983.88
9591,Synthetic Customer 09591,customer09591@example.invalid,Australia,2021-04-27,Premium,17568.04
9592,Synthetic Customer 09592,customer09592@example.invalid,Singapore,2025-05-19,Premium,9658.33
9593,Synthetic Customer 09593,customer09593@example.invalid,Australia,2023-10-27,Standard,3077.96
9594,Synthetic Customer 09594,customer09594@example.invalid,Canada,2021-03-02,Premium,12951.40
9595,Synthetic Customer 09595,customer09595@example.invalid,Singapore,2024-07-30,Standard,18348.93
9596,Synthetic Customer 09596,customer09596@example.invalid,Singapore,2025-07-11,Standard,18414.18
9597,Synthetic Customer 09597,customer09597@example.invalid,UK,2021-07-31,Standard,19951.54
9598,Synthetic Customer 09598,customer09598@example.invalid,Australia,2020-03-26,Premium,3118.24
9599,Synthetic Customer 09599,customer09599@example.invalid,Canada,2025-12-23,Standard,9328.36
9600,Synthetic Customer 09600,customer09600@example.invalid,Australia,2023-11-01,Premium,10635.12
9601,Synthetic Customer 09601,customer09601@example.invalid,India,2020-06-02,Standard,15200.28
9602,Synthetic Customer 09602,customer09602@example.invalid,Germany,2021-03-31,Premium,18445.06
9603,Synthetic Customer 09603,customer09603@example.invalid,UK,2021-07-21,Premium,5066.15
9604,Synthetic Customer 09604,customer09604@example.invalid,India,2021-01-19,Basic,10385.14
9605,Synthetic Customer 09605,customer09605@example.invalid,Singapore,2024-02-11,Premium,12271.80
9606,Synthetic Customer 09606,customer09606@example.invalid,Germany,2023-12-17,Standard,9227.45
9607,Synthetic Customer 09607,customer09607@example.invalid,Canada,2022-06-28,Premium,773.63
9608,Synthetic Customer 09608,customer09608@example.invalid,Germany,2021-01-31,Standard,3130.80
9609,Synthetic Customer 09609,customer09609@example.invalid,Singapore,2020-06-04,Basic,19610.33
9610,Synthetic Customer 09610,customer09610@example.invalid,Germany,2021-05-31,Basic,2084.62
9611,Synthetic Customer 09611,customer09611@example.invalid,India,2020-06-02,Basic,14081.49
9612,Synthetic Customer 09612,customer09612@example.invalid,Germany,2023-05-28,Standard,14413.36
9613,Synthetic Customer 09613,customer09613@example.invalid,UK,2020-06-15,Standard,6246.61
9614,Synthetic Customer 09614,customer09614@example.invalid,Canada,2025-07-05,Premium,8453.89
9615,Synthetic Customer 09615,customer09615@example.invalid,USA,2020-02-15,Premium,410.72
9616,Synthetic Customer 09616,customer09616@example.invalid,Singapore,2020-09-14,Premium,2346.55
9617,Synthetic Customer 09617,customer09617@example.invalid,Germany,2024-02-08,Premium,9314.61
9618,Synthetic Customer 09618,customer09618@example.invalid,Germany,2022-09-12,Standard,1262.29
9619,Synthetic Customer 09619,customer09619@example.invalid,UK,2022-01-21,Standard,9103.94
9620,Synthetic Customer 09620,customer09620@example.invalid,Germany,2023-08-29,Standard,919.26
9621,Synthetic Customer 09621,customer09621@example.invalid,Australia,2025-10-27,Basic,19622.58
9622,Synthetic Customer 09622,customer09622@example.invalid,USA,2021-12-23,Premium,8491.63
9623,Synthetic Customer 09623,customer09623@example.invalid,Canada,2022-08-14,Basic,12095.30
9624,Synthetic Customer 09624,customer09624@example.invalid,India,2021-05-09,Premium,16370.64
9625,Synthetic Customer 09625,customer09625@example.invalid,Australia,2021-10-12,Premium,9957.61
9626,Synthetic Customer 09626,customer09626@example.invalid,Germany,2021-01-08,Standard,9694.31
9627,Synthetic Customer 09627,customer09627@example.invalid,UK,2021-08-01,Basic,5333.46
9628,Synthetic Customer 09628,customer09628@example.invalid,Australia,2020-07-24,Standard,7817.53
9629,Synthetic Customer 09629,customer09629@example.invalid,Canada,2020-11-21,Standard,11813.66
9630,Synthetic Customer 09630,customer09630@example.invalid,Canada,2022-06-30,Basic,19965.70
9631,Synthetic Customer 09631,customer09631@example.invalid,UK,2022-03-23,Premium,9439.39
9632,Synthetic Customer 09632,customer09632@example.invalid,UK,2025-09-15,Basic,19968.62
9633,Synthetic Customer 09633,customer09633@example.invalid,Canada,2020-04-22,Standard,13217.54
9634,Synthetic Customer 09634,customer09634@example.invalid,Germany,2025-12-05,Standard,12433.97
9635,Synthetic Customer 09635,customer09635@example.invalid,Australia,2024-01-24,Standard,17964.99
9636,Synthetic Customer 09636,customer09636@example.invalid,Singapore,2021-07-12,Standard,7149.83
9637,Synthetic Customer 09637,customer09637@example.invalid,India,2021-08-12,Basic,19141.55
9638,Synthetic Customer 09638,customer09638@example.invalid,Australia,2024-02-25,Standard,5437.13
9639,Synthetic Customer 09639,customer09639@example.invalid,India,2025-06-18,Basic,6370.31
9640,Synthetic Customer 09640,customer09640@example.invalid,Australia,2020-12-24,Standard,10780.23
9641,Synthetic Customer 09641,customer09641@example.invalid,India,2020-02-04,Standard,725.93
9642,Synthetic Customer 09642,customer09642@example.invalid,Australia,2021-07-01,Basic,2782.38
9643,Synthetic Customer 09643,customer09643@example.invalid,USA,2025-07-19,Premium,19965.73
9644,Synthetic Customer 09644,customer09644@example.invalid,Singapore,2021-02-08,Basic,3007.59
9645,Synthetic Customer 09645,customer09645@example.invalid,Singapore,2020-01-11,Premium,2398.72
9646,Synthetic Customer 09646,customer09646@example.invalid,USA,2020-01-16,Basic,19186.17
9647,Synthetic Customer 09647,customer09647@example.invalid,UK,2022-10-04,Standard,15617.96
9648,Synthetic Customer 09648,customer09648@example.invalid,Canada,2025-06-24,Basic,13859.78
9649,Synthetic Customer 09649,customer09649@example.invalid,Canada,2022-06-15,Premium,5158.93
9650,Synthetic Customer 09650,customer09650@example.invalid,UK,2022-04-01,Basic,3078.89
9651,Synthetic Customer 09651,customer09651@example.invalid,Canada,2024-06-19,Standard,7095.76
9652,Synthetic Customer 09652,customer09652@example.invalid,Canada,2022-12-31,Standard,13329.12
9653,Synthetic Customer 09653,customer09653@example.invalid,UK,2020-11-20,Basic,5070.08
9654,Synthetic Customer 09654,customer09654@example.invalid,India,2020-09-03,Basic,8538.30
9655,Synthetic Customer 09655,customer09655@example.invalid,Singapore,2020-03-08,Premium,2244.08
9656,Synthetic Customer 09656,customer09656@example.invalid,Australia,2022-02-02,Basic,7810.56
9657,Synthetic Customer 09657,customer09657@example.invalid,Germany,2024-02-15,Basic,12235.36
9658,Synthetic Customer 09658,customer09658@example.invalid,USA,2023-07-19,Premium,7413.50
9659,Synthetic Customer 09659,customer09659@example.invalid,Canada,2023-06-14,Basic,2404.97
9660,Synthetic Customer 09660,customer09660@example.invalid,Germany,2020-05-15,Standard,19765.76
9661,Synthetic Customer 09661,customer09661@example.invalid,Australia,2022-02-18,Premium,5952.63
9662,Synthetic Customer 09662,customer09662@example.invalid,Australia,2020-11-07,Premium,5280.86
9663,Synthetic Customer 09663,customer09663@example.invalid,USA,2022-10-10,Standard,4277.36
9664,Synthetic Customer 09664,customer09664@example.invalid,Singapore,2022-09-17,Basic,836.45
9665,Synthetic Customer 09665,customer09665@example.invalid,USA,2024-08-15,Basic,3362.63
9666,Synthetic Customer 09666,customer09666@example.invalid,USA,2022-08-13,Basic,5636.86
9667,Synthetic Customer 09667,customer09667@example.invalid,India,2024-07-25,Standard,6891.80
9668,Synthetic Customer 09668,customer09668@example.invalid,Germany,2020-08-15,Premium,6213.29
9669,Synthetic Customer 09669,customer09669@example.invalid,UK,2023-10-23,Basic,10917.80
9670,Synthetic Customer 09670,customer09670@example.invalid,UK,2021-07-22,Basic,3640.56
9671,Synthetic Customer 09671,customer09671@example.invalid,Germany,2024-10-12,Premium,3425.57
9672,Synthetic Customer 09672,customer09672@example.invalid,Australia,2020-07-24,Standard,2188.84
9673,Synthetic Customer 09673,customer09673@example.invalid,India,2025-07-28,Premium,8235.89
9674,Synthetic Customer 09674,customer09674@example.invalid,UK,2024-02-18,Standard,18930.19
9675,Synthetic Customer 09675,customer09675@example.invalid,USA,2024-02-15,Standard,13923.61
9676,Synthetic Customer 09676,customer09676@example.invalid,UK,2023-03-27,Premium,17610.10
9677,Synthetic Customer 09677,customer09677@example.invalid,Canada,2024-07-12,Basic,10757.68
9678,Synthetic Customer 09678,customer09678@example.invalid,Singapore,2021-09-16,Basic,6953.39
9679,Synthetic Customer 09679,customer09679@example.invalid,Australia,2023-12-09,Premium,8837.65
9680,Synthetic Customer 09680,customer09680@example.invalid,Germany,2023-09-06,Basic,14917.08
9681,Synthetic Customer 09681,customer09681@example.invalid,India,2023-01-20,Premium,10280.52
9682,Synthetic Customer 09682,customer09682@example.invalid,UK,2025-07-31,Standard,6394.95
9683,Synthetic Customer 09683,customer09683@example.invalid,UK,2021-10-18,Standard,10477.61
9684,Synthetic Customer 09684,customer09684@example.invalid,Germany,2020-03-26,Basic,13634.78
9685,Synthetic Customer 09685,customer09685@example.invalid,Germany,2022-02-06,Basic,16692.17
9686,Synthetic Customer 09686,customer09686@example.invalid,USA,2025-11-07,Basic,6284.32
9687,Synthetic Customer 09687,customer09687@example.invalid,Canada,2020-02-19,Premium,9259.33
9688,Synthetic Customer 09688,customer09688@example.invalid,Germany,2024-07-20,Standard,10651.37
9689,Synthetic Customer 09689,customer09689@example.invalid,India,2021-04-11,Standard,10656.30
9690,Synthetic Customer 09690,customer09690@example.invalid,India,2020-05-30,Basic,8946.56
9691,Synthetic Customer 09691,customer09691@example.invalid,Germany,2020-10-16,Basic,19468.51
9692,Synthetic Customer 09692,customer09692@example.invalid,Canada,2020-12-29,Standard,14358.40
9693,Synthetic Customer 09693,customer09693@example.invalid,Germany,2020-11-06,Standard,9428.10
9694,Synthetic Customer 09694,customer09694@example.invalid,Canada,2024-12-05,Standard,5941.55
9695,Synthetic Customer 09695,customer09695@example.invalid,Singapore,2020-07-14,Standard,4652.45
9696,Synthetic Customer 09696,customer09696@example.invalid,Australia,2024-07-19,Standard,2409.37
9697,Synthetic Customer 09697,customer09697@example.invalid,USA,2022-01-18,Premium,9077.25
9698,Synthetic Customer 09698,customer09698@example.invalid,Singapore,2023-05-15,Premium,11332.66
9699,Synthetic Customer 09699,customer09699@example.invalid,Australia,2020-12-01,Premium,9799.12
9700,Synthetic Customer 09700,customer09700@example.invalid,UK,2024-09-07,Premium,3671.40
9701,Synthetic Customer 09701,customer09701@example.invalid,Canada,2022-02-07,Standard,2644.08
9702,Synthetic Customer 09702,customer09702@example.invalid,Singapore,2023-05-29,Basic,9552.14
9703,Synthetic Customer 09703,customer09703@example.invalid,Australia,2021-09-30,Standard,15905.09
9704,Synthetic Customer 09704,customer09704@example.invalid,Germany,2023-05-02,Premium,10106.06
9705,Synthetic Customer 09705,customer09705@example.invalid,Canada,2025-12-18,Basic,13879.29
9706,Synthetic Customer 09706,customer09706@example.invalid,India,2025-08-08,Premium,11082.70
9707,Synthetic Customer 09707,customer09707@example.invalid,UK,2023-01-21,Basic,6341.09
9708,Synthetic Customer 09708,customer09708@example.invalid,Australia,2023-05-28,Standard,3793.18
9709,Synthetic Customer 09709,customer09709@example.invalid,Singapore,2025-08-10,Standard,8813.03
9710,Synthetic Customer 09710,customer09710@example.invalid,UK,2020-05-09,Basic,16949.40
9711,Synthetic Customer 09711,customer09711@example.invalid,USA,2025-03-01,Premium,19606.01
9712,Synthetic Customer 09712,customer09712@example.invalid,Singapore,2024-05-06,Basic,10987.10
9713,Synthetic Customer 09713,customer09713@example.invalid,India,2020-01-11,Standard,5772.07
9714,Synthetic Customer 09714,customer09714@example.invalid,Singapore,2020-01-20,Premium,4675.25
9715,Synthetic Customer 09715,customer09715@example.invalid,Canada,2021-09-11,Standard,2439.44
9716,Synthetic Customer 09716,customer09716@example.invalid,Australia,2020-07-05,Premium,9404.22
9717,Synthetic Customer 09717,customer09717@example.invalid,Australia,2021-02-13,Standard,8870.05
9718,Synthetic Customer 09718,customer09718@example.invalid,Canada,2024-08-10,Premium,8541.21
9719,Synthetic Customer 09719,customer09719@example.invalid,Canada,2021-09-09,Premium,9327.17
9720,Synthetic Customer 09720,customer09720@example.invalid,USA,2025-12-21,Basic,2469.74
9721,Synthetic Customer 09721,customer09721@example.invalid,USA,2023-09-05,Basic,6277.41
9722,Synthetic Customer 09722,customer09722@example.invalid,Germany,2024-04-15,Premium,11403.48
9723,Synthetic Customer 09723,customer09723@example.invalid,UK,2023-02-03,Standard,17293.72
9724,Synthetic Customer 09724,customer09724@example.invalid,Germany,2020-07-15,Premium,5894.97
9725,Synthetic Customer 09725,customer09725@example.invalid,UK,2024-11-07,Basic,19583.12
9726,Synthetic Customer 09726,customer09726@example.invalid,Singapore,2021-04-15,Premium,12903.05
9727,Synthetic Customer 09727,customer09727@example.invalid,UK,2020-04-22,Premium,82.78
9728,Synthetic Customer 09728,customer09728@example.invalid,Canada,2023-06-17,Basic,19862.82
9729,Synthetic Customer 09729,customer09729@example.invalid,USA,2022-03-03,Premium,798.65
9730,Synthetic Customer 09730,customer09730@example.invalid,India,2025-05-17,Standard,8430.53
9731,Synthetic Customer 09731,customer09731@example.invalid,UK,2025-09-17,Standard,14197.34
9732,Synthetic Customer 09732,customer09732@example.invalid,Canada,2023-05-30,Standard,1099.88
9733,Synthetic Customer 09733,customer09733@example.invalid,Australia,2025-10-24,Premium,13837.99
9734,Synthetic Customer 09734,customer09734@example.invalid,UK,2022-11-15,Premium,19538.06
9735,Synthetic Customer 09735,customer09735@example.invalid,Canada,2025-02-25,Basic,14603.10
9736,Synthetic Customer 09736,customer09736@example.invalid,Germany,2022-06-16,Basic,16896.94
9737,Synthetic Customer 09737,customer09737@example.invalid,Germany,2021-07-03,Premium,15213.95
9738,Synthetic Customer 09738,customer09738@example.invalid,UK,2025-09-12,Standard,13090.99
9739,Synthetic Customer 09739,customer09739@example.invalid,Germany,2021-02-24,Premium,11142.97
9740,Synthetic Customer 09740,customer09740@example.invalid,UK,2020-07-29,Standard,351.68
9741,Synthetic Customer 09741,customer09741@example.invalid,Australia,2025-07-25,Basic,14404.76
9742,Synthetic Customer 09742,customer09742@example.invalid,USA,2021-08-31,Standard,1806.76
9743,Synthetic Customer 09743,customer09743@example.invalid,Germany,2025-09-09,Basic,17148.28
9744,Synthetic Customer 09744,customer09744@example.invalid,Australia,2024-03-21,Standard,19799.36
9745,Synthetic Customer 09745,customer09745@example.invalid,USA,2023-10-20,Premium,18072.47
9746,Synthetic Customer 09746,customer09746@example.invalid,India,2021-06-15,Premium,10309.11
9747,Synthetic Customer 09747,customer09747@example.invalid,Canada,2023-02-03,Standard,7142.77
9748,Synthetic Customer 09748,customer09748@example.invalid,India,2023-04-18,Basic,14133.19
9749,Synthetic Customer 09749,customer09749@example.invalid,India,2021-10-11,Premium,4837.58
9750,Synthetic Customer 09750,customer09750@example.invalid,UK,2025-07-15,Premium,14587.27
9751,Synthetic Customer 09751,customer09751@example.invalid,Canada,2024-04-02,Premium,10860.59
9752,Synthetic Customer 09752,customer09752@example.invalid,Germany,2024-06-15,Premium,13673.29
9753,Synthetic Customer 09753,customer09753@example.invalid,USA,2022-01-29,Basic,19474.26
9754,Synthetic Customer 09754,customer09754@example.invalid,Germany,2022-07-28,Basic,2619.50
9755,Synthetic Customer 09755,customer09755@example.invalid,Singapore,2021-07-29,Standard,2962.20
9756,Synthetic Customer 09756,customer09756@example.invalid,USA,2024-07-16,Premium,3548.69
9757,Synthetic Customer 09757,customer09757@example.invalid,UK,2021-08-12,Premium,9440.18
9758,Synthetic Customer 09758,customer09758@example.invalid,Australia,2023-01-16,Premium,12521.82
9759,Synthetic Customer 09759,customer09759@example.invalid,UK,2024-08-14,Basic,1911.86
9760,Synthetic Customer 09760,customer09760@example.invalid,Singapore,2024-02-17,Premium,14287.91
9761,Synthetic Customer 09761,customer09761@example.invalid,India,2022-04-19,Standard,10075.51
9762,Synthetic Customer 09762,customer09762@example.invalid,Germany,2024-01-27,Standard,2861.70
9763,Synthetic Customer 09763,customer09763@example.invalid,USA,2020-08-26,Basic,18388.45
9764,Synthetic Customer 09764,customer09764@example.invalid,Singapore,2025-09-30,Basic,10281.79
9765,Synthetic Customer 09765,customer09765@example.invalid,Australia,2023-09-02,Basic,9607.72
9766,Synthetic Customer 09766,customer09766@example.invalid,Germany,2024-05-02,Standard,15840.63
9767,Synthetic Customer 09767,customer09767@example.invalid,UK,2022-12-31,Standard,7009.33
9768,Synthetic Customer 09768,customer09768@example.invalid,Germany,2020-11-19,Standard,1450.16
9769,Synthetic Customer 09769,customer09769@example.invalid,USA,2024-10-08,Premium,13608.35
9770,Synthetic Customer 09770,customer09770@example.invalid,Singapore,2024-07-30,Standard,14840.68
9771,Synthetic Customer 09771,customer09771@example.invalid,UK,2021-03-14,Premium,10675.32
9772,Synthetic Customer 09772,customer09772@example.invalid,Canada,2025-05-30,Standard,19162.58
9773,Synthetic Customer 09773,customer09773@example.invalid,Canada,2021-04-16,Premium,4360.36
9774,Synthetic Customer 09774,customer09774@example.invalid,Germany,2023-03-23,Basic,3427.34
9775,Synthetic Customer 09775,customer09775@example.invalid,USA,2025-10-12,Premium,15408.60
9776,Synthetic Customer 09776,customer09776@example.invalid,UK,2021-09-03,Premium,16977.57
9777,Synthetic Customer 09777,customer09777@example.invalid,Australia,2023-07-21,Basic,6852.22
9778,Synthetic Customer 09778,customer09778@example.invalid,India,2023-09-29,Standard,15352.82
9779,Synthetic Customer 09779,customer09779@example.invalid,USA,2021-02-05,Premium,8371.99
9780,Synthetic Customer 09780,customer09780@example.invalid,Singapore,2024-08-06,Premium,8315.04
9781,Synthetic Customer 09781,customer09781@example.invalid,Australia,2021-07-18,Basic,10760.75
9782,Synthetic Customer 09782,customer09782@example.invalid,Singapore,2021-09-18,Basic,13360.53
9783,Synthetic Customer 09783,customer09783@example.invalid,India,2022-04-19,Premium,10553.94
9784,Synthetic Customer 09784,customer09784@example.invalid,UK,2021-03-14,Premium,11294.62
9785,Synthetic Customer 09785,customer09785@example.invalid,Canada,2025-03-28,Premium,17731.27
9786,Synthetic Customer 09786,customer09786@example.invalid,UK,2025-06-15,Basic,18349.03
9787,Synthetic Customer 09787,customer09787@example.invalid,Singapore,2021-05-26,Premium,9052.04
9788,Synthetic Customer 09788,customer09788@example.invalid,UK,2022-01-12,Standard,284.68
9789,Synthetic Customer 09789,customer09789@example.invalid,USA,2025-02-20,Premium,12764.31
9790,Synthetic Customer 09790,customer09790@example.invalid,India,2024-04-27,Standard,9481.70
9791,Synthetic Customer 09791,customer09791@example.invalid,Germany,2021-06-18,Standard,6825.59
9792,Synthetic Customer 09792,customer09792@example.invalid,Canada,2022-04-28,Standard,7735.68
9793,Synthetic Customer 09793,customer09793@example.invalid,India,2021-05-17,Standard,2411.42
9794,Synthetic Customer 09794,customer09794@example.invalid,USA,2022-06-02,Basic,15583.04
9795,Synthetic Customer 09795,customer09795@example.invalid,Germany,2022-09-01,Basic,11304.09
9796,Synthetic Customer 09796,customer09796@example.invalid,India,2025-09-04,Premium,17437.34
9797,Synthetic Customer 09797,customer09797@example.invalid,Germany,2023-09-16,Standard,1176.65
9798,Synthetic Customer 09798,customer09798@example.invalid,Germany,2025-02-11,Basic,977.96
9799,Synthetic Customer 09799,customer09799@example.invalid,Singapore,2022-05-02,Standard,15804.43
9800,Synthetic Customer 09800,customer09800@example.invalid,Singapore,2024-08-15,Standard,15071.98
9801,Synthetic Customer 09801,customer09801@example.invalid,India,2024-02-24,Premium,16800.86
9802,Synthetic Customer 09802,customer09802@example.invalid,Germany,2022-11-27,Premium,9495.65
9803,Synthetic Customer 09803,customer09803@example.invalid,Australia,2022-03-08,Basic,7690.17
9804,Synthetic Customer 09804,customer09804@example.invalid,Germany,2020-08-22,Standard,12382.74
9805,Synthetic Customer 09805,customer09805@example.invalid,Australia,2024-06-24,Basic,10293.58
9806,Synthetic Customer 09806,customer09806@example.invalid,Australia,2025-01-14,Standard,11500.53
9807,Synthetic Customer 09807,customer09807@example.invalid,Australia,2025-09-16,Basic,17704.99
9808,Synthetic Customer 09808,customer09808@example.invalid,India,2024-07-23,Basic,2758.97
9809,Synthetic Customer 09809,customer09809@example.invalid,Singapore,2021-04-04,Standard,11189.03
9810,Synthetic Customer 09810,customer09810@example.invalid,Australia,2025-10-06,Basic,18252.40
9811,Synthetic Customer 09811,customer09811@example.invalid,India,2021-05-03,Premium,8948.52
9812,Synthetic Customer 09812,customer09812@example.invalid,USA,2025-07-28,Premium,17705.65
9813,Synthetic Customer 09813,customer09813@example.invalid,India,2024-07-14,Standard,16310.36
9814,Synthetic Customer 09814,customer09814@example.invalid,USA,2024-10-13,Premium,2012.94
9815,Synthetic Customer 09815,customer09815@example.invalid,UK,2023-09-12,Premium,15123.64
9816,Synthetic Customer 09816,customer09816@example.invalid,UK,2023-07-27,Basic,897.27
9817,Synthetic Customer 09817,customer09817@example.invalid,USA,2025-07-18,Premium,12265.11
9818,Synthetic Customer 09818,customer09818@example.invalid,Singapore,2021-08-20,Standard,17159.31
9819,Synthetic Customer 09819,customer09819@example.invalid,Canada,2025-09-05,Standard,11092.18
9820,Synthetic Customer 09820,customer09820@example.invalid,Australia,2025-07-07,Premium,10464.45
9821,Synthetic Customer 09821,customer09821@example.invalid,India,2023-05-19,Premium,10871.43
9822,Synthetic Customer 09822,customer09822@example.invalid,Canada,2023-10-30,Premium,5834.98
9823,Synthetic Customer 09823,customer09823@example.invalid,Australia,2023-12-01,Standard,951.39
9824,Synthetic Customer 09824,customer09824@example.invalid,USA,2020-11-26,Standard,13131.10
9825,Synthetic Customer 09825,customer09825@example.invalid,Australia,2020-06-30,Standard,11474.03
9826,Synthetic Customer 09826,customer09826@example.invalid,Singapore,2020-07-03,Premium,1634.44
9827,Synthetic Customer 09827,customer09827@example.invalid,USA,2023-04-10,Basic,18735.58
9828,Synthetic Customer 09828,customer09828@example.invalid,Singapore,2021-10-09,Basic,3899.14
9829,Synthetic Customer 09829,customer09829@example.invalid,Canada,2023-12-13,Standard,19822.77
9830,Synthetic Customer 09830,customer09830@example.invalid,India,2025-03-07,Premium,18846.13
9831,Synthetic Customer 09831,customer09831@example.invalid,Singapore,2020-11-28,Basic,7349.44
9832,Synthetic Customer 09832,customer09832@example.invalid,India,2024-08-05,Standard,11944.54
9833,Synthetic Customer 09833,customer09833@example.invalid,India,2021-09-29,Premium,18996.04
9834,Synthetic Customer 09834,customer09834@example.invalid,Australia,2024-01-08,Premium,14789.70
9835,Synthetic Customer 09835,customer09835@example.invalid,UK,2024-05-30,Premium,19659.20
9836,Synthetic Customer 09836,customer09836@example.invalid,India,2024-02-02,Premium,3493.24
9837,Synthetic Customer 09837,customer09837@example.invalid,Canada,2020-09-28,Basic,8442.87
9838,Synthetic Customer 09838,customer09838@example.invalid,India,2021-10-29,Premium,3134.77
9839,Synthetic Customer 09839,customer09839@example.invalid,India,2024-02-29,Premium,4768.11
9840,Synthetic Customer 09840,customer09840@example.invalid,Australia,2022-01-07,Standard,9822.70
9841,Synthetic Customer 09841,customer09841@example.invalid,Canada,2021-09-30,Premium,8858.04
9842,Synthetic Customer 09842,customer09842@example.invalid,Canada,2025-06-04,Basic,583.65
9843,Synthetic Customer 09843,customer09843@example.invalid,UK,2025-12-10,Basic,10580.46
9844,Synthetic Customer 09844,customer09844@example.invalid,India,2024-10-11,Premium,18539.83
9845,Synthetic Customer 09845,customer09845@example.invalid,UK,2022-06-15,Premium,6285.01
9846,Synthetic Customer 09846,customer09846@example.invalid,UK,2023-02-24,Standard,11018.05
9847,Synthetic Customer 09847,customer09847@example.invalid,USA,2025-07-19,Standard,3535.94
9848,Synthetic Customer 09848,customer09848@example.invalid,Germany,2021-11-14,Basic,5803.93
9849,Synthetic Customer 09849,customer09849@example.invalid,UK,2022-05-12,Basic,1889.25
9850,Synthetic Customer 09850,customer09850@example.invalid,Singapore,2021-04-03,Premium,14193.83
9851,Synthetic Customer 09851,customer09851@example.invalid,Singapore,2020-12-28,Premium,10615.57
9852,Synthetic Customer 09852,customer09852@example.invalid,Australia,2020-03-22,Basic,837.27
9853,Synthetic Customer 09853,customer09853@example.invalid,UK,2024-04-17,Basic,7051.98
9854,Synthetic Customer 09854,customer09854@example.invalid,Germany,2023-04-16,Standard,10967.20
9855,Synthetic Customer 09855,customer09855@example.invalid,USA,2023-09-29,Basic,709.58
9856,Synthetic Customer 09856,customer09856@example.invalid,Germany,2025-02-14,Premium,12942.47
9857,Synthetic Customer 09857,customer09857@example.invalid,Singapore,2023-12-14,Premium,19807.08
9858,Synthetic Customer 09858,customer09858@example.invalid,Canada,2021-02-18,Premium,5878.74
9859,Synthetic Customer 09859,customer09859@example.invalid,Canada,2025-05-09,Basic,16991.17
9860,Synthetic Customer 09860,customer09860@example.invalid,Singapore,2021-09-15,Premium,17112.03
9861,Synthetic Customer 09861,customer09861@example.invalid,Canada,2021-05-14,Premium,1624.71
9862,Synthetic Customer 09862,customer09862@example.invalid,India,2021-05-20,Basic,16607.01
9863,Synthetic Customer 09863,customer09863@example.invalid,USA,2025-07-03,Basic,7033.99
9864,Synthetic Customer 09864,customer09864@example.invalid,Australia,2025-04-10,Basic,14017.92
9865,Synthetic Customer 09865,customer09865@example.invalid,USA,2024-10-30,Premium,15092.97
9866,Synthetic Customer 09866,customer09866@example.invalid,UK,2021-02-04,Standard,4015.80
9867,Synthetic Customer 09867,customer09867@example.invalid,Australia,2022-04-24,Standard,8568.21
9868,Synthetic Customer 09868,customer09868@example.invalid,Germany,2021-09-23,Standard,1418.91
9869,Synthetic Customer 09869,customer09869@example.invalid,Germany,2025-10-09,Premium,8066.64
9870,Synthetic Customer 09870,customer09870@example.invalid,India,2021-08-02,Standard,2290.18
9871,Synthetic Customer 09871,customer09871@example.invalid,Singapore,2022-10-30,Standard,3614.18
9872,Synthetic Customer 09872,customer09872@example.invalid,Australia,2023-06-27,Basic,854.28
9873,Synthetic Customer 09873,customer09873@example.invalid,Germany,2024-02-11,Basic,2425.44
9874,Synthetic Customer 09874,customer09874@example.invalid,UK,2023-04-26,Standard,16683.33
9875,Synthetic Customer 09875,customer09875@example.invalid,UK,2020-11-10,Basic,17345.47
9876,Synthetic Customer 09876,customer09876@example.invalid,UK,2021-06-12,Standard,5698.00
9877,Synthetic Customer 09877,customer09877@example.invalid,Australia,2024-08-19,Premium,6119.77
9878,Synthetic Customer 09878,customer09878@example.invalid,Australia,2023-06-12,Standard,11668.62
9879,Synthetic Customer 09879,customer09879@example.invalid,Canada,2021-12-06,Basic,13717.98
9880,Synthetic Customer 09880,customer09880@example.invalid,USA,2025-12-07,Premium,10263.46
9881,Synthetic Customer 09881,customer09881@example.invalid,UK,2023-04-29,Standard,16539.02
9882,Synthetic Customer 09882,customer09882@example.invalid,Singapore,2024-02-10,Standard,11318.30
9883,Synthetic Customer 09883,customer09883@example.invalid,India,2025-10-14,Basic,19087.44
9884,Synthetic Customer 09884,customer09884@example.invalid,India,2021-02-15,Premium,14342.67
9885,Synthetic Customer 09885,customer09885@example.invalid,Australia,2025-07-12,Premium,19098.68
9886,Synthetic Customer 09886,customer09886@example.invalid,UK,2022-12-27,Premium,19713.39
9887,Synthetic Customer 09887,customer09887@example.invalid,Singapore,2022-06-11,Standard,15686.93
9888,Synthetic Customer 09888,customer09888@example.invalid,USA,2021-04-23,Standard,10650.61
9889,Synthetic Customer 09889,customer09889@example.invalid,India,2024-01-07,Basic,19283.09
9890,Synthetic Customer 09890,customer09890@example.invalid,USA,2025-11-17,Premium,6818.69
9891,Synthetic Customer 09891,customer09891@example.invalid,India,2024-04-29,Standard,13386.42
9892,Synthetic Customer 09892,customer09892@example.invalid,Australia,2022-09-03,Premium,12283.85
9893,Synthetic Customer 09893,customer09893@example.invalid,UK,2023-07-05,Premium,7048.07
9894,Synthetic Customer 09894,customer09894@example.invalid,Singapore,2020-07-01,Premium,414.95
9895,Synthetic Customer 09895,customer09895@example.invalid,Canada,2024-04-29,Premium,102.83
9896,Synthetic Customer 09896,customer09896@example.invalid,India,2025-07-04,Standard,10681.63
9897,Synthetic Customer 09897,customer09897@example.invalid,USA,2023-12-01,Basic,13751.26
9898,Synthetic Customer 09898,customer09898@example.invalid,UK,2020-11-01,Premium,13072.66
9899,Synthetic Customer 09899,customer09899@example.invalid,Singapore,2021-10-22,Standard,1433.12
9900,Synthetic Customer 09900,customer09900@example.invalid,Canada,2023-09-14,Basic,4932.51
9901,Synthetic Customer 09901,customer09901@example.invalid,India,2021-05-19,Basic,19982.22
9902,Synthetic Customer 09902,customer09902@example.invalid,Singapore,2020-12-16,Standard,6647.95
9903,Synthetic Customer 09903,customer09903@example.invalid,Canada,2020-03-15,Premium,201.66
9904,Synthetic Customer 09904,customer09904@example.invalid,Singapore,2023-08-18,Standard,4856.75
9905,Synthetic Customer 09905,customer09905@example.invalid,UK,2025-09-25,Standard,9359.11
9906,Synthetic Customer 09906,customer09906@example.invalid,Australia,2025-08-25,Premium,7001.87
9907,Synthetic Customer 09907,customer09907@example.invalid,Germany,2023-01-29,Basic,7092.23
9908,Synthetic Customer 09908,customer09908@example.invalid,Singapore,2024-08-18,Premium,4000.44
9909,Synthetic Customer 09909,customer09909@example.invalid,Canada,2021-04-07,Premium,18147.37
9910,Synthetic Customer 09910,customer09910@example.invalid,Singapore,2020-07-03,Basic,7425.15
9911,Synthetic Customer 09911,customer09911@example.invalid,India,2021-10-14,Basic,12983.82
9912,Synthetic Customer 09912,customer09912@example.invalid,Germany,2024-06-08,Basic,18241.07
9913,Synthetic Customer 09913,customer09913@example.invalid,Canada,2024-12-15,Basic,5452.40
9914,Synthetic Customer 09914,customer09914@example.invalid,USA,2025-03-15,Premium,13421.34
9915,Synthetic Customer 09915,customer09915@example.invalid,Australia,2024-12-17,Basic,11293.86
9916,Synthetic Customer 09916,customer09916@example.invalid,Canada,2024-08-04,Premium,1553.41
9917,Synthetic Customer 09917,customer09917@example.invalid,Canada,2025-08-07,Standard,11289.52
9918,Synthetic Customer 09918,customer09918@example.invalid,UK,2021-10-21,Premium,2513.25
9919,Synthetic Customer 09919,customer09919@example.invalid,USA,2023-07-13,Premium,3707.63
9920,Synthetic Customer 09920,customer09920@example.invalid,Australia,2025-10-27,Standard,1761.99
9921,Synthetic Customer 09921,customer09921@example.invalid,Australia,2022-03-12,Basic,6160.18
9922,Synthetic Customer 09922,customer09922@example.invalid,UK,2021-03-27,Basic,10371.50
9923,Synthetic Customer 09923,customer09923@example.invalid,India,2022-01-07,Standard,15489.02
9924,Synthetic Customer 09924,customer09924@example.invalid,Singapore,2020-09-01,Basic,13636.04
9925,Synthetic Customer 09925,,Singapore,2020-09-16,Standard,16224.27
9926,Synthetic Customer 09926,customer09926@example.invalid,Germany,2020-12-24,Basic,13696.26
9927,Synthetic Customer 09927,customer09927@example.invalid,Germany,2020-09-24,Basic,2683.67
9928,Synthetic Customer 09928,customer09928@example.invalid,Singapore,2023-07-13,Basic,9258.15
9929,Synthetic Customer 09929,customer09929@example.invalid,Canada,2025-08-14,Premium,337.75
9930,Synthetic Customer 09930,customer09930@example.invalid,Australia,2020-06-10,Standard,520.67
9931,Synthetic Customer 09931,customer09931@example.invalid,Germany,2025-02-06,Standard,19084.89
9932,Synthetic Customer 09932,customer09932@example.invalid,Germany,2020-06-12,Basic,15862.25
9933,Synthetic Customer 09933,customer09933@example.invalid,India,2025-12-17,Basic,17571.32
9934,Synthetic Customer 09934,customer09934@example.invalid,USA,2020-12-06,Premium,3197.54
9935,Synthetic Customer 09935,customer09935@example.invalid,Singapore,2021-10-26,Basic,11745.80
9936,Synthetic Customer 09936,customer09936@example.invalid,Canada,2025-09-22,Premium,4358.74
9937,Synthetic Customer 09937,customer09937@example.invalid,Singapore,2024-05-02,Basic,2540.23
9938,Synthetic Customer 09938,customer09938@example.invalid,Germany,2020-04-07,Basic,16137.86
9939,Synthetic Customer 09939,customer09939@example.invalid,Germany,2023-01-29,Basic,8930.65
9940,Synthetic Customer 09940,customer09940@example.invalid,UK,2022-07-11,Premium,1686.24
9941,Synthetic Customer 09941,customer09941@example.invalid,USA,2024-12-30,Premium,5900.15
9942,Synthetic Customer 09942,customer09942@example.invalid,USA,2023-06-21,Standard,5629.09
9943,Synthetic Customer 09943,customer09943@example.invalid,Singapore,2021-12-20,Standard,13355.52
9944,Synthetic Customer 09944,customer09944@example.invalid,India,2022-11-02,Premium,11008.54
9945,Synthetic Customer 09945,customer09945@example.invalid,Singapore,2024-09-22,Standard,16431.12
9946,Synthetic Customer 09946,customer09946@example.invalid,UK,2021-06-11,Premium,3014.19
9947,Synthetic Customer 09947,customer09947@example.invalid,UK,2021-10-11,Premium,9064.94
9948,Synthetic Customer 09948,customer09948@example.invalid,Australia,2020-06-04,Standard,4719.75
9949,Synthetic Customer 09949,customer09949@example.invalid,Singapore,2023-02-02,Standard,14837.51
9950,Synthetic Customer 09950,,Canada,2024-01-03,Premium,8768.20
9951,Synthetic Customer 09951,customer09951@example.invalid,Germany,2021-08-05,Basic,15666.61
9952,Synthetic Customer 09952,customer09952@example.invalid,Singapore,2020-11-19,Premium,7407.21
9953,Synthetic Customer 09953,customer09953@example.invalid,Singapore,2020-10-30,Standard,10151.47
9954,Synthetic Customer 09954,customer09954@example.invalid,USA,2023-08-03,Premium,17375.29
9955,Synthetic Customer 09955,customer09955@example.invalid,Germany,2021-08-07,Basic,12222.79
9956,Synthetic Customer 09956,customer09956@example.invalid,UK,2021-07-24,Basic,12509.33
9957,Synthetic Customer 09957,customer09957@example.invalid,UK,2024-02-26,Standard,4306.29
9958,Synthetic Customer 09958,customer09958@example.invalid,USA,2021-10-15,Standard,9440.76
9959,Synthetic Customer 09959,customer09959@example.invalid,Canada,2024-06-16,Premium,2148.00
9960,Synthetic Customer 09960,customer09960@example.invalid,India,2022-04-18,Standard,8374.10
9961,Synthetic Customer 09961,customer09961@example.invalid,USA,2021-12-01,Basic,896.08
9962,Synthetic Customer 09962,customer09962@example.invalid,USA,2022-07-03,Standard,3585.13
9963,Synthetic Customer 09963,customer09963@example.invalid,UK,2023-09-15,Premium,16237.31
9964,Synthetic Customer 09964,customer09964@example.invalid,USA,2020-09-13,Standard,19360.43
9965,Synthetic Customer 09965,customer09965@example.invalid,USA,2023-12-10,Premium,3547.11
9966,Synthetic Customer 09966,customer09966@example.invalid,Singapore,2023-12-05,Basic,623.52
9967,Synthetic Customer 09967,customer09967@example.invalid,India,2022-01-17,Basic,18977.36
9968,Synthetic Customer 09968,customer09968@example.invalid,UK,2025-04-15,Standard,648.84
9969,Synthetic Customer 09969,customer09969@example.invalid,Australia,2020-05-22,Standard,14981.11
9970,Synthetic Customer 09970,customer09970@example.invalid,Germany,2022-08-20,Standard,17523.86
9971,Synthetic Customer 09971,customer09971@example.invalid,Canada,2025-01-31,Standard,3439.57
9972,Synthetic Customer 09972,customer09972@example.invalid,India,2024-06-04,Premium,16123.92
9973,Synthetic Customer 09973,customer09973@example.invalid,Australia,2023-10-14,Basic,6874.44
9974,Synthetic Customer 09974,customer09974@example.invalid,Singapore,2022-09-16,Basic,19612.52
9975,Synthetic Customer 09975,customer09975@example.invalid,India,2025-08-04,Standard,13602.20
9976,Synthetic Customer 09976,customer09976@example.invalid,Singapore,2020-05-10,Basic,2734.18
9977,Synthetic Customer 09977,customer09977@example.invalid,Singapore,2024-12-06,Standard,5058.56
9978,Synthetic Customer 09978,customer09978@example.invalid,Singapore,2022-07-31,Premium,200.77
9979,Synthetic Customer 09979,customer09979@example.invalid,Germany,2022-02-03,Basic,1115.83
9980,Synthetic Customer 09980,customer09980@example.invalid,Canada,2024-04-09,Standard,12807.58
9981,Synthetic Customer 09981,customer09981@example.invalid,India,2025-09-30,Basic,19779.25
9982,Synthetic Customer 09982,customer09982@example.invalid,India,2021-07-04,Premium,11433.94
9983,Synthetic Customer 09983,customer09983@example.invalid,UK,2022-02-02,Basic,16885.34
9984,Synthetic Customer 09984,customer09984@example.invalid,Germany,invalid-date,Basic,2367.32
9985,Synthetic Customer 09985,customer09985@example.invalid,Canada,2023-07-21,Basic,19591.99
9986,Synthetic Customer 09986,customer09986@example.invalid,Canada,2020-05-18,Standard,18287.94
9987,Synthetic Customer 09987,customer09987@example.invalid,Australia,2022-10-29,Standard,18229.15
9988,Synthetic Customer 09988,customer09988@example.invalid,USA,2022-12-17,Premium,4351.07
9989,Synthetic Customer 09989,customer09989@example.invalid,Australia,2022-06-28,Premium,6941.74
9990,Synthetic Customer 09990,customer09990@example.invalid,Canada,2020-03-29,Standard,14792.03
1,Synthetic Customer 09991,customer09991@example.invalid,Australia,2020-12-12,Standard,665.59
2,Synthetic Customer 09992,customer09992@example.invalid,India,2023-01-18,Basic,3446.21
3,Synthetic Customer 09993,customer09993@example.invalid,Canada,2023-10-05,Premium,15450.65
4,Synthetic Customer 09994,customer09994@example.invalid,Singapore,2024-02-06,Premium,3622.28
5,Synthetic Customer 09995,customer09995@example.invalid,USA,2025-04-06,Basic,4727.04
6,Synthetic Customer 09996,customer09996@example.invalid,Singapore,2021-07-25,Premium,17340.09
7,Synthetic Customer 09997,customer09997@example.invalid,Australia,2025-03-28,Premium,8282.25
8,Synthetic Customer 09998,customer09998@example.invalid,USA,2024-04-08,Basic,17008.96
9,Synthetic Customer 09999,customer09999@example.invalid,Singapore,2025-04-11,Basic,5099.21
10,Synthetic Customer 10000,customer10000@example.invalid,India,2022-04-10,Premium,3881.14
